sku_id,week_start,weekly_units_sold,avg_unit_price,promotion_rate,list_price,reorder_point,on_hand_units,on_order_units,lag_1,lag_2,lag_4,rolling_mean_4,rolling_std_4,rolling_mean_8,inventory_gap,total_inventory,year,month,week,quarter
101,2024-12-30,32,0.0,0.0,350,0.0,0.0,0.0,0.0,0.0,0.0,0.0,0.0,0.0,0.0,0.0,2024,12,1,4
101,2025-01-06,157,250.0,1.0,350,82.0,0.0,0.0,32.0,0.0,0.0,32.0,0.0,32.0,0.0,0.0,2025,1,2,1
101,2025-02-03,127,250.0,0.2,350,82.0,28.0,12.0,157.0,32.0,0.0,94.5,88.38834764831844,94.5,-54.0,40.0,2025,2,6,1
101,2025-02-24,65,250.0,0.0,350,82.0,196.0,23.0,127.0,157.0,0.0,105.33333333333333,65.2559065015063,105.33333333333333,114.0,219.0,2025,2,9,1
101,2025-03-03,51,250.0,1.0,350,82.0,196.0,23.0,65.0,127.0,32.0,95.25,56.97002135626538,95.25,114.0,219.0,2025,3,10,1
101,2025-03-10,58,250.0,0.0,350,82.0,205.0,82.0,51.0,65.0,157.0,100.0,50.34547314969506,86.4,123.0,287.0,2025,3,11,1
101,2025-03-31,106,250.0,0.5,350,82.0,148.0,91.0,58.0,51.0,127.0,75.25,34.97022543059548,81.66666666666667,66.0,239.0,2025,3,14,1
101,2025-04-07,181,250.0,0.25,350,82.0,33.0,71.0,106.0,58.0,65.0,70.0,24.67117075995111,85.14285714285714,-49.0,104.0,2025,4,15,2
101,2025-04-28,30,250.0,0.4,350,82.0,38.0,33.0,181.0,106.0,51.0,99.0,59.88321968631947,97.125,-44.0,71.0,2025,4,18,2
101,2025-05-05,198,250.0,0.0,350,82.0,38.0,33.0,30.0,181.0,58.0,93.75,66.09273787641119,96.875,-44.0,71.0,2025,5,19,2
101,2025-05-26,27,250.0,0.3333333333333333,350,82.0,208.0,62.0,198.0,30.0,106.0,128.75,77.01677306491965,102.0,126.0,270.0,2025,5,22,2
101,2025-06-02,216,250.0,0.0,350,82.0,208.0,62.0,27.0,198.0,181.0,109.0,93.22016949137134,89.5,126.0,270.0,2025,6,23,2
101,2025-06-09,42,250.0,0.16666666666666666,350,82.0,244.0,12.0,216.0,27.0,30.0,117.75,103.32594059576714,108.375,162.0,256.0,2025,6,24,2
101,2025-06-30,102,250.0,1.0,350,82.0,146.0,11.0,42.0,216.0,198.0,120.75,100.05123687391375,107.25,64.0,157.0,2025,6,27,2
101,2025-07-07,173,250.0,0.0,350,82.0,146.0,11.0,102.0,42.0,27.0,96.75,85.85016016292573,112.75,64.0,157.0,2025,7,28,3
101,2025-07-28,55,250.0,0.6666666666666666,350,82.0,146.0,11.0,173.0,102.0,216.0,133.25,76.87815034195347,121.125,64.0,157.0,2025,7,31,3
101,2025-08-04,119,250.0,0.0,350,82.0,40.0,12.0,55.0,173.0,42.0,93.0,59.23399924592858,105.375,-42.0,52.0,2025,8,32,3
101,2025-08-11,24,250.0,0.25,350,82.0,43.0,66.0,119.0,55.0,102.0,112.25,48.71259248558495,116.5,-39.0,109.0,2025,8,33,3
101,2025-09-01,155,250.0,0.0,350,82.0,43.0,66.0,24.0,119.0,173.0,92.75,66.535078467427,94.75,-39.0,109.0,2025,9,36,3
101,2025-09-08,153,250.0,0.4,350,82.0,125.0,89.0,155.0,24.0,55.0,88.25,59.53920277150735,110.75,43.0,214.0,2025,9,37,3
101,2025-09-29,19,250.0,0.5,350,82.0,219.0,95.0,153.0,155.0,119.0,112.75,61.42949888557886,102.875,137.0,314.0,2025,9,40,3
101,2025-10-06,296,250.0,0.0,350,82.0,219.0,95.0,19.0,153.0,24.0,87.75,76.53049501124808,100.0,137.0,314.0,2025,10,41,4
101,2025-10-27,67,250.0,0.3333333333333333,350,82.0,212.0,58.0,296.0,19.0,155.0,155.75,113.10577645136726,124.25,130.0,270.0,2025,10,44,4
101,2025-11-03,122,250.0,0.0,350,82.0,92.0,3.0,67.0,296.0,153.0,133.75,121.54388782109393,111.0,10.0,95.0,2025,11,45,4
101,2025-11-10,32,250.0,0.5,350,82.0,34.0,45.0,122.0,67.0,19.0,126.0,120.89389287029074,119.375,-48.0,79.0,2025,11,46,4
101,2025-12-01,246,250.0,1.0,350,82.0,34.0,45.0,32.0,122.0,296.0,129.25,117.1761494503041,108.5,-48.0,79.0,2025,12,49,4
101,2025-12-08,38,250.0,0.2,350,82.0,213.0,88.0,246.0,32.0,67.0,116.75,93.79187953477991,136.25,131.0,301.0,2025,12,50,4
102,2024-12-30,113,0.0,0.0,999,0.0,0.0,0.0,0.0,0.0,0.0,0.0,0.0,0.0,0.0,0.0,2024,12,1,4
102,2025-01-06,204,1500.0,0.3333333333333333,999,55.0,165.0,16.0,113.0,0.0,0.0,113.0,0.0,113.0,110.0,181.0,2025,1,2,1
102,2025-02-03,83,1500.0,0.3333333333333333,999,55.0,78.0,94.0,204.0,113.0,0.0,158.5,64.34671708797582,158.5,23.0,172.0,2025,2,6,1
102,2025-02-10,38,1500.0,0.5,999,55.0,144.0,31.0,83.0,204.0,0.0,133.33333333333334,63.010581122009455,133.33333333333334,89.0,175.0,2025,2,7,1
102,2025-02-24,50,1500.0,0.0,999,55.0,144.0,31.0,38.0,83.0,113.0,109.5,70.13558298039591,109.5,89.0,175.0,2025,2,9,1
102,2025-03-03,93,1500.0,0.0,999,55.0,144.0,31.0,50.0,38.0,204.0,93.75,75.92265801458745,97.6,89.0,175.0,2025,3,10,1
102,2025-03-10,62,1500.0,0.5,999,55.0,47.0,91.0,93.0,50.0,83.0,66.0,26.19160170741759,96.83333333333333,-8.0,138.0,2025,3,11,1
102,2025-03-31,197,1500.0,0.5,999,55.0,107.0,11.0,62.0,93.0,38.0,60.75,23.62731470142132,91.85714285714286,52.0,118.0,2025,3,14,1
102,2025-04-07,178,1500.0,0.0,999,55.0,149.0,15.0,197.0,62.0,50.0,100.5,66.83561924602779,105.0,94.0,164.0,2025,4,15,2
102,2025-04-28,77,1500.0,0.25,999,55.0,52.0,69.0,178.0,197.0,93.0,132.5,65.22014003869255,113.125,-3.0,121.0,2025,4,18,2
102,2025-05-05,144,1500.0,0.0,999,55.0,52.0,69.0,77.0,178.0,62.0,128.5,68.84039511798287,97.25,-3.0,121.0,2025,5,19,2
102,2025-05-12,19,1500.0,0.3333333333333333,999,55.0,14.0,12.0,144.0,77.0,197.0,149.0,52.7699409386316,104.875,-41.0,26.0,2025,5,20,2
102,2025-05-26,30,1500.0,0.0,999,55.0,14.0,12.0,19.0,144.0,178.0,104.5,70.7789987684671,102.5,-41.0,26.0,2025,5,22,2
102,2025-06-02,112,1500.0,1.0,999,55.0,14.0,12.0,30.0,19.0,77.0,67.5,56.8653380071434,100.0,-41.0,26.0,2025,6,23,2
102,2025-06-30,120,1500.0,0.25,999,55.0,180.0,50.0,112.0,30.0,144.0,76.25,61.33174816792143,102.375,125.0,230.0,2025,6,27,2
102,2025-07-07,113,1500.0,0.0,999,55.0,155.0,78.0,120.0,112.0,19.0,70.25,53.118578043216985,109.625,100.0,233.0,2025,7,28,3
102,2025-07-28,42,1500.0,0.0,999,55.0,67.0,40.0,113.0,120.0,30.0,93.75,42.64875926292191,99.125,12.0,107.0,2025,7,31,3
102,2025-08-04,96,1500.0,1.0,999,55.0,67.0,40.0,42.0,113.0,112.0,96.75,36.673105495262696,82.125,12.0,107.0,2025,8,32,3
102,2025-08-11,24,1500.0,0.5,999,55.0,239.0,24.0,96.0,42.0,120.0,92.75,35.30226621620772,84.5,184.0,263.0,2025,8,33,3
102,2025-09-01,149,1500.0,0.0,999,55.0,239.0,24.0,24.0,96.0,113.0,68.75,42.50000000000001,69.5,184.0,263.0,2025,9,36,3
102,2025-09-08,209,1500.0,0.75,999,55.0,213.0,26.0,149.0,24.0,42.0,77.75,56.50000000000001,85.75,158.0,239.0,2025,9,37,3
102,2025-09-29,108,1500.0,0.5,999,55.0,194.0,81.0,209.0,149.0,96.0,119.5,78.64053238205686,108.125,139.0,275.0,2025,9,40,3
102,2025-10-06,36,1500.0,0.0,999,55.0,194.0,81.0,108.0,209.0,24.0,122.5,77.6680972686555,107.625,139.0,275.0,2025,10,41,4
102,2025-10-27,25,1500.0,0.0,999,55.0,216.0,77.0,36.0,108.0,149.0,125.5,72.66590213665096,97.125,161.0,293.0,2025,10,44,4
102,2025-11-03,122,1500.0,0.0,999,55.0,206.0,18.0,25.0,36.0,209.0,94.5,84.74471468278519,86.125,151.0,224.0,2025,11,45,4
102,2025-11-10,77,1500.0,0.5,999,55.0,148.0,100.0,122.0,25.0,108.0,72.75,49.32460508373754,96.125,93.0,248.0,2025,11,46,4
102,2025-12-01,183,1500.0,1.0,999,55.0,15.0,48.0,77.0,122.0,36.0,65.0,44.09837487557412,93.75,-40.0,63.0,2025,12,49,4
102,2025-12-08,111,1500.0,0.14285714285714285,999,55.0,219.0,51.0,183.0,77.0,25.0,101.75,67.11867599011967,113.625,164.0,270.0,2025,12,50,4
103,2024-12-30,30,0.0,0.0,750,0.0,0.0,0.0,0.0,0.0,0.0,0.0,0.0,0.0,0.0,0.0,2024,12,1,4
103,2025-01-06,127,700.0,0.0,750,89.0,0.0,0.0,30.0,0.0,0.0,30.0,0.0,30.0,0.0,0.0,2025,1,2,1
103,2025-02-03,181,700.0,0.3333333333333333,750,89.0,114.0,14.0,127.0,30.0,0.0,78.5,68.58935777509511,78.5,25.0,128.0,2025,2,6,1
103,2025-02-10,118,700.0,0.16666666666666666,750,89.0,150.0,14.0,181.0,127.0,0.0,112.66666666666667,76.51361534611559,112.66666666666667,61.0,164.0,2025,2,7,1
103,2025-02-24,20,700.0,0.5,750,89.0,142.0,13.0,118.0,181.0,30.0,114.0,62.52999280345393,114.0,53.0,155.0,2025,2,9,1
103,2025-03-03,124,700.0,0.0,750,89.0,241.0,12.0,20.0,118.0,127.0,111.5,67.04476116744694,95.2,152.0,253.0,2025,3,10,1
103,2025-03-10,26,700.0,0.3333333333333333,750,89.0,120.0,6.0,124.0,20.0,181.0,110.75,66.8300082298364,100.0,31.0,126.0,2025,3,11,1
103,2025-03-31,113,700.0,0.0,750,89.0,120.0,6.0,26.0,124.0,118.0,72.0,56.68627111861684,89.42857142857143,31.0,126.0,2025,3,14,1
103,2025-04-07,133,700.0,0.3333333333333333,750,89.0,120.0,6.0,113.0,26.0,20.0,70.75,55.37373023374893,92.375,31.0,126.0,2025,4,15,2
103,2025-04-28,113,700.0,0.5,750,89.0,119.0,20.0,133.0,113.0,124.0,99.0,49.34909658072104,105.25,30.0,139.0,2025,4,18,2
103,2025-05-05,149,700.0,0.5,750,89.0,162.0,90.0,113.0,133.0,26.0,96.25,47.77290026782966,103.5,73.0,252.0,2025,5,19,2
103,2025-05-12,63,700.0,0.25,750,89.0,24.0,97.0,149.0,113.0,113.0,127.0,17.435595774162678,99.5,-65.0,121.0,2025,5,20,2
103,2025-05-26,82,700.0,1.0,750,89.0,24.0,97.0,63.0,149.0,133.0,114.5,37.35862238716339,92.625,-65.0,121.0,2025,5,22,2
103,2025-06-02,224,700.0,1.0,750,89.0,61.0,75.0,82.0,63.0,113.0,101.75,37.64195354477057,100.375,-28.0,136.0,2025,6,23,2
103,2025-06-09,42,700.0,0.0,750,89.0,196.0,90.0,224.0,82.0,149.0,129.5,73.0045660672445,112.875,107.0,286.0,2025,6,24,2
103,2025-06-30,180,700.0,0.0,750,89.0,196.0,90.0,42.0,224.0,63.0,102.75,82.46767043312589,114.875,107.0,286.0,2025,6,27,2
103,2025-07-07,139,700.0,0.5,750,89.0,90.0,51.0,180.0,42.0,82.0,132.0,84.3958924750883,123.25,1.0,141.0,2025,7,28,3
103,2025-07-28,82,700.0,0.2,750,89.0,31.0,64.0,139.0,180.0,224.0,146.25,77.68472608348868,124.0,-58.0,95.0,2025,7,31,3
103,2025-08-04,114,700.0,0.0,750,89.0,136.0,53.0,82.0,139.0,42.0,110.75,60.955584923231875,120.125,47.0,189.0,2025,8,32,3
103,2025-09-01,106,700.0,0.0,750,89.0,125.0,69.0,114.0,82.0,180.0,128.75,41.37128633887679,115.75,36.0,194.0,2025,9,36,3
103,2025-09-08,87,700.0,0.25,750,89.0,223.0,1.0,106.0,114.0,139.0,110.25,23.500000000000004,121.125,134.0,224.0,2025,9,37,3
103,2025-09-29,23,700.0,0.5,750,89.0,120.0,60.0,87.0,106.0,82.0,97.25,15.217862311551299,121.75,31.0,180.0,2025,9,40,3
103,2025-10-06,71,700.0,0.0,750,89.0,229.0,98.0,23.0,87.0,114.0,82.5,41.25126260693928,96.625,140.0,327.0,2025,10,41,4
103,2025-11-03,107,700.0,0.0,750,89.0,45.0,53.0,71.0,23.0,106.0,71.75,35.50938842991621,100.25,-44.0,98.0,2025,11,45,4
103,2025-11-10,52,700.0,1.0,750,89.0,98.0,52.0,107.0,71.0,87.0,72.0,35.832945734337834,91.125,9.0,150.0,2025,11,46,4
103,2025-12-01,159,700.0,0.0,750,89.0,98.0,52.0,52.0,107.0,23.0,63.25,35.21718330588067,80.25,9.0,150.0,2025,12,49,4
103,2025-12-08,95,700.0,0.5,750,89.0,19.0,97.0,159.0,52.0,71.0,97.25,47.0629011713756,89.875,-70.0,116.0,2025,12,50,4
104,2025-01-06,246,0.0,0.0,350,0.0,0.0,0.0,0.0,0.0,0.0,0.0,0.0,0.0,0.0,0.0,2025,1,2,1
104,2025-01-27,90,1500.0,0.3333333333333333,350,76.0,214.0,85.0,246.0,0.0,0.0,246.0,0.0,246.0,138.0,299.0,2025,1,5,1
104,2025-02-03,68,1500.0,1.0,350,76.0,214.0,85.0,90.0,246.0,0.0,168.0,110.30865786510141,168.0,138.0,299.0,2025,2,6,1
104,2025-02-10,24,1500.0,0.0,350,76.0,118.0,15.0,68.0,90.0,0.0,134.66666666666666,97.04294581953565,134.66666666666666,42.0,133.0,2025,2,7,1
104,2025-03-03,244,1500.0,0.0,350,76.0,248.0,74.0,24.0,68.0,246.0,107.0,96.64367542679655,107.0,172.0,322.0,2025,3,10,1
104,2025-03-10,25,1500.0,0.8,350,76.0,90.0,40.0,244.0,24.0,90.0,106.5,95.68524790513251,134.4,14.0,130.0,2025,3,11,1
104,2025-03-31,171,1500.0,0.0,350,76.0,90.0,40.0,25.0,244.0,68.0,90.25,104.53189305980575,116.16666666666667,14.0,130.0,2025,3,14,1
104,2025-04-07,225,1500.0,0.6666666666666666,350,76.0,121.0,37.0,171.0,25.0,24.0,116.0,109.7785649994266,124.0,45.0,158.0,2025,4,15,2
104,2025-04-28,86,1500.0,1.0,350,76.0,250.0,18.0,225.0,171.0,244.0,166.25,99.11399161235175,136.625,174.0,268.0,2025,4,18,2
104,2025-05-05,128,1500.0,1.0,350,76.0,92.0,0.0,86.0,225.0,25.0,126.75,88.74072721511058,116.625,16.0,92.0,2025,5,19,2
104,2025-06-02,113,1500.0,0.0,350,76.0,223.0,20.0,128.0,86.0,171.0,152.5,59.50070027599116,121.375,147.0,243.0,2025,6,23,2
104,2025-06-09,135,1500.0,0.0,350,76.0,147.0,88.0,113.0,128.0,225.0,138.0,60.54750201288242,127.0,71.0,235.0,2025,6,24,2
104,2025-06-30,235,1500.0,0.5,350,76.0,147.0,88.0,135.0,113.0,86.0,115.5,21.70253441421072,140.875,71.0,235.0,2025,6,27,2
104,2025-07-07,73,1500.0,0.4,350,76.0,134.0,97.0,235.0,135.0,128.0,152.75,55.59601304650062,139.75,58.0,231.0,2025,7,28,3
104,2025-08-04,27,1500.0,0.0,350,76.0,231.0,15.0,73.0,235.0,113.0,139.0,68.95409100747153,145.75,155.0,246.0,2025,8,32,3
104,2025-08-11,35,1500.0,0.0,350,76.0,231.0,15.0,27.0,73.0,135.0,117.5,89.96851301057127,127.75,155.0,246.0,2025,8,33,3
104,2025-09-01,135,1500.0,0.0,350,76.0,231.0,15.0,35.0,27.0,235.0,92.5,97.09617225548423,104.0,155.0,246.0,2025,9,36,3
104,2025-09-08,93,1500.0,0.3333333333333333,350,76.0,45.0,49.0,135.0,35.0,73.0,67.5,49.27135746726151,110.125,-31.0,94.0,2025,9,37,3
104,2025-09-29,53,1500.0,0.3333333333333333,350,76.0,62.0,91.0,93.0,135.0,27.0,72.5,51.0,105.75,-14.0,153.0,2025,9,40,3
104,2025-10-06,169,1500.0,0.5,350,76.0,154.0,8.0,53.0,93.0,35.0,79.0,44.5121706203296,98.25,78.0,162.0,2025,10,41,4
104,2025-10-27,29,1500.0,1.0,350,76.0,37.0,69.0,169.0,53.0,135.0,112.5,50.3951055824538,102.5,-39.0,106.0,2025,10,44,4
104,2025-11-03,164,1500.0,1.0,350,76.0,219.0,46.0,29.0,169.0,93.0,86.0,61.30796576846003,76.75,143.0,265.0,2025,11,45,4
104,2025-11-10,57,1500.0,0.25,350,76.0,132.0,34.0,164.0,29.0,53.0,103.75,73.14540313649245,88.125,56.0,166.0,2025,11,46,4
104,2025-12-01,181,1500.0,0.5,350,76.0,132.0,34.0,57.0,164.0,169.0,104.75,72.24206992235665,91.875,56.0,166.0,2025,12,49,4
104,2025-12-08,93,1500.0,0.2,350,76.0,93.0,36.0,181.0,57.0,29.0,107.75,75.95338482692307,110.125,17.0,129.0,2025,12,50,4
105,2024-12-30,111,0.0,0.0,450,0.0,0.0,0.0,0.0,0.0,0.0,0.0,0.0,0.0,0.0,0.0,2024,12,1,4
105,2025-01-06,105,650.0,0.5,450,27.0,0.0,0.0,111.0,0.0,0.0,111.0,0.0,111.0,0.0,0.0,2025,1,2,1
105,2025-01-27,48,650.0,0.3333333333333333,450,27.0,142.0,86.0,105.0,111.0,0.0,108.0,4.242640687119285,108.0,115.0,228.0,2025,1,5,1
105,2025-02-03,93,650.0,0.0,450,27.0,142.0,86.0,48.0,105.0,0.0,88.0,34.77067730142742,88.0,115.0,228.0,2025,2,6,1
105,2025-02-10,23,650.0,0.5,450,27.0,142.0,86.0,93.0,48.0,111.0,89.25,28.5,89.25,115.0,228.0,2025,2,7,1
105,2025-02-24,58,650.0,0.0,450,27.0,142.0,86.0,23.0,93.0,105.0,67.25,38.36991008589934,76.0,115.0,228.0,2025,2,9,1
105,2025-03-03,107,650.0,0.0,450,27.0,110.0,3.0,58.0,23.0,48.0,55.5,29.011491975882016,73.0,83.0,113.0,2025,3,10,1
105,2025-03-10,99,650.0,0.3333333333333333,450,27.0,219.0,18.0,107.0,58.0,93.0,70.25,37.64195354477059,77.85714285714286,192.0,237.0,2025,3,11,1
105,2025-03-31,188,650.0,0.0,450,27.0,193.0,65.0,99.0,107.0,23.0,71.75,38.9476143899298,80.5,166.0,258.0,2025,3,14,1
105,2025-04-07,121,650.0,0.2,450,27.0,81.0,29.0,188.0,99.0,58.0,113.0,54.41200847852123,90.125,54.0,110.0,2025,4,15,2
105,2025-04-28,49,650.0,0.6666666666666666,450,27.0,223.0,22.0,121.0,188.0,107.0,128.75,40.53290844075547,92.125,196.0,245.0,2025,4,18,2
105,2025-05-05,90,650.0,0.0,450,27.0,104.0,30.0,49.0,121.0,99.0,114.25,57.66209037718514,92.25,77.0,134.0,2025,5,19,2
105,2025-05-12,54,650.0,0.6666666666666666,450,27.0,215.0,14.0,90.0,49.0,188.0,112.0,58.62308987648695,91.875,188.0,229.0,2025,5,20,2
105,2025-05-26,26,650.0,0.0,450,27.0,31.0,17.0,54.0,90.0,121.0,78.5,33.70954365359065,95.75,4.0,48.0,2025,5,22,2
105,2025-06-02,86,650.0,0.0,450,27.0,31.0,17.0,26.0,54.0,49.0,54.75,26.474830814693917,91.75,4.0,48.0,2025,6,23,2
105,2025-06-09,32,650.0,0.0,450,27.0,31.0,13.0,86.0,26.0,90.0,64.0,30.02221399786054,89.125,4.0,44.0,2025,6,24,2
105,2025-06-30,83,650.0,0.0,450,27.0,31.0,13.0,32.0,86.0,54.0,49.5,27.147743920996454,80.75,4.0,44.0,2025,6,27,2
105,2025-07-07,76,650.0,0.0,450,27.0,31.0,13.0,83.0,32.0,26.0,56.75,32.159757461772,67.625,4.0,44.0,2025,7,28,3
105,2025-07-28,53,650.0,0.0,450,27.0,187.0,47.0,76.0,83.0,86.0,69.25,25.184320518926057,62.0,160.0,234.0,2025,7,31,3
105,2025-08-04,293,650.0,0.0,450,27.0,198.0,92.0,53.0,76.0,32.0,61.0,23.194827009486403,62.5,171.0,290.0,2025,8,32,3
105,2025-08-11,45,650.0,0.3333333333333333,450,27.0,199.0,37.0,293.0,53.0,83.0,126.25,111.90285965961726,87.875,172.0,236.0,2025,8,33,3
105,2025-09-01,220,650.0,0.0,450,27.0,222.0,19.0,45.0,293.0,76.0,116.75,118.2324687497756,86.75,195.0,241.0,2025,9,36,3
105,2025-09-08,66,650.0,0.4,450,27.0,175.0,40.0,220.0,45.0,53.0,152.75,123.49460177135948,111.0,148.0,215.0,2025,9,37,3
105,2025-09-29,184,650.0,0.0,450,27.0,73.0,22.0,66.0,220.0,293.0,156.0,120.11938505781099,108.5,46.0,95.0,2025,9,40,3
105,2025-10-06,134,650.0,0.25,450,27.0,201.0,24.0,184.0,66.0,45.0,128.75,86.27620374896738,127.5,174.0,225.0,2025,10,41,4
105,2025-10-27,22,650.0,0.0,450,27.0,206.0,16.0,134.0,184.0,220.0,151.0,66.74328930062306,133.875,179.0,222.0,2025,10,44,4
105,2025-11-03,105,650.0,0.0,450,27.0,206.0,16.0,22.0,134.0,66.0,101.5,71.74724152653303,127.125,179.0,222.0,2025,11,45,4
105,2025-11-10,96,650.0,0.0,450,27.0,206.0,16.0,105.0,22.0,184.0,111.25,67.85953629864166,133.625,179.0,222.0,2025,11,46,4
105,2025-12-01,113,650.0,0.5,450,27.0,110.0,21.0,96.0,105.0,134.0,89.25,47.675115801292655,109.0,83.0,131.0,2025,12,49,4
105,2025-12-08,110,650.0,0.0,450,27.0,113.0,43.0,113.0,96.0,22.0,84.0,41.912607490666396,117.5,86.0,156.0,2025,12,50,4
106,2024-12-30,117,0.0,0.0,850,0.0,0.0,0.0,0.0,0.0,0.0,0.0,0.0,0.0,0.0,0.0,2024,12,1,4
106,2025-01-06,107,1200.0,0.6666666666666666,850,99.0,0.0,0.0,117.0,0.0,0.0,117.0,0.0,117.0,0.0,0.0,2025,1,2,1
106,2025-02-03,195,1200.0,0.0,850,99.0,239.0,84.0,107.0,117.0,0.0,112.0,7.0710678118654755,112.0,140.0,323.0,2025,2,6,1
106,2025-02-10,79,1200.0,0.5,850,99.0,28.0,91.0,195.0,107.0,0.0,139.66666666666666,48.18021724041242,139.66666666666666,-71.0,119.0,2025,2,7,1
106,2025-02-24,51,1200.0,0.5,850,99.0,131.0,74.0,79.0,195.0,117.0,124.5,49.67561440653419,124.5,32.0,205.0,2025,2,9,1
106,2025-03-03,77,1200.0,0.0,850,99.0,131.0,74.0,51.0,79.0,107.0,108.0,62.3431364840322,109.8,32.0,205.0,2025,3,10,1
106,2025-03-31,110,1200.0,0.0,850,99.0,131.0,74.0,77.0,51.0,195.0,100.5,64.27804187019598,104.33333333333333,32.0,205.0,2025,3,14,1
106,2025-04-07,85,1200.0,0.0,850,99.0,249.0,74.0,110.0,77.0,79.0,79.25,24.143667216615345,105.14285714285714,150.0,323.0,2025,4,15,2
106,2025-04-28,59,1200.0,0.3333333333333333,850,99.0,81.0,67.0,85.0,110.0,51.0,80.75,24.308777564218786,102.625,-18.0,148.0,2025,4,18,2
106,2025-05-05,193,1200.0,0.5,850,99.0,81.0,67.0,59.0,85.0,77.0,82.75,21.17191535974013,95.375,-18.0,148.0,2025,5,19,2
106,2025-05-12,29,1200.0,0.6,850,99.0,153.0,95.0,193.0,59.0,110.0,111.75,58.03088258275358,106.125,54.0,248.0,2025,5,20,2
106,2025-06-02,164,1200.0,0.0,850,99.0,90.0,40.0,29.0,193.0,85.0,91.5,71.43061901827068,85.375,-9.0,130.0,2025,6,23,2
106,2025-06-30,134,1200.0,0.0,850,99.0,78.0,90.0,164.0,29.0,59.0,111.25,79.5,96.0,-21.0,168.0,2025,6,27,2
106,2025-07-07,135,1200.0,0.25,850,99.0,195.0,18.0,134.0,164.0,193.0,130.0,71.51223671512449,106.375,96.0,213.0,2025,7,28,3
106,2025-07-28,38,1200.0,0.5,850,99.0,182.0,26.0,135.0,134.0,29.0,115.5,59.321159799855565,113.625,83.0,208.0,2025,7,31,3
106,2025-08-04,133,1200.0,1.0,850,99.0,73.0,4.0,38.0,135.0,164.0,117.75,54.956801216955846,104.625,-26.0,77.0,2025,8,32,3
106,2025-09-01,147,1200.0,0.0,850,99.0,171.0,6.0,133.0,38.0,134.0,110.0,48.00694394217014,110.625,72.0,177.0,2025,9,36,3
106,2025-09-08,109,1200.0,0.75,850,99.0,171.0,6.0,147.0,133.0,135.0,113.25,50.54618350248282,121.625,72.0,177.0,2025,9,37,3
106,2025-09-29,80,1200.0,0.3333333333333333,850,99.0,225.0,7.0,109.0,147.0,38.0,106.75,48.444985980663326,111.125,126.0,232.0,2025,9,40,3
106,2025-10-06,138,1200.0,0.0,850,99.0,225.0,7.0,80.0,109.0,133.0,117.25,29.37544325906702,117.5,126.0,232.0,2025,10,41,4
106,2025-10-27,84,1200.0,0.3333333333333333,850,99.0,156.0,86.0,138.0,80.0,147.0,118.5,30.35896353083659,114.25,57.0,242.0,2025,10,44,4
106,2025-11-03,197,1200.0,1.0,850,99.0,156.0,86.0,84.0,138.0,109.0,102.75,26.775299562594366,108.0,57.0,242.0,2025,11,45,4
106,2025-11-10,88,1200.0,0.4,850,99.0,156.0,86.0,197.0,84.0,80.0,124.75,54.95073551221432,115.75,57.0,242.0,2025,11,46,4
106,2025-12-01,187,1200.0,0.3333333333333333,850,99.0,156.0,86.0,88.0,197.0,138.0,126.75,52.885883434681,122.0,57.0,242.0,2025,12,49,4
106,2025-12-08,61,1200.0,0.16666666666666666,850,99.0,147.0,85.0,187.0,88.0,84.0,139.0,61.35687953821206,128.75,48.0,232.0,2025,12,50,4
107,2024-12-30,158,0.0,0.0,1200,0.0,0.0,0.0,0.0,0.0,0.0,0.0,0.0,0.0,0.0,0.0,2024,12,1,4
107,2025-01-06,209,550.0,0.6666666666666666,1200,81.0,190.0,48.0,158.0,0.0,0.0,158.0,0.0,158.0,109.0,238.0,2025,1,2,1
107,2025-01-27,61,550.0,0.5,1200,81.0,116.0,26.0,209.0,158.0,0.0,183.5,36.062445840513924,183.5,35.0,142.0,2025,1,5,1
107,2025-02-03,100,550.0,0.5,1200,81.0,116.0,26.0,61.0,209.0,0.0,142.66666666666666,75.18200139217718,142.66666666666666,35.0,142.0,2025,2,6,1
107,2025-02-10,27,550.0,0.0,1200,81.0,200.0,44.0,100.0,61.0,158.0,132.0,64.98717822257967,132.0,119.0,244.0,2025,2,7,1
107,2025-02-24,53,550.0,0.0,1200,81.0,33.0,21.0,27.0,100.0,209.0,99.25,79.01212987046145,111.0,-48.0,54.0,2025,2,9,1
107,2025-03-03,158,550.0,0.0,1200,81.0,185.0,39.0,53.0,27.0,61.0,60.25,30.21451086260816,101.33333333333333,104.0,224.0,2025,3,10,1
107,2025-03-10,23,550.0,0.6666666666666666,1200,81.0,185.0,39.0,158.0,53.0,100.0,84.5,57.56445662617399,109.42857142857143,104.0,224.0,2025,3,11,1
107,2025-03-31,35,550.0,0.0,1200,81.0,106.0,57.0,23.0,158.0,27.0,65.25,63.24752959602454,98.625,25.0,163.0,2025,3,14,1
107,2025-04-07,174,550.0,1.0,1200,81.0,127.0,73.0,35.0,23.0,53.0,67.25,61.743420702128255,83.25,46.0,200.0,2025,4,15,2
107,2025-05-05,210,550.0,0.0,1200,81.0,67.0,88.0,174.0,35.0,158.0,97.5,79.51729371652434,78.875,-14.0,155.0,2025,5,19,2
107,2025-05-12,28,550.0,0.6666666666666666,1200,81.0,125.0,92.0,210.0,174.0,23.0,110.5,95.37469965002948,97.5,44.0,217.0,2025,5,20,2
107,2025-05-26,20,550.0,0.0,1200,81.0,180.0,88.0,28.0,210.0,35.0,111.75,93.86648319110856,88.5,99.0,268.0,2025,5,22,2
107,2025-06-02,328,550.0,0.0,1200,81.0,114.0,38.0,20.0,28.0,174.0,108.0,98.15633788333113,87.625,33.0,152.0,2025,6,23,2
107,2025-06-09,95,550.0,0.6666666666666666,1200,81.0,183.0,40.0,328.0,20.0,210.0,146.5,149.4646000451835,122.0,102.0,223.0,2025,6,24,2
107,2025-06-30,132,550.0,0.5,1200,81.0,33.0,37.0,95.0,328.0,28.0,117.75,144.14431425947168,114.125,-48.0,70.0,2025,6,27,2
107,2025-07-07,72,550.0,0.5,1200,81.0,177.0,26.0,132.0,95.0,20.0,143.75,131.37319615000112,127.75,96.0,203.0,2025,7,28,3
107,2025-07-28,16,550.0,0.3333333333333333,1200,81.0,49.0,48.0,72.0,132.0,328.0,156.75,116.8114577713448,132.375,-32.0,97.0,2025,7,31,3
107,2025-08-04,110,550.0,0.0,1200,81.0,45.0,7.0,16.0,72.0,95.0,78.75,48.589264932355874,112.625,-36.0,52.0,2025,8,32,3
107,2025-09-01,98,550.0,0.25,1200,81.0,175.0,59.0,110.0,16.0,132.0,82.5,50.790419044015266,100.125,94.0,234.0,2025,9,36,3
107,2025-09-08,140,550.0,1.0,1200,81.0,184.0,19.0,98.0,110.0,72.0,74.0,41.793141383086635,108.875,103.0,203.0,2025,9,37,3
107,2025-09-29,80,550.0,0.25,1200,81.0,184.0,19.0,140.0,98.0,16.0,91.0,53.02829433425143,123.875,103.0,203.0,2025,9,40,3
107,2025-10-06,109,550.0,0.3333333333333333,1200,81.0,184.0,19.0,80.0,140.0,110.0,107.0,25.21904042583702,92.875,103.0,203.0,2025,10,41,4
107,2025-11-03,157,550.0,0.25,1200,81.0,180.0,60.0,109.0,80.0,98.0,106.75,25.184320518926093,94.625,99.0,240.0,2025,11,45,4
107,2025-11-10,104,550.0,0.3333333333333333,1200,81.0,123.0,30.0,157.0,109.0,140.0,121.5,34.06366588218795,97.75,42.0,153.0,2025,11,46,4
107,2025-12-01,169,550.0,0.0,1200,81.0,86.0,62.0,104.0,157.0,80.0,112.5,32.254198693090096,101.75,5.0,148.0,2025,12,49,4
107,2025-12-08,109,550.0,0.2,1200,81.0,86.0,62.0,169.0,104.0,109.0,134.75,33.04920573932151,120.875,5.0,148.0,2025,12,50,4
108,2024-12-30,121,0.0,0.0,1200,0.0,0.0,0.0,0.0,0.0,0.0,0.0,0.0,0.0,0.0,0.0,2024,12,1,4
108,2025-01-06,123,650.0,0.5,1200,83.0,0.0,0.0,121.0,0.0,0.0,121.0,0.0,121.0,0.0,0.0,2025,1,2,1
108,2025-01-27,28,650.0,0.6666666666666666,1200,83.0,71.0,48.0,123.0,121.0,0.0,122.0,1.4142135623730951,122.0,-12.0,119.0,2025,1,5,1
108,2025-02-03,250,650.0,0.0,1200,83.0,71.0,48.0,28.0,123.0,0.0,90.66666666666667,54.28013755816517,90.66666666666667,-12.0,119.0,2025,2,6,1
108,2025-02-10,32,650.0,0.6,1200,83.0,94.0,40.0,250.0,28.0,121.0,130.5,91.16468614545876,130.5,11.0,134.0,2025,2,7,1
108,2025-02-24,80,650.0,0.0,1200,83.0,119.0,13.0,32.0,250.0,123.0,108.25,104.18693136217549,110.8,36.0,132.0,2025,2,9,1
108,2025-03-03,68,650.0,0.5,1200,83.0,83.0,85.0,80.0,32.0,28.0,97.5,104.3759231496102,105.66666666666667,0.0,168.0,2025,3,10,1
108,2025-03-10,42,650.0,0.5,1200,83.0,37.0,30.0,68.0,80.0,250.0,107.5,97.16480844420987,100.28571428571429,-46.0,67.0,2025,3,11,1
108,2025-04-07,78,650.0,0.0,1200,83.0,15.0,74.0,42.0,68.0,32.0,55.5,22.293496809607927,93.0,-68.0,89.0,2025,4,15,2
108,2025-04-28,74,650.0,1.0,1200,83.0,223.0,87.0,78.0,42.0,80.0,67.0,17.473789896108173,87.625,140.0,310.0,2025,4,18,2
108,2025-05-05,204,650.0,0.3333333333333333,1200,83.0,30.0,100.0,74.0,78.0,68.0,65.5,16.19670748434175,81.5,-53.0,130.0,2025,5,19,2
108,2025-05-12,39,650.0,0.2,1200,83.0,30.0,100.0,204.0,74.0,42.0,99.5,71.50524456289901,103.5,-53.0,130.0,2025,5,20,2
108,2025-06-02,148,650.0,1.0,1200,83.0,30.0,100.0,39.0,204.0,78.0,98.75,72.32046736574645,77.125,-53.0,130.0,2025,6,23,2
108,2025-06-09,131,650.0,0.25,1200,83.0,50.0,75.0,148.0,39.0,74.0,116.25,74.07372453621232,91.625,-33.0,125.0,2025,6,24,2
108,2025-06-30,198,650.0,1.0,1200,83.0,50.0,75.0,131.0,148.0,204.0,130.5,68.51033985221986,98.0,-33.0,125.0,2025,6,27,2
108,2025-07-07,165,650.0,0.3333333333333333,1200,83.0,66.0,69.0,198.0,131.0,39.0,129.0,66.39779112791828,114.25,-17.0,135.0,2025,7,28,3
108,2025-07-28,70,650.0,0.5,1200,83.0,168.0,43.0,165.0,198.0,148.0,160.5,28.59487133502552,129.625,85.0,211.0,2025,7,31,3
108,2025-08-04,171,650.0,0.5,1200,83.0,73.0,51.0,70.0,165.0,131.0,141.0,54.66869914920844,128.625,-10.0,124.0,2025,8,32,3
108,2025-09-01,99,650.0,0.0,1200,83.0,13.0,43.0,171.0,70.0,198.0,151.0,55.874860178795956,140.75,-70.0,56.0,2025,9,36,3
108,2025-09-08,120,650.0,0.0,1200,83.0,109.0,94.0,99.0,171.0,165.0,126.25,49.70160963188212,127.625,26.0,203.0,2025,9,37,3
108,2025-09-29,205,650.0,0.5,1200,83.0,18.0,40.0,120.0,99.0,70.0,115.0,42.59107887809368,137.75,-65.0,58.0,2025,9,40,3
108,2025-10-06,445,650.0,0.5,1200,83.0,28.0,15.0,205.0,120.0,171.0,148.75,48.16897341650534,144.875,-55.0,43.0,2025,10,41,4
108,2025-10-27,59,650.0,0.8333333333333334,1200,83.0,134.0,62.0,445.0,205.0,99.0,217.25,158.59881252182606,184.125,51.0,196.0,2025,10,44,4
108,2025-11-03,104,650.0,0.5,1200,83.0,134.0,62.0,59.0,445.0,120.0,207.25,169.43115612739783,166.75,51.0,196.0,2025,11,45,4
108,2025-12-01,101,650.0,0.6666666666666666,1200,83.0,42.0,78.0,104.0,59.0,205.0,203.25,172.34147305083977,159.125,-41.0,120.0,2025,12,49,4
108,2025-12-08,92,650.0,1.0,1200,83.0,215.0,71.0,101.0,104.0,445.0,177.25,179.6781845411401,163.0,132.0,286.0,2025,12,50,4
109,2024-12-30,157,0.0,0.0,850,0.0,0.0,0.0,0.0,0.0,0.0,0.0,0.0,0.0,0.0,0.0,2024,12,1,4
109,2025-01-06,63,550.0,0.25,850,30.0,0.0,0.0,157.0,0.0,0.0,157.0,0.0,157.0,0.0,0.0,2025,1,2,1
109,2025-01-27,42,550.0,0.0,850,30.0,71.0,64.0,63.0,157.0,0.0,110.0,66.46803743153546,110.0,41.0,135.0,2025,1,5,1
109,2025-02-03,61,550.0,1.0,850,30.0,71.0,64.0,42.0,63.0,0.0,87.33333333333333,61.239965164370666,87.33333333333333,41.0,135.0,2025,2,6,1
109,2025-02-10,25,550.0,0.0,850,30.0,39.0,13.0,61.0,42.0,157.0,80.75,51.70670491660954,80.75,9.0,52.0,2025,2,7,1
109,2025-02-24,101,550.0,0.0,850,30.0,77.0,27.0,25.0,61.0,63.0,47.75,17.87689383906871,69.6,47.0,104.0,2025,2,9,1
109,2025-03-03,55,550.0,0.0,850,30.0,77.0,27.0,101.0,25.0,42.0,57.25,32.66369034060093,74.83333333333333,47.0,104.0,2025,3,10,1
109,2025-03-10,96,550.0,0.0,850,30.0,190.0,12.0,55.0,101.0,61.0,60.5,31.256999216175558,72.0,160.0,202.0,2025,3,11,1
109,2025-03-31,182,550.0,0.0,850,30.0,190.0,12.0,96.0,55.0,25.0,69.25,35.98495055806894,75.0,160.0,202.0,2025,3,14,1
109,2025-04-07,198,550.0,0.3333333333333333,850,30.0,132.0,79.0,182.0,96.0,101.0,108.5,53.157000166174406,78.125,102.0,211.0,2025,4,15,2
109,2025-04-28,117,550.0,0.6666666666666666,850,30.0,169.0,57.0,198.0,182.0,55.0,132.75,68.50486600721635,95.0,139.0,226.0,2025,4,18,2
109,2025-05-05,75,550.0,1.0,850,30.0,107.0,13.0,117.0,198.0,96.0,148.25,49.398886627129556,104.375,77.0,120.0,2025,5,19,2
109,2025-05-26,71,550.0,0.0,850,30.0,107.0,13.0,75.0,117.0,182.0,143.0,57.28874234961001,106.125,77.0,120.0,2025,5,22,2
109,2025-06-02,198,550.0,1.0,850,30.0,107.0,13.0,71.0,75.0,198.0,115.25,58.959732021100635,111.875,77.0,120.0,2025,6,23,2
109,2025-06-09,88,550.0,0.5,850,30.0,84.0,45.0,198.0,71.0,117.0,115.25,58.959732021100635,124.0,54.0,129.0,2025,6,24,2
109,2025-06-30,227,550.0,0.5,850,30.0,32.0,32.0,88.0,198.0,75.0,108.0,60.43729532885026,128.125,2.0,64.0,2025,6,27,2
109,2025-07-07,204,550.0,0.5,850,30.0,82.0,67.0,227.0,88.0,71.0,146.0,78.00427338721045,144.5,52.0,149.0,2025,7,28,3
109,2025-07-28,72,550.0,0.6666666666666666,850,30.0,50.0,76.0,204.0,227.0,198.0,179.25,62.10407930777709,147.25,20.0,126.0,2025,7,31,3
109,2025-08-04,24,550.0,1.0,850,30.0,50.0,76.0,72.0,204.0,88.0,147.75,79.06273880069338,131.5,20.0,126.0,2025,8,32,3
109,2025-08-11,60,550.0,0.0,850,30.0,50.0,76.0,24.0,72.0,227.0,131.75,99.11735468625058,119.875,20.0,126.0,2025,8,33,3
109,2025-09-01,62,550.0,0.0,850,30.0,90.0,39.0,60.0,24.0,204.0,90.0,78.689262291624,118.0,60.0,129.0,2025,9,36,3
109,2025-09-08,102,550.0,1.0,850,30.0,230.0,98.0,62.0,60.0,72.0,54.5,21.0,116.875,200.0,328.0,2025,9,37,3
109,2025-09-29,81,550.0,0.0,850,30.0,17.0,21.0,102.0,62.0,24.0,62.0,31.874754901018456,104.875,-13.0,38.0,2025,9,40,3
109,2025-10-06,121,550.0,0.0,850,30.0,151.0,63.0,81.0,102.0,60.0,76.25,19.60229578391266,104.0,121.0,214.0,2025,10,41,4
109,2025-10-27,26,550.0,0.5,850,30.0,207.0,38.0,121.0,81.0,62.0,91.5,25.56690569205954,90.75,177.0,245.0,2025,10,44,4
109,2025-11-03,133,550.0,0.0,850,30.0,207.0,38.0,26.0,121.0,102.0,82.5,41.056871126118054,68.5,177.0,245.0,2025,11,45,4
109,2025-11-10,49,550.0,0.25,850,30.0,150.0,96.0,133.0,26.0,81.0,90.25,48.25885065629585,76.125,120.0,246.0,2025,11,46,4
109,2025-12-01,91,550.0,0.0,850,30.0,150.0,96.0,49.0,133.0,121.0,82.25,52.74703783152187,79.25,120.0,246.0,2025,12,49,4
109,2025-12-08,35,550.0,0.0,850,30.0,229.0,91.0,91.0,49.0,26.0,74.75,47.24669300596603,83.125,199.0,320.0,2025,12,50,4
110,2024-12-30,132,0.0,0.0,1500,0.0,0.0,0.0,0.0,0.0,0.0,0.0,0.0,0.0,0.0,0.0,2024,12,1,4
110,2025-01-06,64,700.0,0.6666666666666666,1500,56.0,0.0,0.0,132.0,0.0,0.0,132.0,0.0,132.0,0.0,0.0,2025,1,2,1
110,2025-02-03,187,700.0,0.5,1500,56.0,102.0,98.0,64.0,132.0,0.0,98.0,48.08326112068523,98.0,46.0,200.0,2025,2,6,1
110,2025-02-10,41,700.0,0.5,1500,56.0,67.0,73.0,187.0,64.0,0.0,127.66666666666667,61.61439225808637,127.66666666666667,11.0,140.0,2025,2,7,1
110,2025-03-03,51,700.0,1.0,1500,56.0,67.0,73.0,41.0,187.0,132.0,106.0,66.39779112791831,106.0,11.0,140.0,2025,3,10,1
110,2025-03-31,132,700.0,0.0,1500,56.0,236.0,86.0,51.0,41.0,64.0,85.75,68.15362548439127,95.0,180.0,322.0,2025,3,14,1
110,2025-04-07,73,700.0,0.6666666666666666,1500,56.0,105.0,33.0,132.0,51.0,187.0,102.75,69.38960056569476,101.16666666666667,49.0,138.0,2025,4,15,2
110,2025-04-28,135,700.0,0.3333333333333333,1500,56.0,218.0,3.0,73.0,132.0,41.0,74.25,40.75434537158789,97.14285714285714,162.0,221.0,2025,4,18,2
110,2025-05-05,159,700.0,0.25,1500,56.0,35.0,27.0,135.0,73.0,51.0,97.75,42.26405091800833,101.875,-21.0,62.0,2025,5,19,2
110,2025-06-02,118,700.0,0.6666666666666666,1500,56.0,72.0,25.0,159.0,135.0,132.0,124.75,36.55475345286849,105.25,16.0,97.0,2025,6,23,2
110,2025-06-09,26,700.0,0.3333333333333333,1500,56.0,84.0,13.0,118.0,159.0,73.0,121.25,36.298530732432326,112.0,28.0,97.0,2025,6,24,2
110,2025-06-30,73,700.0,0.0,1500,56.0,235.0,56.0,26.0,118.0,135.0,109.5,58.15209941753322,91.875,179.0,291.0,2025,6,27,2
110,2025-07-07,111,700.0,1.0,1500,56.0,130.0,79.0,73.0,26.0,159.0,94.0,57.346897620243304,95.875,74.0,209.0,2025,7,28,3
110,2025-07-28,18,700.0,0.3333333333333333,1500,56.0,130.0,79.0,111.0,73.0,118.0,82.0,42.245315322135625,103.375,74.0,209.0,2025,7,31,3
110,2025-08-04,144,700.0,0.0,1500,56.0,130.0,79.0,18.0,111.0,26.0,57.0,43.412747743798334,89.125,74.0,209.0,2025,8,32,3
110,2025-08-11,38,700.0,0.3333333333333333,1500,56.0,130.0,79.0,144.0,18.0,73.0,86.5,54.10175597889593,98.0,74.0,209.0,2025,8,33,3
110,2025-09-01,32,700.0,0.0,1500,56.0,130.0,79.0,38.0,144.0,111.0,77.75,59.56718895499436,85.875,74.0,209.0,2025,9,36,3
110,2025-09-08,68,700.0,0.0,1500,56.0,135.0,60.0,32.0,38.0,18.0,58.0,57.942500233708714,70.0,79.0,195.0,2025,9,37,3
110,2025-09-29,215,700.0,0.5,1500,56.0,52.0,78.0,68.0,32.0,144.0,70.5,51.46843692983109,63.75,-4.0,130.0,2025,9,40,3
110,2025-10-06,69,700.0,0.75,1500,56.0,234.0,32.0,215.0,68.0,38.0,88.25,85.95493005057942,87.375,178.0,266.0,2025,10,41,4
110,2025-10-27,49,700.0,0.0,1500,56.0,110.0,62.0,69.0,215.0,32.0,96.0,81.17881497040962,86.875,54.0,172.0,2025,10,44,4
110,2025-11-03,212,700.0,0.0,1500,56.0,110.0,62.0,49.0,69.0,68.0,100.25,77.0513897776456,79.125,54.0,172.0,2025,11,45,4
110,2025-11-10,32,700.0,0.4,1500,56.0,68.0,49.0,212.0,49.0,215.0,136.25,89.58189921332695,103.375,12.0,117.0,2025,11,46,4
110,2025-12-01,120,700.0,1.0,1500,56.0,68.0,49.0,32.0,212.0,69.0,90.5,82.39943365501166,89.375,12.0,117.0,2025,12,49,4
110,2025-12-08,21,700.0,1.0,1500,56.0,95.0,29.0,120.0,32.0,49.0,103.25,81.90797681951781,99.625,39.0,124.0,2025,12,50,4
111,2024-12-30,94,0.0,0.0,850,0.0,0.0,0.0,0.0,0.0,0.0,0.0,0.0,0.0,0.0,0.0,2024,12,1,4
111,2025-01-06,173,450.0,0.25,850,50.0,23.0,29.0,94.0,0.0,0.0,94.0,0.0,94.0,-27.0,52.0,2025,1,2,1
111,2025-02-03,257,450.0,0.25,850,50.0,132.0,51.0,173.0,94.0,0.0,133.5,55.86143571373726,133.5,82.0,183.0,2025,2,6,1
111,2025-02-10,135,450.0,0.2,850,50.0,76.0,54.0,257.0,173.0,0.0,174.66666666666666,81.51278018405048,174.66666666666666,26.0,130.0,2025,2,7,1
111,2025-03-03,70,450.0,0.6666666666666666,850,50.0,76.0,54.0,135.0,257.0,94.0,164.75,69.4472221666689,164.75,26.0,130.0,2025,3,10,1
111,2025-03-10,135,450.0,0.0,850,50.0,94.0,19.0,70.0,135.0,173.0,158.75,78.09556112012172,145.8,44.0,113.0,2025,3,11,1
111,2025-03-31,68,450.0,0.3333333333333333,850,50.0,232.0,84.0,135.0,70.0,257.0,149.25,78.09556112012172,144.0,182.0,316.0,2025,3,14,1
111,2025-04-07,20,450.0,0.3333333333333333,850,50.0,76.0,62.0,68.0,135.0,135.0,102.0,38.11386449399571,133.14285714285714,26.0,138.0,2025,4,15,2
111,2025-04-28,51,450.0,0.0,850,50.0,172.0,40.0,20.0,68.0,70.0,73.25,47.21140398957298,119.0,122.0,212.0,2025,4,18,2
111,2025-05-05,50,450.0,0.0,850,50.0,226.0,45.0,51.0,20.0,135.0,68.5,48.58326186386968,113.625,176.0,271.0,2025,5,19,2
111,2025-05-26,22,450.0,0.0,850,50.0,172.0,30.0,50.0,51.0,68.0,47.25,19.956202043475116,98.25,122.0,202.0,2025,5,22,2
111,2025-06-02,278,450.0,0.0,850,50.0,73.0,49.0,22.0,50.0,20.0,35.75,17.056279391082544,68.875,23.0,122.0,2025,6,23,2
111,2025-06-09,170,450.0,0.16666666666666666,850,50.0,198.0,13.0,278.0,22.0,51.0,100.25,119.25987031129401,86.75,148.0,211.0,2025,6,24,2
111,2025-06-30,128,450.0,0.3333333333333333,850,50.0,198.0,13.0,170.0,278.0,50.0,130.0,117.71151175649729,99.25,148.0,211.0,2025,6,27,2
111,2025-07-07,93,450.0,0.25,850,50.0,198.0,13.0,128.0,170.0,22.0,149.5,105.9103394386025,98.375,148.0,211.0,2025,7,28,3
111,2025-08-04,94,450.0,0.3333333333333333,850,50.0,87.0,62.0,93.0,128.0,278.0,167.25,80.26362812631885,101.5,37.0,149.0,2025,8,32,3
111,2025-09-01,42,450.0,0.0,850,50.0,172.0,17.0,94.0,93.0,170.0,121.25,36.344417269598225,110.75,122.0,189.0,2025,9,36,3
111,2025-09-08,61,450.0,0.0,850,50.0,202.0,91.0,42.0,94.0,128.0,89.25,35.45302055772779,109.625,152.0,293.0,2025,9,37,3
111,2025-10-06,25,450.0,1.0,850,50.0,124.0,65.0,61.0,42.0,93.0,72.5,25.462390565957,111.0,74.0,189.0,2025,10,41,4
111,2025-10-27,83,450.0,0.0,850,50.0,101.0,18.0,25.0,61.0,94.0,55.5,29.58039891549813,111.375,51.0,119.0,2025,10,44,4
111,2025-11-03,141,450.0,0.5,850,50.0,110.0,65.0,83.0,25.0,42.0,52.75,24.958298553119953,87.0,60.0,175.0,2025,11,45,4
111,2025-11-10,48,450.0,0.25,850,50.0,20.0,92.0,141.0,83.0,61.0,77.5,48.6175551284376,83.375,-30.0,112.0,2025,11,46,4
111,2025-12-01,103,450.0,0.0,850,50.0,20.0,92.0,48.0,141.0,25.0,74.25,50.4867969539232,73.375,-30.0,112.0,2025,12,49,4
111,2025-12-08,114,450.0,0.3333333333333333,850,50.0,235.0,65.0,103.0,48.0,83.0,93.75,38.8447765686285,74.625,185.0,300.0,2025,12,50,4
112,2024-12-30,71,0.0,0.0,450,0.0,0.0,0.0,0.0,0.0,0.0,0.0,0.0,0.0,0.0,0.0,2024,12,1,4
112,2025-01-06,86,700.0,1.0,450,95.0,89.0,52.0,71.0,0.0,0.0,71.0,0.0,71.0,-6.0,141.0,2025,1,2,1
112,2025-01-27,69,700.0,0.5,450,95.0,108.0,58.0,86.0,71.0,0.0,78.5,10.606601717798213,78.5,13.0,166.0,2025,1,5,1
112,2025-02-03,95,700.0,0.5,450,95.0,166.0,55.0,69.0,86.0,0.0,75.33333333333333,9.291573243177568,75.33333333333333,71.0,221.0,2025,2,6,1
112,2025-03-03,253,700.0,0.3333333333333333,450,95.0,117.0,39.0,95.0,69.0,71.0,80.25,12.419742348374221,80.25,22.0,156.0,2025,3,10,1
112,2025-03-10,87,700.0,0.5,450,95.0,152.0,26.0,253.0,95.0,86.0,125.75,85.51559312000747,114.8,57.0,178.0,2025,3,11,1
112,2025-03-31,166,700.0,0.5,450,95.0,86.0,90.0,87.0,253.0,69.0,126.0,85.36197436017204,110.16666666666667,-9.0,176.0,2025,3,14,1
112,2025-04-07,159,700.0,0.4,450,95.0,52.0,0.0,166.0,87.0,95.0,150.25,77.15514672830756,118.14285714285714,-43.0,52.0,2025,4,15,2
112,2025-04-28,109,700.0,0.25,450,95.0,142.0,71.0,159.0,166.0,253.0,166.25,67.96751675126387,123.25,47.0,213.0,2025,4,18,2
112,2025-05-05,91,700.0,1.0,450,95.0,142.0,71.0,109.0,159.0,87.0,130.25,38.413322341777935,128.0,47.0,213.0,2025,5,19,2
112,2025-06-02,115,700.0,0.5,450,95.0,29.0,35.0,91.0,109.0,166.0,131.25,36.9357550349252,128.625,-66.0,64.0,2025,6,23,2
112,2025-06-09,143,700.0,0.3333333333333333,450,95.0,51.0,70.0,115.0,91.0,159.0,118.5,28.86173937932367,134.375,-44.0,121.0,2025,6,24,2
112,2025-06-30,73,700.0,0.5,450,95.0,45.0,84.0,143.0,115.0,109.0,114.5,21.563858652847884,140.375,-50.0,129.0,2025,6,27,2
112,2025-07-07,138,700.0,0.0,450,95.0,93.0,16.0,73.0,143.0,91.0,105.5,30.34798181098708,117.875,-2.0,109.0,2025,7,28,3
112,2025-07-28,85,700.0,0.25,450,95.0,20.0,8.0,138.0,73.0,115.0,117.25,31.92047409840069,124.25,-75.0,28.0,2025,7,31,3
112,2025-08-04,110,700.0,0.5,450,95.0,20.0,8.0,85.0,138.0,143.0,109.75,35.90148557743355,114.125,-75.0,28.0,2025,8,32,3
112,2025-08-11,111,700.0,0.5,450,95.0,213.0,22.0,110.0,85.0,73.0,101.5,28.803934916373304,108.0,118.0,235.0,2025,8,33,3
112,2025-09-01,104,700.0,0.0,450,95.0,92.0,56.0,111.0,110.0,138.0,111.0,21.64871050817275,108.25,-3.0,148.0,2025,9,36,3
112,2025-09-08,209,700.0,0.25,450,95.0,79.0,68.0,104.0,111.0,85.0,102.5,12.069244660154554,109.875,-16.0,147.0,2025,9,37,3
112,2025-09-29,135,700.0,0.25,450,95.0,212.0,48.0,209.0,104.0,110.0,133.5,50.4281667324919,121.625,117.0,260.0,2025,9,40,3
112,2025-10-06,265,700.0,0.25,450,95.0,212.0,48.0,135.0,209.0,111.0,139.75,48.03731188704605,120.625,117.0,260.0,2025,10,41,4
112,2025-10-27,26,700.0,0.5,450,95.0,116.0,44.0,265.0,135.0,104.0,178.25,72.69743232512872,144.625,21.0,160.0,2025,10,44,4
112,2025-11-03,137,700.0,0.0,450,95.0,116.0,44.0,26.0,265.0,209.0,158.75,103.2807661990686,130.625,21.0,160.0,2025,11,45,4
112,2025-11-10,60,700.0,0.25,450,95.0,32.0,26.0,137.0,26.0,135.0,140.75,97.7287913905962,137.125,-63.0,58.0,2025,11,46,4
112,2025-12-01,98,700.0,0.5,450,95.0,47.0,18.0,60.0,137.0,265.0,122.0,106.04087262309127,130.875,-48.0,65.0,2025,12,49,4
112,2025-12-08,77,700.0,0.5,450,95.0,184.0,24.0,98.0,60.0,26.0,80.25,47.919202831432855,129.25,89.0,208.0,2025,12,50,4
113,2024-12-30,70,0.0,0.0,1200,0.0,0.0,0.0,0.0,0.0,0.0,0.0,0.0,0.0,0.0,0.0,2024,12,1,4
113,2025-01-06,64,1200.0,0.5,1200,72.0,71.0,9.0,70.0,0.0,0.0,70.0,0.0,70.0,-1.0,80.0,2025,1,2,1
113,2025-01-27,32,1200.0,0.5,1200,72.0,71.0,9.0,64.0,70.0,0.0,67.0,4.242640687119285,67.0,-1.0,80.0,2025,1,5,1
113,2025-02-03,41,1200.0,1.0,1200,72.0,71.0,9.0,32.0,64.0,0.0,55.333333333333336,20.428737928059416,55.333333333333336,-1.0,80.0,2025,2,6,1
113,2025-02-10,50,1200.0,0.0,1200,72.0,172.0,95.0,41.0,32.0,70.0,51.75,18.154430129677255,51.75,100.0,267.0,2025,2,7,1
113,2025-02-24,24,1200.0,1.0,1200,72.0,172.0,95.0,50.0,41.0,64.0,46.75,13.647344063956181,51.4,100.0,267.0,2025,2,9,1
113,2025-03-03,115,1200.0,0.0,1200,72.0,172.0,95.0,24.0,50.0,32.0,36.75,11.236102527122117,46.833333333333336,100.0,267.0,2025,3,10,1
113,2025-03-10,30,1200.0,0.0,1200,72.0,81.0,17.0,115.0,24.0,41.0,57.5,39.82043026722171,56.57142857142857,9.0,98.0,2025,3,11,1
113,2025-03-31,106,1200.0,1.0,1200,72.0,81.0,17.0,30.0,115.0,50.0,54.75,41.67633221226008,53.25,9.0,98.0,2025,3,14,1
113,2025-04-07,98,1200.0,0.0,1200,72.0,160.0,12.0,106.0,30.0,24.0,68.75,48.41057047105863,57.75,88.0,172.0,2025,4,15,2
113,2025-04-28,54,1200.0,0.0,1200,72.0,110.0,75.0,98.0,106.0,115.0,87.25,38.793255427543926,62.0,38.0,185.0,2025,4,18,2
113,2025-05-05,34,1200.0,0.0,1200,72.0,115.0,25.0,54.0,98.0,30.0,72.0,36.14784456460255,64.75,43.0,140.0,2025,5,19,2
113,2025-05-12,30,1200.0,1.0,1200,72.0,128.0,11.0,34.0,54.0,106.0,73.0,34.62176579359675,63.875,56.0,139.0,2025,5,20,2
113,2025-06-02,50,1200.0,0.0,1200,72.0,128.0,11.0,30.0,34.0,98.0,54.0,31.155523854794456,61.375,56.0,139.0,2025,6,23,2
113,2025-06-09,52,1200.0,1.0,1200,72.0,128.0,11.0,50.0,30.0,54.0,42.0,11.775681155103786,64.625,56.0,139.0,2025,6,24,2
113,2025-06-30,44,1200.0,0.0,1200,72.0,69.0,43.0,52.0,50.0,34.0,41.5,11.120551545074843,56.75,-3.0,112.0,2025,6,27,2
113,2025-07-07,180,1200.0,0.0,1200,72.0,206.0,24.0,44.0,52.0,30.0,44.0,9.933109617167549,58.5,134.0,230.0,2025,7,28,3
113,2025-08-04,152,1200.0,0.5,1200,72.0,159.0,89.0,180.0,44.0,50.0,81.5,65.75459426280925,67.75,87.0,248.0,2025,8,32,3
113,2025-08-11,51,1200.0,0.5,1200,72.0,56.0,21.0,152.0,180.0,52.0,107.0,69.15682660928469,74.5,-16.0,77.0,2025,8,33,3
113,2025-09-01,122,1200.0,0.0,1200,72.0,102.0,30.0,51.0,152.0,44.0,106.75,69.4232189784753,74.125,30.0,132.0,2025,9,36,3
113,2025-09-08,52,1200.0,0.3333333333333333,1200,72.0,201.0,30.0,122.0,51.0,180.0,126.25,55.47597077414088,85.125,129.0,231.0,2025,9,37,3
113,2025-09-29,109,1200.0,0.0,1200,72.0,167.0,94.0,52.0,122.0,152.0,94.25,50.861740696388544,87.875,95.0,261.0,2025,9,40,3
113,2025-10-06,209,1200.0,0.3333333333333333,1200,72.0,231.0,96.0,109.0,52.0,51.0,83.5,37.33184520843654,95.25,159.0,327.0,2025,10,41,4
113,2025-10-27,96,1200.0,0.16666666666666666,1200,72.0,229.0,43.0,209.0,109.0,122.0,123.0,64.89478664217437,114.875,157.0,272.0,2025,10,44,4
113,2025-11-03,128,1200.0,0.5,1200,72.0,160.0,24.0,96.0,209.0,52.0,116.5,66.31490531295862,121.375,88.0,184.0,2025,11,45,4
113,2025-11-10,58,1200.0,0.5,1200,72.0,160.0,24.0,128.0,96.0,109.0,135.5,50.73131840063558,114.875,88.0,184.0,2025,11,46,4
113,2025-12-01,119,1200.0,0.0,1200,72.0,65.0,96.0,58.0,128.0,209.0,122.75,64.22551414092896,103.125,-7.0,161.0,2025,12,49,4
113,2025-12-08,163,1200.0,0.0,1200,72.0,193.0,82.0,119.0,58.0,96.0,100.25,31.223655562196214,111.625,121.0,275.0,2025,12,50,4
114,2024-12-30,161,0.0,0.0,700,0.0,0.0,0.0,0.0,0.0,0.0,0.0,0.0,0.0,0.0,0.0,2024,12,1,4
114,2025-01-06,34,350.0,0.6666666666666666,700,86.0,62.0,100.0,161.0,0.0,0.0,161.0,0.0,161.0,-24.0,162.0,2025,1,2,1
114,2025-01-27,70,350.0,0.0,700,86.0,62.0,100.0,34.0,161.0,0.0,97.5,89.80256121069154,97.5,-24.0,162.0,2025,1,5,1
114,2025-02-03,185,350.0,0.0,700,86.0,166.0,80.0,70.0,34.0,0.0,88.33333333333333,65.45481902299733,88.33333333333333,80.0,246.0,2025,2,6,1
114,2025-02-10,117,350.0,0.0,700,86.0,118.0,100.0,185.0,70.0,161.0,112.5,72.05784713224045,112.5,32.0,218.0,2025,2,7,1
114,2025-02-24,62,350.0,0.6666666666666666,700,86.0,118.0,100.0,117.0,185.0,34.0,101.5,65.22014003869255,113.4,32.0,218.0,2025,2,9,1
114,2025-03-03,141,350.0,0.5,700,86.0,26.0,35.0,62.0,117.0,70.0,108.5,56.47713401604818,104.83333333333333,-60.0,61.0,2025,3,10,1
114,2025-03-10,86,350.0,0.25,700,86.0,26.0,35.0,141.0,62.0,185.0,126.25,51.25995838208741,110.0,-60.0,61.0,2025,3,11,1
114,2025-03-31,186,350.0,0.0,700,86.0,112.0,98.0,86.0,141.0,117.0,101.5,34.64582706955245,107.0,26.0,210.0,2025,3,14,1
114,2025-04-07,111,350.0,0.4,700,86.0,30.0,82.0,186.0,86.0,62.0,118.75,55.70981361782979,110.125,-56.0,112.0,2025,4,15,2
114,2025-04-28,184,350.0,0.5,700,86.0,30.0,82.0,111.0,186.0,141.0,131.0,43.01162633521314,119.75,-56.0,112.0,2025,4,18,2
114,2025-05-05,159,350.0,0.6666666666666666,700,86.0,191.0,98.0,184.0,111.0,86.0,141.75,50.979571071819215,134.0,105.0,289.0,2025,5,19,2
114,2025-05-12,30,350.0,0.2,700,86.0,134.0,67.0,159.0,184.0,186.0,160.0,34.899856733230294,130.75,48.0,201.0,2025,5,20,2
114,2025-06-02,47,350.0,0.0,700,86.0,22.0,82.0,30.0,159.0,111.0,121.0,67.80855403265875,119.875,-64.0,104.0,2025,6,23,2
114,2025-06-09,111,350.0,0.0,700,86.0,156.0,44.0,47.0,30.0,184.0,105.0,77.77317446695015,118.0,70.0,200.0,2025,6,24,2
114,2025-06-30,100,350.0,0.25,700,86.0,69.0,42.0,111.0,47.0,159.0,86.75,59.4663770546012,114.25,-17.0,111.0,2025,6,27,2
114,2025-07-07,61,350.0,0.5,700,86.0,216.0,33.0,100.0,111.0,30.0,72.0,39.555867664186906,116.0,130.0,249.0,2025,7,28,3
114,2025-07-28,73,350.0,0.5,700,86.0,10.0,83.0,61.0,100.0,47.0,79.75,30.60909450909431,100.375,-76.0,93.0,2025,7,31,3
114,2025-08-04,137,350.0,0.0,700,86.0,10.0,83.0,73.0,61.0,111.0,86.25,23.200215516240373,95.625,-76.0,93.0,2025,8,32,3
114,2025-09-01,139,350.0,0.25,700,86.0,23.0,33.0,137.0,73.0,100.0,92.75,33.708307581366356,89.75,-63.0,56.0,2025,9,36,3
114,2025-09-08,57,350.0,0.2,700,86.0,23.0,33.0,139.0,137.0,61.0,102.5,41.29164564412516,87.25,-63.0,56.0,2025,9,37,3
114,2025-09-29,47,350.0,0.0,700,86.0,23.0,33.0,57.0,139.0,73.0,101.5,42.65755110958278,90.625,-63.0,56.0,2025,9,40,3
114,2025-10-06,108,350.0,0.0,700,86.0,170.0,52.0,47.0,57.0,137.0,95.0,49.826365176146126,90.625,84.0,222.0,2025,10,41,4
114,2025-10-27,24,350.0,0.5,700,86.0,34.0,100.0,108.0,47.0,139.0,87.75,43.36953615922895,90.25,-52.0,134.0,2025,10,44,4
114,2025-11-03,104,350.0,0.0,700,86.0,34.0,100.0,24.0,108.0,57.0,59.0,35.468295701936405,80.75,-52.0,134.0,2025,11,45,4
114,2025-11-10,59,350.0,0.0,700,86.0,112.0,10.0,104.0,24.0,47.0,70.75,41.80410665632426,86.125,26.0,122.0,2025,11,46,4
114,2025-12-01,75,350.0,0.0,700,86.0,112.0,10.0,59.0,104.0,108.0,73.75,39.91971108779889,84.375,26.0,122.0,2025,12,49,4
114,2025-12-08,138,350.0,0.3333333333333333,700,86.0,187.0,47.0,75.0,59.0,24.0,65.5,33.351661627771016,76.625,101.0,234.0,2025,12,50,4
115,2024-12-30,53,0.0,0.0,850,0.0,0.0,0.0,0.0,0.0,0.0,0.0,0.0,0.0,0.0,0.0,2024,12,1,4
115,2025-01-06,104,999.0,0.5,850,55.0,211.0,92.0,53.0,0.0,0.0,53.0,0.0,53.0,156.0,303.0,2025,1,2,1
115,2025-02-03,83,999.0,0.3333333333333333,850,55.0,236.0,72.0,104.0,53.0,0.0,78.5,36.062445840513924,78.5,181.0,308.0,2025,2,6,1
115,2025-02-10,76,999.0,0.6666666666666666,850,55.0,187.0,91.0,83.0,104.0,0.0,80.0,25.632011235952593,80.0,132.0,278.0,2025,2,7,1
115,2025-02-24,28,999.0,1.0,850,55.0,160.0,43.0,76.0,83.0,53.0,79.0,21.02379604162864,79.0,105.0,203.0,2025,2,9,1
115,2025-03-03,113,999.0,0.0,850,55.0,185.0,99.0,28.0,76.0,104.0,72.75,32.118271020298295,68.8,130.0,284.0,2025,3,10,1
115,2025-03-10,45,999.0,0.0,850,55.0,151.0,31.0,113.0,28.0,83.0,75.0,35.20416642008916,76.16666666666667,96.0,182.0,2025,3,11,1
115,2025-03-31,137,999.0,1.0,850,55.0,151.0,31.0,45.0,113.0,76.0,65.5,37.38538038681253,71.71428571428571,96.0,182.0,2025,3,14,1
115,2025-04-07,123,999.0,0.3333333333333333,850,55.0,230.0,97.0,137.0,45.0,28.0,80.75,52.48730005121874,79.875,175.0,327.0,2025,4,15,2
115,2025-04-28,68,999.0,0.25,850,55.0,136.0,78.0,123.0,137.0,113.0,104.5,40.869711686447374,88.625,81.0,214.0,2025,4,18,2
115,2025-05-05,115,999.0,0.5,850,55.0,136.0,78.0,68.0,123.0,45.0,93.25,43.835868114288935,84.125,81.0,214.0,2025,5,19,2
115,2025-05-12,28,999.0,0.25,850,55.0,173.0,18.0,115.0,68.0,137.0,110.75,29.91515780781821,88.125,118.0,191.0,2025,5,20,2
115,2025-06-02,140,999.0,0.0,850,55.0,165.0,95.0,28.0,115.0,123.0,83.5,44.24552708090013,82.125,110.0,260.0,2025,6,23,2
115,2025-06-09,127,999.0,0.5,850,55.0,165.0,15.0,140.0,28.0,68.0,87.75,49.77532856077731,96.125,110.0,180.0,2025,6,24,2
115,2025-06-30,60,999.0,0.0,850,55.0,165.0,15.0,127.0,140.0,115.0,102.5,50.70502933634887,97.875,110.0,180.0,2025,6,27,2
115,2025-07-07,82,999.0,0.0,850,55.0,211.0,50.0,60.0,127.0,28.0,88.75,53.56226905823414,99.75,156.0,261.0,2025,7,28,3
115,2025-07-28,138,999.0,0.0,850,55.0,205.0,63.0,82.0,60.0,140.0,102.25,37.56217068629909,92.875,150.0,268.0,2025,7,31,3
115,2025-08-04,102,999.0,0.3333333333333333,850,55.0,70.0,50.0,138.0,82.0,127.0,101.75,36.899638661284115,94.75,15.0,120.0,2025,8,32,3
115,2025-08-11,71,999.0,0.0,850,55.0,65.0,99.0,102.0,138.0,60.0,95.5,33.12099032335839,99.0,10.0,164.0,2025,8,33,3
115,2025-09-01,107,999.0,0.5,850,55.0,165.0,16.0,71.0,102.0,82.0,98.25,29.44344862047696,93.5,110.0,181.0,2025,9,36,3
115,2025-09-08,117,999.0,0.0,850,55.0,180.0,13.0,107.0,71.0,138.0,104.5,27.42869543622761,103.375,125.0,193.0,2025,9,37,3
115,2025-09-29,144,999.0,1.0,850,55.0,31.0,47.0,117.0,107.0,102.0,99.25,19.83893478323202,100.5,-24.0,78.0,2025,9,40,3
115,2025-10-06,127,999.0,0.25,850,55.0,82.0,20.0,144.0,117.0,71.0,109.75,30.192438346932718,102.625,27.0,102.0,2025,10,41,4
115,2025-11-03,168,999.0,0.2,850,55.0,11.0,26.0,127.0,144.0,107.0,123.75,15.777093099385153,111.0,-44.0,37.0,2025,11,45,4
115,2025-11-10,160,999.0,0.0,850,55.0,100.0,47.0,168.0,127.0,117.0,139.0,22.315913604421393,121.75,45.0,147.0,2025,11,46,4
115,2025-12-01,207,999.0,1.0,850,55.0,163.0,30.0,160.0,168.0,144.0,149.75,18.154430129677248,124.5,108.0,193.0,2025,12,49,4
115,2025-12-08,126,999.0,0.4,850,55.0,134.0,64.0,207.0,160.0,127.0,165.5,32.86842456421258,137.625,79.0,198.0,2025,12,50,4
116,2024-12-30,108,0.0,0.0,750,0.0,0.0,0.0,0.0,0.0,0.0,0.0,0.0,0.0,0.0,0.0,2024,12,1,4
116,2025-01-06,158,1200.0,0.5,750,38.0,34.0,85.0,108.0,0.0,0.0,108.0,0.0,108.0,-4.0,119.0,2025,1,2,1
116,2025-01-27,15,1200.0,0.25,750,38.0,53.0,75.0,158.0,108.0,0.0,133.0,35.35533905932738,133.0,15.0,128.0,2025,1,5,1
116,2025-02-03,80,1200.0,0.0,750,38.0,53.0,75.0,15.0,158.0,0.0,93.66666666666667,72.56950691119054,93.66666666666667,15.0,128.0,2025,2,6,1
116,2025-02-10,167,1200.0,0.0,750,38.0,209.0,46.0,80.0,15.0,108.0,90.25,59.645480409946686,90.25,171.0,255.0,2025,2,7,1
116,2025-02-24,20,1200.0,0.5,750,38.0,209.0,46.0,167.0,80.0,158.0,105.0,71.596089278675,105.6,171.0,255.0,2025,2,9,1
116,2025-03-03,38,1200.0,0.0,750,38.0,88.0,57.0,20.0,167.0,15.0,70.5,70.78841713161836,91.33333333333333,50.0,145.0,2025,3,10,1
116,2025-03-10,42,1200.0,1.0,750,38.0,74.0,42.0,38.0,20.0,80.0,76.25,65.51526539669972,83.71428571428571,36.0,116.0,2025,3,11,1
116,2025-03-31,66,1200.0,0.0,750,38.0,74.0,42.0,42.0,38.0,167.0,66.75,67.51481318940311,78.5,36.0,116.0,2025,3,14,1
116,2025-04-07,39,1200.0,0.5,750,38.0,74.0,42.0,66.0,42.0,20.0,41.5,18.929694486000923,73.25,36.0,116.0,2025,4,15,2
116,2025-05-05,50,1200.0,1.0,750,38.0,74.0,42.0,39.0,66.0,38.0,46.25,13.275918047351768,58.375,36.0,116.0,2025,5,19,2
116,2025-06-02,142,1200.0,0.0,750,38.0,157.0,85.0,50.0,39.0,42.0,49.25,12.09338662244784,62.75,119.0,242.0,2025,6,23,2
116,2025-06-09,62,1200.0,0.2,750,38.0,43.0,55.0,142.0,50.0,66.0,74.25,46.507167906320284,70.5,5.0,98.0,2025,6,24,2
116,2025-06-30,140,1200.0,0.5,750,38.0,151.0,16.0,62.0,142.0,39.0,73.25,46.785859687160475,57.375,113.0,167.0,2025,6,27,2
116,2025-07-07,22,1200.0,0.0,750,38.0,119.0,4.0,140.0,62.0,50.0,98.5,49.3254498205541,72.375,81.0,123.0,2025,7,28,3
116,2025-07-28,103,1200.0,0.0,750,38.0,119.0,4.0,22.0,140.0,142.0,91.5,59.45025932099316,70.375,81.0,123.0,2025,7,31,3
116,2025-08-04,310,1200.0,0.0,750,38.0,166.0,34.0,103.0,22.0,62.0,81.75,51.00571863363297,78.0,128.0,200.0,2025,8,32,3
116,2025-08-11,41,1200.0,0.5,750,38.0,166.0,34.0,310.0,103.0,140.0,143.75,121.2940641581442,108.5,128.0,200.0,2025,8,33,3
116,2025-09-01,24,1200.0,0.0,750,38.0,166.0,34.0,41.0,310.0,22.0,119.0,131.94695904036593,108.75,128.0,200.0,2025,9,36,3
116,2025-09-08,78,1200.0,0.0,750,38.0,166.0,34.0,24.0,41.0,103.0,119.5,131.45975302984053,105.5,128.0,200.0,2025,9,37,3
116,2025-09-29,138,1200.0,0.0,750,38.0,166.0,34.0,78.0,24.0,310.0,113.25,133.08988190943242,97.5,128.0,200.0,2025,9,40,3
116,2025-10-06,56,1200.0,0.0,750,38.0,95.0,85.0,138.0,78.0,41.0,70.25,50.48019413591834,107.0,57.0,180.0,2025,10,41,4
116,2025-10-27,35,1200.0,0.0,750,38.0,122.0,71.0,56.0,138.0,24.0,74.0,48.08326112068527,96.5,84.0,193.0,2025,10,44,4
116,2025-11-03,129,1200.0,1.0,750,38.0,122.0,71.0,35.0,56.0,78.0,76.75,44.4475346147943,98.125,84.0,193.0,2025,11,45,4
116,2025-12-01,176,1200.0,0.0,750,38.0,178.0,87.0,129.0,35.0,138.0,89.5,51.65591285935558,101.375,140.0,265.0,2025,12,49,4
116,2025-12-08,67,1200.0,0.5,750,38.0,85.0,87.0,176.0,129.0,56.0,99.0,65.25335240430184,84.625,47.0,172.0,2025,12,50,4
117,2024-12-30,27,0.0,0.0,350,0.0,0.0,0.0,0.0,0.0,0.0,0.0,0.0,0.0,0.0,0.0,2024,12,1,4
117,2025-01-06,126,250.0,0.0,350,64.0,241.0,57.0,27.0,0.0,0.0,27.0,0.0,27.0,177.0,298.0,2025,1,2,1
117,2025-01-27,28,250.0,0.25,350,64.0,83.0,57.0,126.0,27.0,0.0,76.5,70.0035713374682,76.5,19.0,140.0,2025,1,5,1
117,2025-02-03,260,250.0,0.0,350,64.0,164.0,81.0,28.0,126.0,0.0,60.333333333333336,56.87119950672162,60.333333333333336,100.0,245.0,2025,2,6,1
117,2025-02-10,95,250.0,0.5,350,64.0,178.0,12.0,260.0,28.0,27.0,110.25,110.10411739197887,110.25,114.0,190.0,2025,2,7,1
117,2025-02-24,110,250.0,0.5,350,64.0,178.0,12.0,95.0,260.0,126.0,127.25,97.49316215338727,107.2,114.0,190.0,2025,2,9,1
117,2025-03-03,106,250.0,0.0,350,64.0,210.0,3.0,110.0,95.0,28.0,123.25,97.88896771342519,107.66666666666667,146.0,213.0,2025,3,10,1
117,2025-03-10,170,250.0,0.6666666666666666,350,64.0,165.0,36.0,106.0,110.0,260.0,142.75,78.42352963237501,107.42857142857143,101.0,201.0,2025,3,11,1
117,2025-03-31,166,250.0,0.0,350,64.0,104.0,21.0,170.0,106.0,95.0,120.25,33.76758800980608,115.25,40.0,125.0,2025,3,14,1
117,2025-04-07,113,250.0,0.25,350,64.0,104.0,21.0,166.0,170.0,110.0,138.0,34.71791084344409,132.625,40.0,125.0,2025,4,15,2
117,2025-04-28,75,250.0,0.5,350,64.0,118.0,57.0,113.0,166.0,106.0,138.75,33.93498686213585,131.0,54.0,175.0,2025,4,18,2
117,2025-05-05,170,250.0,0.0,350,64.0,118.0,57.0,75.0,113.0,170.0,131.0,45.48259740457515,136.875,54.0,175.0,2025,5,19,2
117,2025-05-12,16,250.0,0.5,350,64.0,132.0,0.0,170.0,75.0,166.0,131.0,45.48259740457515,125.625,68.0,132.0,2025,5,20,2
117,2025-06-02,78,250.0,0.0,350,64.0,132.0,0.0,16.0,170.0,113.0,93.5,64.75852582221637,115.75,68.0,132.0,2025,6,23,2
117,2025-06-09,69,250.0,0.5,350,64.0,143.0,90.0,78.0,16.0,75.0,84.75,63.59965932822805,111.75,79.0,233.0,2025,6,24,2
117,2025-06-30,183,250.0,0.0,350,64.0,140.0,68.0,69.0,78.0,170.0,83.25,63.975906923361904,107.125,76.0,208.0,2025,6,27,2
117,2025-07-07,74,250.0,0.4,350,64.0,140.0,68.0,183.0,69.0,16.0,86.5,69.90708118638625,108.75,76.0,208.0,2025,7,28,3
117,2025-07-28,53,250.0,0.0,350,64.0,235.0,9.0,74.0,183.0,78.0,101.0,54.790510127210894,97.25,171.0,244.0,2025,7,31,3
117,2025-08-04,175,250.0,0.0,350,64.0,235.0,9.0,53.0,74.0,69.0,94.75,59.511203427029876,89.75,171.0,244.0,2025,8,32,3
117,2025-08-11,34,250.0,0.25,350,64.0,130.0,93.0,175.0,53.0,183.0,121.25,67.31208410580277,102.25,66.0,223.0,2025,8,33,3
117,2025-09-01,103,250.0,0.0,350,64.0,130.0,93.0,34.0,175.0,74.0,84.0,62.827807007194934,85.25,66.0,223.0,2025,9,36,3
117,2025-09-08,86,250.0,0.0,350,64.0,103.0,24.0,103.0,34.0,53.0,91.25,62.96229030141772,96.125,39.0,127.0,2025,9,37,3
117,2025-09-29,159,250.0,0.5,350,64.0,84.0,55.0,86.0,103.0,175.0,99.5,58.26662852782886,97.125,20.0,139.0,2025,9,40,3
117,2025-10-06,178,250.0,0.0,350,64.0,108.0,100.0,159.0,86.0,34.0,95.5,51.513752209159314,108.375,44.0,208.0,2025,10,41,4
117,2025-11-03,195,250.0,0.5,350,64.0,108.0,100.0,178.0,159.0,103.0,131.5,43.97347685442517,107.75,44.0,208.0,2025,11,45,4
117,2025-11-10,109,250.0,0.5,350,64.0,108.0,100.0,195.0,178.0,86.0,154.5,47.9756882875761,122.875,44.0,208.0,2025,11,46,4
117,2025-12-01,26,250.0,0.5,350,64.0,128.0,58.0,109.0,195.0,159.0,160.25,37.196550019233406,129.875,64.0,186.0,2025,12,49,4
117,2025-12-08,87,250.0,0.0,350,64.0,110.0,76.0,26.0,109.0,178.0,127.0,76.9198717280955,111.25,46.0,186.0,2025,12,50,4
118,2024-12-30,103,0.0,0.0,1800,0.0,0.0,0.0,0.0,0.0,0.0,0.0,0.0,0.0,0.0,0.0,2024,12,1,4
118,2025-01-06,147,850.0,1.0,1800,25.0,203.0,35.0,103.0,0.0,0.0,103.0,0.0,103.0,178.0,238.0,2025,1,2,1
118,2025-01-27,46,850.0,0.25,1800,25.0,14.0,97.0,147.0,103.0,0.0,125.0,31.11269837220809,125.0,-11.0,111.0,2025,1,5,1
118,2025-02-03,134,850.0,0.0,1800,25.0,144.0,3.0,46.0,147.0,0.0,98.66666666666667,50.63924696649165,98.66666666666667,119.0,147.0,2025,2,6,1
118,2025-02-10,51,850.0,0.25,1800,25.0,15.0,44.0,134.0,46.0,103.0,107.5,44.962947708826505,107.5,-10.0,59.0,2025,2,7,1
118,2025-03-03,175,850.0,0.0,1800,25.0,210.0,50.0,51.0,134.0,147.0,94.5,53.419721701508955,96.2,185.0,260.0,2025,3,10,1
118,2025-03-10,21,850.0,0.2,1800,25.0,56.0,83.0,175.0,51.0,46.0,101.5,63.47965553361696,109.33333333333333,31.0,139.0,2025,3,11,1
118,2025-03-31,55,850.0,0.0,1800,25.0,36.0,62.0,21.0,175.0,134.0,95.25,71.4906753826446,96.71428571428571,11.0,98.0,2025,3,14,1
118,2025-04-07,45,850.0,0.0,1800,25.0,249.0,79.0,55.0,21.0,51.0,75.5,68.04655269250114,91.5,224.0,328.0,2025,4,15,2
118,2025-04-28,34,850.0,0.0,1800,25.0,220.0,2.0,45.0,55.0,175.0,74.0,68.8282887578453,84.25,195.0,222.0,2025,4,18,2
118,2025-05-05,167,850.0,0.0,1800,25.0,82.0,35.0,34.0,45.0,21.0,38.75,14.614490525958603,70.125,57.0,117.0,2025,5,19,2
118,2025-05-26,57,850.0,0.6666666666666666,1800,25.0,19.0,45.0,167.0,34.0,55.0,75.25,61.76501167057825,85.25,-6.0,64.0,2025,5,22,2
118,2025-06-02,26,850.0,1.0,1800,25.0,19.0,45.0,57.0,167.0,45.0,75.75,61.55417667930152,75.625,-6.0,64.0,2025,6,23,2
118,2025-06-09,21,850.0,0.0,1800,25.0,15.0,79.0,26.0,57.0,34.0,71.0,65.33503399147097,72.5,-10.0,94.0,2025,6,24,2
118,2025-06-30,142,850.0,0.0,1800,25.0,160.0,41.0,21.0,26.0,167.0,67.75,68.05573696120948,53.25,135.0,201.0,2025,6,27,2
118,2025-07-07,138,850.0,0.6666666666666666,1800,25.0,224.0,15.0,142.0,21.0,57.0,61.5,55.97916278997629,68.375,199.0,239.0,2025,7,28,3
118,2025-07-28,48,850.0,0.75,1800,25.0,224.0,15.0,138.0,142.0,26.0,81.75,67.31208410580278,78.75,199.0,239.0,2025,7,31,3
118,2025-08-04,35,850.0,0.0,1800,25.0,249.0,92.0,48.0,138.0,21.0,87.25,61.92132104533946,79.125,224.0,341.0,2025,8,32,3
118,2025-08-11,123,850.0,0.0,1800,25.0,99.0,8.0,35.0,48.0,142.0,90.75,57.1394493031449,79.25,74.0,107.0,2025,8,33,3
118,2025-09-01,134,850.0,1.0,1800,25.0,186.0,34.0,123.0,35.0,138.0,86.0,52.01922721455981,73.75,161.0,220.0,2025,9,36,3
118,2025-09-08,76,850.0,0.0,1800,25.0,186.0,34.0,134.0,123.0,48.0,85.0,50.708316214732804,83.375,161.0,220.0,2025,9,37,3
118,2025-09-29,166,850.0,0.0,1800,25.0,60.0,33.0,76.0,134.0,35.0,92.0,45.570458267024996,89.625,35.0,93.0,2025,9,40,3
118,2025-10-06,72,850.0,0.6666666666666666,1800,25.0,219.0,25.0,166.0,76.0,123.0,124.75,37.268172301129376,107.75,194.0,244.0,2025,10,41,4
118,2025-11-03,88,850.0,0.5,1800,25.0,220.0,30.0,72.0,166.0,134.0,112.0,45.81120678029194,99.0,195.0,250.0,2025,11,45,4
118,2025-11-10,57,850.0,0.0,1800,25.0,170.0,79.0,88.0,72.0,76.0,100.5,44.19275958796871,92.75,145.0,249.0,2025,11,46,4
118,2025-12-01,201,850.0,0.0,1800,25.0,136.0,52.0,57.0,88.0,166.0,95.75,48.5137437571389,93.875,111.0,188.0,2025,12,49,4
118,2025-12-08,109,850.0,0.0,1800,25.0,117.0,34.0,201.0,57.0,72.0,104.5,65.56675987114203,114.625,92.0,151.0,2025,12,50,4
119,2024-12-30,162,0.0,0.0,1800,0.0,0.0,0.0,0.0,0.0,0.0,0.0,0.0,0.0,0.0,0.0,2024,12,1,4
119,2025-01-06,68,650.0,0.0,1800,87.0,28.0,24.0,162.0,0.0,0.0,162.0,0.0,162.0,-59.0,52.0,2025,1,2,1
119,2025-01-27,103,650.0,0.3333333333333333,1800,87.0,53.0,49.0,68.0,162.0,0.0,115.0,66.46803743153546,115.0,-34.0,102.0,2025,1,5,1
119,2025-02-03,65,650.0,0.5,1800,87.0,53.0,49.0,103.0,68.0,0.0,111.0,47.50789408087881,111.0,-34.0,102.0,2025,2,6,1
119,2025-02-10,80,650.0,0.5,1800,87.0,62.0,28.0,65.0,103.0,162.0,99.5,45.096193483116366,99.5,-25.0,90.0,2025,2,7,1
119,2025-02-24,114,650.0,0.5,1800,87.0,62.0,28.0,80.0,65.0,68.0,79.0,17.262676501632072,95.6,-25.0,90.0,2025,2,9,1
119,2025-03-03,201,650.0,0.0,1800,87.0,64.0,50.0,114.0,80.0,103.0,90.5,22.128413107737,98.66666666666667,-23.0,114.0,2025,3,10,1
119,2025-03-10,70,650.0,0.16666666666666666,1800,87.0,64.0,50.0,201.0,114.0,65.0,115.0,60.887875092938934,113.28571428571429,-23.0,114.0,2025,3,11,1
119,2025-03-31,54,650.0,0.5,1800,87.0,64.0,50.0,70.0,201.0,80.0,116.25,59.55599605973077,107.875,-23.0,114.0,2025,3,14,1
119,2025-04-07,135,650.0,0.5,1800,87.0,64.0,50.0,54.0,70.0,114.0,109.75,65.91092473937837,94.375,-23.0,114.0,2025,4,15,2
119,2025-04-28,104,650.0,0.0,1800,87.0,77.0,20.0,135.0,54.0,201.0,115.0,67.1863081289633,102.75,-10.0,97.0,2025,4,18,2
119,2025-05-05,110,650.0,0.3333333333333333,1800,87.0,235.0,7.0,104.0,135.0,70.0,90.75,36.123630308520575,102.875,148.0,242.0,2025,5,19,2
119,2025-05-12,35,650.0,0.3333333333333333,1800,87.0,112.0,59.0,110.0,104.0,54.0,100.75,33.93498686213586,108.5,25.0,171.0,2025,5,20,2
119,2025-05-26,31,650.0,1.0,1800,87.0,112.0,59.0,35.0,110.0,135.0,96.0,42.82522621072771,102.875,25.0,171.0,2025,5,22,2
119,2025-06-02,53,650.0,1.0,1800,87.0,112.0,59.0,31.0,35.0,104.0,70.0,42.82522621072771,92.5,25.0,171.0,2025,6,23,2
119,2025-06-09,51,650.0,0.0,1800,87.0,17.0,2.0,53.0,31.0,110.0,57.25,36.44516428828384,74.0,-70.0,19.0,2025,6,24,2
119,2025-06-30,243,650.0,1.0,1800,87.0,17.0,2.0,51.0,53.0,35.0,42.5,11.120551545074855,71.625,-70.0,19.0,2025,6,27,2
119,2025-07-07,60,650.0,0.75,1800,87.0,192.0,96.0,243.0,51.0,31.0,94.5,99.49706863353647,95.25,105.0,288.0,2025,7,28,3
119,2025-07-28,41,650.0,0.0,1800,87.0,139.0,89.0,60.0,243.0,53.0,101.75,94.24568955660517,85.875,52.0,228.0,2025,7,31,3
119,2025-08-04,109,650.0,1.0,1800,87.0,242.0,15.0,41.0,60.0,51.0,98.75,96.479272385316,78.0,155.0,257.0,2025,8,32,3
119,2025-09-01,155,650.0,0.3333333333333333,1800,87.0,23.0,87.0,109.0,41.0,243.0,113.25,91.12034167334244,77.875,-64.0,110.0,2025,9,36,3
119,2025-09-08,166,650.0,0.5,1800,87.0,222.0,27.0,155.0,109.0,60.0,91.25,51.25345516808272,92.875,135.0,249.0,2025,9,37,3
119,2025-09-29,115,650.0,0.3333333333333333,1800,87.0,133.0,79.0,166.0,155.0,41.0,117.75,56.81182388669926,109.75,46.0,212.0,2025,9,40,3
119,2025-10-06,105,650.0,0.6666666666666666,1800,87.0,14.0,89.0,115.0,166.0,109.0,136.25,28.464890654980543,117.5,-73.0,103.0,2025,10,41,4
119,2025-10-27,24,650.0,1.0,1800,87.0,167.0,29.0,105.0,115.0,155.0,135.25,29.781146161064143,124.25,80.0,196.0,2025,10,44,4
119,2025-11-03,164,650.0,0.0,1800,87.0,103.0,64.0,24.0,105.0,166.0,102.5,58.75655991745374,96.875,16.0,167.0,2025,11,45,4
119,2025-11-10,121,650.0,0.25,1800,87.0,23.0,52.0,164.0,24.0,115.0,102.0,58.04021594262606,109.875,-64.0,75.0,2025,11,46,4
119,2025-12-01,208,650.0,0.6666666666666666,1800,87.0,23.0,52.0,121.0,164.0,105.0,103.5,58.56335600583922,119.875,-64.0,75.0,2025,12,49,4
119,2025-12-08,55,650.0,0.4,1800,87.0,247.0,26.0,208.0,121.0,24.0,129.25,78.64424115386113,132.25,160.0,273.0,2025,12,50,4
120,2024-12-30,136,0.0,0.0,550,0.0,0.0,0.0,0.0,0.0,0.0,0.0,0.0,0.0,0.0,0.0,2024,12,1,4
120,2025-01-06,171,850.0,0.25,550,71.0,0.0,0.0,136.0,0.0,0.0,136.0,0.0,136.0,0.0,0.0,2025,1,2,1
120,2025-01-27,21,850.0,0.2,550,71.0,150.0,50.0,171.0,136.0,0.0,153.5,24.748737341529164,153.5,79.0,200.0,2025,1,5,1
120,2025-02-03,124,850.0,0.0,550,71.0,150.0,50.0,21.0,171.0,0.0,109.33333333333333,78.47504911329035,109.33333333333333,79.0,200.0,2025,2,6,1
120,2025-02-10,39,850.0,0.5,550,71.0,51.0,86.0,124.0,21.0,136.0,113.0,64.49289366537475,113.0,-20.0,137.0,2025,2,7,1
120,2025-02-24,66,850.0,0.0,550,71.0,68.0,88.0,39.0,124.0,171.0,88.75,70.88194410426395,98.2,-3.0,156.0,2025,2,9,1
120,2025-03-03,46,850.0,1.0,550,71.0,150.0,93.0,66.0,39.0,21.0,62.5,44.97777228809804,92.83333333333333,79.0,243.0,2025,3,10,1
120,2025-03-10,28,850.0,0.0,550,71.0,179.0,51.0,46.0,66.0,124.0,68.75,38.56920187576265,86.14285714285714,108.0,230.0,2025,3,11,1
120,2025-03-31,76,850.0,0.0,550,71.0,36.0,70.0,28.0,46.0,39.0,44.75,15.986973864159939,78.875,-35.0,106.0,2025,3,14,1
120,2025-04-07,123,850.0,0.0,550,71.0,36.0,70.0,76.0,28.0,66.0,54.0,21.354156504062612,71.375,-35.0,106.0,2025,4,15,2
120,2025-04-28,183,850.0,0.3333333333333333,550,71.0,208.0,51.0,123.0,76.0,46.0,68.25,41.52408939398912,65.375,137.0,259.0,2025,4,18,2
120,2025-05-05,109,850.0,1.0,550,71.0,208.0,51.0,183.0,123.0,28.0,102.5,66.21429855653032,85.625,137.0,259.0,2025,5,19,2
120,2025-05-12,26,850.0,0.3333333333333333,550,71.0,165.0,27.0,109.0,183.0,76.0,122.75,44.73905825264243,83.75,94.0,192.0,2025,5,20,2
120,2025-05-26,67,850.0,0.0,550,71.0,131.0,91.0,26.0,109.0,123.0,110.25,64.69093187353747,82.125,60.0,222.0,2025,5,22,2
120,2025-06-02,75,850.0,1.0,550,71.0,131.0,91.0,67.0,26.0,183.0,96.25,67.029222482934,82.25,60.0,222.0,2025,6,23,2
120,2025-06-09,102,850.0,1.0,550,71.0,131.0,91.0,75.0,67.0,109.0,69.25,34.10156399150435,85.875,60.0,222.0,2025,6,24,2
120,2025-06-30,77,850.0,0.3333333333333333,550,71.0,222.0,17.0,102.0,75.0,26.0,67.5,31.458967984768126,95.125,151.0,239.0,2025,6,27,2
120,2025-07-28,50,850.0,0.3333333333333333,550,71.0,202.0,59.0,77.0,102.0,67.0,80.25,15.129992289048467,95.25,131.0,261.0,2025,7,31,3
120,2025-08-04,84,850.0,0.0,550,71.0,145.0,59.0,50.0,77.0,75.0,76.0,21.244607158837574,86.125,74.0,204.0,2025,8,32,3
120,2025-08-11,47,850.0,0.0,550,71.0,56.0,22.0,84.0,50.0,102.0,78.25,21.57738013136286,73.75,-15.0,78.0,2025,8,33,3
120,2025-09-01,116,850.0,0.0,550,71.0,56.0,22.0,47.0,84.0,77.0,64.5,18.734993995195175,66.0,-15.0,78.0,2025,9,36,3
120,2025-09-08,85,850.0,0.5,550,71.0,83.0,12.0,116.0,47.0,50.0,74.25,32.49999999999999,77.25,12.0,95.0,2025,9,37,3
120,2025-09-29,32,850.0,1.0,550,71.0,60.0,12.0,85.0,116.0,84.0,83.0,28.225284173355384,79.5,-11.0,72.0,2025,9,40,3
120,2025-10-06,202,850.0,1.0,550,71.0,236.0,60.0,32.0,85.0,47.0,70.0,37.920970451717075,74.125,165.0,296.0,2025,10,41,4
120,2025-12-01,72,850.0,0.3333333333333333,550,71.0,195.0,55.0,202.0,32.0,116.0,108.75,71.18696041645079,86.625,124.0,250.0,2025,12,49,4
120,2025-12-08,166,850.0,0.5,550,71.0,195.0,55.0,72.0,202.0,85.0,97.75,73.06789080483071,86.0,124.0,250.0,2025,12,50,4
121,2024-12-30,43,0.0,0.0,450,0.0,0.0,0.0,0.0,0.0,0.0,0.0,0.0,0.0,0.0,0.0,2024,12,1,4
121,2025-01-06,180,450.0,0.0,450,81.0,0.0,0.0,43.0,0.0,0.0,43.0,0.0,43.0,0.0,0.0,2025,1,2,1
121,2025-01-27,82,450.0,0.0,450,81.0,0.0,0.0,180.0,43.0,0.0,111.5,96.87362902255701,111.5,0.0,0.0,2025,1,5,1
121,2025-02-03,101,450.0,0.5,450,81.0,208.0,22.0,82.0,180.0,0.0,101.66666666666667,70.58564537732394,101.66666666666667,127.0,230.0,2025,2,6,1
121,2025-02-10,99,450.0,0.0,450,81.0,182.0,71.0,101.0,82.0,43.0,101.5,57.633902060043326,101.5,101.0,253.0,2025,2,7,1
121,2025-02-24,19,450.0,0.5,450,81.0,20.0,50.0,99.0,101.0,180.0,115.5,43.83681861935999,101.0,-61.0,70.0,2025,2,9,1
121,2025-03-03,103,450.0,0.0,450,81.0,20.0,50.0,19.0,99.0,82.0,75.25,38.45668559128135,87.33333333333333,-61.0,70.0,2025,3,10,1
121,2025-03-31,33,450.0,0.0,450,81.0,20.0,50.0,103.0,19.0,101.0,80.5,41.032507438208874,89.57142857142857,-61.0,70.0,2025,3,14,1
121,2025-04-07,108,450.0,1.0,450,81.0,249.0,74.0,33.0,103.0,99.0,63.5,43.70736017346888,82.5,168.0,323.0,2025,4,15,2
121,2025-04-28,117,450.0,0.3333333333333333,450,81.0,133.0,45.0,108.0,33.0,19.0,65.75,46.29884807782299,90.625,52.0,178.0,2025,4,18,2
121,2025-05-05,150,450.0,0.25,450,81.0,204.0,51.0,117.0,108.0,103.0,90.25,38.60375629391523,82.75,123.0,255.0,2025,5,19,2
121,2025-05-12,26,450.0,0.3333333333333333,450,81.0,198.0,63.0,150.0,117.0,33.0,102.0,49.416596402423345,91.25,117.0,261.0,2025,5,20,2
121,2025-06-02,132,450.0,0.0,450,81.0,198.0,63.0,26.0,150.0,108.0,100.25,52.690131903421914,81.875,117.0,261.0,2025,6,23,2
121,2025-06-30,100,450.0,0.5,450,81.0,75.0,0.0,132.0,26.0,117.0,106.25,55.174722473248565,86.0,-6.0,75.0,2025,6,27,2
121,2025-07-07,253,450.0,0.5,450,81.0,209.0,45.0,100.0,132.0,150.0,102.0,54.72354764328302,96.125,128.0,254.0,2025,7,28,3
121,2025-07-28,34,450.0,0.5,450,81.0,209.0,45.0,253.0,100.0,26.0,127.75,94.56699565211251,114.875,128.0,254.0,2025,7,31,3
121,2025-08-04,151,450.0,1.0,450,81.0,113.0,14.0,34.0,253.0,132.0,129.75,91.74012208406963,115.0,32.0,127.0,2025,8,32,3
121,2025-08-11,48,450.0,0.2,450,81.0,113.0,14.0,151.0,34.0,100.0,134.5,92.38506372785592,120.375,32.0,127.0,2025,8,33,3
121,2025-09-01,147,450.0,0.0,450,81.0,147.0,9.0,48.0,151.0,253.0,121.5,102.01470482239313,111.75,66.0,156.0,2025,9,36,3
121,2025-09-08,64,450.0,0.6666666666666666,450,81.0,147.0,9.0,147.0,48.0,34.0,95.0,62.63651757029068,111.375,66.0,156.0,2025,9,37,3
121,2025-09-29,141,450.0,0.5,450,81.0,147.0,9.0,64.0,147.0,151.0,102.5,54.11407703484679,116.125,66.0,156.0,2025,9,40,3
121,2025-10-06,105,450.0,0.3333333333333333,450,81.0,67.0,35.0,141.0,64.0,48.0,100.0,51.28352561983233,117.25,-14.0,102.0,2025,10,41,4
121,2025-10-27,95,450.0,0.3333333333333333,450,81.0,222.0,16.0,105.0,141.0,147.0,114.25,38.291643997091576,117.875,141.0,238.0,2025,10,44,4
121,2025-11-03,50,450.0,1.0,450,81.0,28.0,11.0,95.0,105.0,64.0,101.25,31.731950249971497,98.125,-53.0,39.0,2025,11,45,4
121,2025-11-10,52,450.0,0.0,450,81.0,182.0,80.0,50.0,95.0,141.0,97.75,37.46442757247644,100.125,101.0,262.0,2025,11,46,4
121,2025-12-01,26,450.0,0.0,450,81.0,182.0,80.0,52.0,50.0,105.0,75.5,28.59487133502555,87.75,101.0,262.0,2025,12,49,4
121,2025-12-08,44,450.0,0.0,450,81.0,162.0,74.0,26.0,52.0,95.0,55.75,28.709754439911176,85.0,81.0,236.0,2025,12,50,4
122,2024-12-30,144,0.0,0.0,999,0.0,0.0,0.0,0.0,0.0,0.0,0.0,0.0,0.0,0.0,0.0,2024,12,1,4
122,2025-01-06,49,450.0,0.3333333333333333,999,48.0,113.0,47.0,144.0,0.0,0.0,144.0,0.0,144.0,65.0,160.0,2025,1,2,1
122,2025-01-27,29,450.0,0.0,999,48.0,113.0,47.0,49.0,144.0,0.0,96.5,67.17514421272202,96.5,65.0,160.0,2025,1,5,1
122,2025-02-03,143,450.0,1.0,999,48.0,149.0,8.0,29.0,49.0,0.0,74.0,61.44102863722254,74.0,101.0,157.0,2025,2,6,1
122,2025-02-10,90,450.0,0.25,999,48.0,69.0,51.0,143.0,29.0,144.0,91.25,60.884453406979574,91.25,21.0,120.0,2025,2,7,1
122,2025-02-24,55,450.0,0.3333333333333333,999,48.0,69.0,51.0,90.0,143.0,49.0,77.75,50.36781379677568,91.0,21.0,120.0,2025,2,9,1
122,2025-03-03,235,450.0,1.0,999,48.0,69.0,51.0,55.0,90.0,29.0,79.25,49.3043270582478,85.0,21.0,120.0,2025,3,10,1
122,2025-03-10,22,450.0,0.3333333333333333,999,48.0,241.0,91.0,235.0,55.0,143.0,130.75,78.35123908826628,106.42857142857143,193.0,332.0,2025,3,11,1
122,2025-03-31,157,450.0,0.0,999,48.0,241.0,91.0,22.0,235.0,90.0,100.5,93.8669270829721,95.875,193.0,332.0,2025,3,14,1
122,2025-04-07,63,450.0,0.3333333333333333,999,48.0,96.0,81.0,157.0,22.0,55.0,117.25,97.28437695745397,97.5,48.0,177.0,2025,4,15,2
122,2025-04-28,100,450.0,0.0,999,48.0,209.0,29.0,63.0,157.0,235.0,119.25,95.64648451459155,99.25,161.0,238.0,2025,4,18,2
122,2025-05-05,169,450.0,0.0,999,48.0,137.0,59.0,100.0,63.0,22.0,85.5,57.332364332896645,108.125,89.0,196.0,2025,5,19,2
122,2025-05-26,21,450.0,0.25,999,48.0,158.0,2.0,169.0,100.0,157.0,122.25,49.66135318333562,111.375,110.0,160.0,2025,5,22,2
122,2025-06-02,180,450.0,0.0,999,48.0,209.0,88.0,21.0,169.0,63.0,88.25,62.76610019216849,102.75,161.0,297.0,2025,6,23,2
122,2025-06-09,154,450.0,0.16666666666666666,999,48.0,242.0,91.0,180.0,21.0,100.0,117.5,73.43250869562698,118.375,194.0,333.0,2025,6,24,2
122,2025-06-30,174,450.0,0.3333333333333333,999,48.0,31.0,75.0,154.0,180.0,169.0,131.0,74.10353117991971,108.25,-17.0,106.0,2025,6,27,2
122,2025-07-07,164,450.0,0.4,999,48.0,96.0,55.0,174.0,154.0,21.0,132.25,74.99499983332221,127.25,48.0,151.0,2025,7,28,3
122,2025-07-28,23,450.0,0.5,999,48.0,239.0,27.0,164.0,174.0,180.0,168.0,11.430952132988077,128.125,191.0,266.0,2025,7,31,3
122,2025-08-04,185,450.0,0.0,999,48.0,239.0,27.0,23.0,164.0,154.0,128.75,70.97123830585645,123.125,191.0,266.0,2025,8,32,3
122,2025-08-11,20,450.0,0.5,999,48.0,181.0,46.0,185.0,23.0,174.0,136.5,76.15116545398368,133.75,133.0,227.0,2025,8,33,3
122,2025-09-01,176,450.0,0.0,999,48.0,181.0,46.0,20.0,185.0,164.0,98.0,88.75809822207772,115.125,133.0,227.0,2025,9,36,3
122,2025-09-08,133,450.0,0.6666666666666666,999,48.0,176.0,36.0,176.0,20.0,23.0,101.0,91.88035698668132,134.5,128.0,212.0,2025,9,37,3
122,2025-09-29,106,450.0,0.5,999,48.0,239.0,86.0,133.0,176.0,185.0,128.5,75.80897044545584,128.625,191.0,325.0,2025,9,40,3
122,2025-10-06,134,450.0,0.0,999,48.0,183.0,0.0,106.0,133.0,20.0,108.75,65.81476531397291,122.625,135.0,183.0,2025,10,41,4
122,2025-10-27,30,450.0,0.6666666666666666,999,48.0,183.0,0.0,134.0,106.0,176.0,137.25,28.906458332582552,117.625,135.0,183.0,2025,10,44,4
122,2025-11-03,197,450.0,0.0,999,48.0,183.0,0.0,30.0,134.0,133.0,100.75,48.91744746679517,100.875,135.0,183.0,2025,11,45,4
122,2025-11-10,26,450.0,0.2,999,48.0,191.0,15.0,197.0,30.0,106.0,116.75,69.23089387453165,122.625,143.0,206.0,2025,11,46,4
122,2025-12-01,63,450.0,0.0,999,48.0,191.0,15.0,26.0,197.0,134.0,96.75,83.46406412342978,102.75,143.0,206.0,2025,12,49,4
122,2025-12-08,254,450.0,0.0,999,48.0,137.0,35.0,63.0,26.0,30.0,79.0,80.3948588737696,108.125,89.0,172.0,2025,12,50,4
123,2024-12-30,43,0.0,0.0,250,0.0,0.0,0.0,0.0,0.0,0.0,0.0,0.0,0.0,0.0,0.0,2024,12,1,4
123,2025-01-06,117,450.0,0.0,250,98.0,89.0,4.0,43.0,0.0,0.0,43.0,0.0,43.0,-9.0,93.0,2025,1,2,1
123,2025-01-27,29,450.0,0.0,250,98.0,63.0,68.0,117.0,43.0,0.0,80.0,52.32590180780452,80.0,-35.0,131.0,2025,1,5,1
123,2025-02-03,143,450.0,0.0,250,98.0,122.0,74.0,29.0,117.0,0.0,63.0,47.286361670147556,63.0,24.0,196.0,2025,2,6,1
123,2025-02-10,102,450.0,0.0,250,98.0,144.0,18.0,143.0,29.0,43.0,83.0,55.59376463837169,83.0,46.0,162.0,2025,2,7,1
123,2025-03-03,164,450.0,1.0,250,98.0,144.0,18.0,102.0,143.0,117.0,97.75,48.86290344763943,86.8,46.0,162.0,2025,3,10,1
123,2025-03-10,151,450.0,0.2,250,98.0,239.0,75.0,164.0,102.0,29.0,109.5,59.52310475773252,99.66666666666667,141.0,314.0,2025,3,11,1
123,2025-03-31,203,450.0,0.6666666666666666,250,98.0,210.0,79.0,151.0,164.0,143.0,140.0,26.77063067368168,107.0,112.0,289.0,2025,3,14,1
123,2025-04-07,349,450.0,0.4,250,98.0,67.0,69.0,203.0,151.0,102.0,155.0,41.67333280008531,119.0,-31.0,136.0,2025,4,15,2
123,2025-05-05,236,450.0,0.4,250,98.0,19.0,35.0,349.0,203.0,164.0,216.75,90.89325240815917,157.25,-79.0,54.0,2025,5,19,2
123,2025-05-12,27,450.0,0.4,250,98.0,17.0,21.0,236.0,349.0,151.0,234.75,83.81875287388456,172.125,-81.0,38.0,2025,5,20,2
123,2025-05-26,23,450.0,0.0,250,98.0,17.0,21.0,27.0,236.0,203.0,203.75,133.39009208583172,171.875,-81.0,38.0,2025,5,22,2
123,2025-06-02,61,450.0,0.0,250,98.0,94.0,97.0,23.0,27.0,349.0,158.75,161.1921730936917,156.875,-4.0,191.0,2025,6,23,2
123,2025-06-09,97,450.0,1.0,250,98.0,71.0,35.0,61.0,23.0,236.0,86.75,100.95007016672484,151.75,-27.0,106.0,2025,6,24,2
123,2025-06-30,199,450.0,0.5,250,98.0,71.0,35.0,97.0,61.0,27.0,52.0,34.50603811895344,143.375,-27.0,106.0,2025,6,27,2
123,2025-07-07,121,450.0,0.25,250,98.0,71.0,35.0,199.0,97.0,23.0,95.0,75.63068160475615,149.375,-27.0,106.0,2025,7,28,3
123,2025-07-28,36,450.0,0.25,250,98.0,226.0,24.0,121.0,199.0,61.0,119.5,58.455110982701946,139.125,128.0,250.0,2025,7,31,3
123,2025-08-04,102,450.0,0.0,250,98.0,226.0,24.0,36.0,121.0,97.0,113.25,67.4407147055842,100.0,128.0,250.0,2025,8,32,3
123,2025-08-11,22,450.0,0.5,250,98.0,226.0,24.0,102.0,36.0,199.0,114.5,67.08452379896077,83.25,128.0,250.0,2025,8,33,3
123,2025-09-01,149,450.0,0.0,250,98.0,206.0,9.0,22.0,102.0,121.0,70.25,48.596124674024516,82.625,108.0,215.0,2025,9,36,3
123,2025-09-08,48,450.0,0.5,250,98.0,100.0,26.0,149.0,22.0,36.0,77.25,59.2023366655968,98.375,2.0,126.0,2025,9,37,3
123,2025-09-29,82,450.0,0.0,250,98.0,13.0,47.0,48.0,149.0,102.0,80.25,56.66495095441862,96.75,-85.0,60.0,2025,9,40,3
123,2025-10-06,133,450.0,0.0,250,98.0,169.0,71.0,82.0,48.0,22.0,75.25,54.9628662522859,94.875,71.0,240.0,2025,10,41,4
123,2025-10-27,78,450.0,0.5,250,98.0,237.0,78.0,133.0,82.0,149.0,103.0,46.48297179254644,86.625,139.0,315.0,2025,10,44,4
123,2025-11-03,129,450.0,0.0,250,98.0,237.0,78.0,78.0,133.0,48.0,85.25,35.26447693264902,81.25,139.0,315.0,2025,11,45,4
123,2025-11-10,60,450.0,0.5,250,98.0,123.0,11.0,129.0,78.0,82.0,105.5,29.53528962670477,92.875,25.0,134.0,2025,11,46,4
123,2025-12-01,131,450.0,1.0,250,98.0,123.0,11.0,60.0,129.0,133.0,100.0,36.57868231634378,87.625,25.0,134.0,2025,12,49,4
123,2025-12-08,79,450.0,0.3333333333333333,250,98.0,147.0,62.0,131.0,60.0,78.0,99.5,35.98610843089318,101.25,49.0,209.0,2025,12,50,4
124,2024-12-30,111,0.0,0.0,750,0.0,0.0,0.0,0.0,0.0,0.0,0.0,0.0,0.0,0.0,0.0,2024,12,1,4
124,2025-01-06,198,350.0,0.3333333333333333,750,92.0,223.0,84.0,111.0,0.0,0.0,111.0,0.0,111.0,131.0,307.0,2025,1,2,1
124,2025-01-27,64,350.0,0.2,750,92.0,223.0,84.0,198.0,111.0,0.0,154.5,61.518289963229634,154.5,131.0,307.0,2025,1,5,1
124,2025-02-03,125,350.0,0.0,750,92.0,223.0,84.0,64.0,198.0,0.0,124.33333333333333,67.98774399355617,124.33333333333333,131.0,307.0,2025,2,6,1
124,2025-02-10,72,350.0,0.5,750,92.0,250.0,86.0,125.0,64.0,111.0,124.5,55.51276129563964,124.5,158.0,336.0,2025,2,7,1
124,2025-02-24,57,350.0,1.0,750,92.0,164.0,77.0,72.0,125.0,198.0,114.75,61.74881915200214,114.0,72.0,241.0,2025,2,9,1
124,2025-03-03,27,350.0,1.0,750,92.0,164.0,77.0,57.0,72.0,64.0,79.5,30.946189857019014,104.5,72.0,241.0,2025,3,10,1
124,2025-03-10,83,350.0,0.0,750,92.0,164.0,77.0,27.0,57.0,125.0,70.25,41.015241069631664,93.42857142857143,72.0,241.0,2025,3,11,1
124,2025-03-31,182,350.0,0.5,750,92.0,164.0,77.0,83.0,27.0,72.0,59.75,24.295061226512683,92.125,72.0,241.0,2025,3,14,1
124,2025-04-07,163,350.0,0.5,750,92.0,71.0,54.0,182.0,83.0,57.0,87.25,67.18320722720324,101.0,-21.0,125.0,2025,4,15,2
124,2025-04-28,51,350.0,0.4,750,92.0,71.0,54.0,163.0,182.0,27.0,113.75,72.00636545935829,96.625,-21.0,125.0,2025,4,18,2
124,2025-05-05,50,350.0,0.0,750,92.0,149.0,72.0,51.0,163.0,83.0,119.75,62.77672073839686,95.0,57.0,221.0,2025,5,19,2
124,2025-05-26,54,350.0,0.0,750,92.0,149.0,72.0,50.0,51.0,182.0,111.5,70.86371897287545,85.625,57.0,221.0,2025,5,22,2
124,2025-06-02,133,350.0,1.0,750,92.0,97.0,21.0,54.0,50.0,163.0,79.5,55.69260872563492,83.375,5.0,118.0,2025,6,23,2
124,2025-06-09,123,350.0,0.25,750,92.0,97.0,21.0,133.0,54.0,51.0,72.0,40.702170294305766,92.875,5.0,118.0,2025,6,24,2
124,2025-06-30,54,350.0,0.3333333333333333,750,92.0,97.0,21.0,123.0,133.0,50.0,90.0,44.09837487557412,104.875,5.0,118.0,2025,6,27,2
124,2025-07-07,151,350.0,0.0,750,92.0,107.0,48.0,54.0,123.0,54.0,91.0,42.918527467749875,101.25,15.0,155.0,2025,7,28,3
124,2025-07-28,61,350.0,0.5,750,92.0,77.0,41.0,151.0,54.0,133.0,115.25,42.44506253185798,97.375,-15.0,118.0,2025,7,31,3
124,2025-08-04,108,350.0,1.0,750,92.0,77.0,41.0,61.0,151.0,123.0,97.25,47.38758627882764,84.625,-15.0,118.0,2025,8,32,3
124,2025-09-01,59,350.0,0.0,750,92.0,113.0,49.0,108.0,61.0,54.0,93.5,45.21430452117266,91.75,21.0,162.0,2025,9,36,3
124,2025-09-08,201,350.0,0.5,750,92.0,42.0,96.0,59.0,108.0,151.0,94.75,43.80544106234598,92.875,-50.0,138.0,2025,9,37,3
124,2025-09-29,155,350.0,0.6,750,92.0,89.0,82.0,201.0,59.0,61.0,107.25,66.47493261874484,111.25,-3.0,171.0,2025,9,40,3
124,2025-10-06,172,350.0,0.6666666666666666,750,92.0,217.0,65.0,155.0,201.0,108.0,130.75,61.07031466541935,114.0,125.0,282.0,2025,10,41,4
124,2025-10-27,56,350.0,0.2,750,92.0,217.0,65.0,172.0,155.0,59.0,146.75,61.5054198153843,120.125,125.0,282.0,2025,10,44,4
124,2025-11-03,153,350.0,1.0,750,92.0,23.0,96.0,56.0,172.0,201.0,146.0,62.933827681674245,120.375,-69.0,119.0,2025,11,45,4
124,2025-11-10,50,350.0,0.3333333333333333,750,92.0,183.0,54.0,153.0,56.0,155.0,134.0,52.69408568963568,120.625,91.0,237.0,2025,11,46,4
124,2025-12-01,147,350.0,0.0,750,92.0,246.0,94.0,50.0,153.0,172.0,107.75,63.7410124383561,119.25,154.0,340.0,2025,12,49,4
124,2025-12-08,77,350.0,0.0,750,92.0,104.0,47.0,147.0,50.0,56.0,101.5,56.110010990315565,124.125,12.0,151.0,2025,12,50,4
125,2024-12-30,28,0.0,0.0,999,0.0,0.0,0.0,0.0,0.0,0.0,0.0,0.0,0.0,0.0,0.0,2024,12,1,4
125,2025-01-06,87,650.0,0.0,999,83.0,187.0,89.0,28.0,0.0,0.0,28.0,0.0,28.0,104.0,276.0,2025,1,2,1
125,2025-01-27,59,650.0,0.3333333333333333,999,83.0,194.0,2.0,87.0,28.0,0.0,57.5,41.71930009000631,57.5,111.0,196.0,2025,1,5,1
125,2025-02-03,39,650.0,0.0,999,83.0,194.0,2.0,59.0,87.0,0.0,58.0,29.512709126747414,58.0,111.0,196.0,2025,2,6,1
125,2025-02-10,40,650.0,1.0,999,83.0,194.0,2.0,39.0,59.0,28.0,53.25,25.90205912020638,53.25,111.0,196.0,2025,2,7,1
125,2025-02-24,48,650.0,0.0,999,83.0,207.0,10.0,40.0,39.0,87.0,56.25,22.47035083541569,50.6,124.0,217.0,2025,2,9,1
125,2025-03-03,42,650.0,0.0,999,83.0,207.0,10.0,48.0,40.0,59.0,46.5,9.255628917943215,50.166666666666664,124.0,217.0,2025,3,10,1
125,2025-03-10,110,650.0,1.0,999,83.0,207.0,10.0,42.0,48.0,39.0,42.25,4.0311288741492755,49.0,124.0,217.0,2025,3,11,1
125,2025-03-31,120,650.0,0.0,999,83.0,207.0,10.0,110.0,42.0,40.0,60.0,33.50621832834417,56.625,124.0,217.0,2025,3,14,1
125,2025-04-07,114,650.0,0.6666666666666666,999,83.0,207.0,10.0,120.0,110.0,48.0,80.0,40.69397989875161,68.125,124.0,217.0,2025,4,15,2
125,2025-04-28,105,650.0,0.0,999,83.0,113.0,84.0,114.0,120.0,42.0,96.5,36.56501059756444,71.5,30.0,197.0,2025,4,18,2
125,2025-05-05,46,650.0,0.5,999,83.0,100.0,76.0,105.0,114.0,110.0,112.25,6.3442887702247335,77.25,17.0,176.0,2025,5,19,2
125,2025-05-12,57,650.0,0.0,999,83.0,45.0,49.0,46.0,105.0,120.0,96.25,34.06244266050219,78.125,-38.0,94.0,2025,5,20,2
125,2025-05-26,67,650.0,0.0,999,83.0,81.0,72.0,57.0,46.0,114.0,80.5,33.98529093593285,80.25,-2.0,153.0,2025,5,22,2
125,2025-06-02,60,650.0,1.0,999,83.0,81.0,72.0,67.0,57.0,105.0,68.75,25.643387711714944,82.625,-2.0,153.0,2025,6,23,2
125,2025-06-09,30,650.0,0.5,999,83.0,101.0,32.0,60.0,67.0,46.0,57.5,8.73689494805408,84.875,18.0,133.0,2025,6,24,2
125,2025-06-30,235,650.0,0.0,999,83.0,84.0,14.0,30.0,60.0,57.0,53.5,16.21727474022684,74.875,1.0,98.0,2025,6,27,2
125,2025-07-07,28,650.0,0.2,999,83.0,27.0,44.0,235.0,30.0,67.0,98.0,92.73259045952148,89.25,-56.0,71.0,2025,7,28,3
125,2025-07-28,24,650.0,0.0,999,83.0,227.0,14.0,28.0,235.0,60.0,88.25,98.92210740442873,78.5,144.0,241.0,2025,7,31,3
125,2025-08-04,110,650.0,0.0,999,83.0,78.0,49.0,24.0,28.0,30.0,79.25,103.86329155834285,68.375,-5.0,127.0,2025,8,32,3
125,2025-08-11,52,650.0,0.0,999,83.0,198.0,71.0,110.0,24.0,235.0,99.25,98.7973515164585,76.375,115.0,269.0,2025,8,33,3
125,2025-09-01,126,650.0,0.0,999,83.0,177.0,92.0,52.0,110.0,28.0,53.5,39.644251369734114,75.75,94.0,269.0,2025,9,36,3
125,2025-09-08,52,650.0,0.25,999,83.0,177.0,92.0,126.0,52.0,24.0,78.0,48.02776974487433,83.125,94.0,269.0,2025,9,37,3
125,2025-09-29,136,650.0,0.5,999,83.0,177.0,92.0,52.0,126.0,110.0,85.0,38.66091911306126,82.125,94.0,269.0,2025,9,40,3
125,2025-10-06,79,650.0,0.0,999,83.0,45.0,8.0,136.0,52.0,52.0,91.5,45.79301256742123,95.375,-38.0,53.0,2025,10,41,4
125,2025-10-27,59,650.0,0.0,999,83.0,137.0,50.0,79.0,136.0,126.0,98.25,39.601136347332236,75.875,54.0,187.0,2025,10,44,4
125,2025-11-03,285,650.0,0.0,999,83.0,229.0,18.0,59.0,79.0,52.0,81.5,38.0919939094818,79.75,146.0,247.0,2025,11,45,4
125,2025-11-10,21,650.0,0.8,999,83.0,117.0,17.0,285.0,59.0,136.0,139.75,102.18080380710785,112.375,34.0,134.0,2025,11,46,4
125,2025-12-01,177,650.0,0.0,999,83.0,117.0,17.0,21.0,285.0,79.0,111.0,118.46799849185714,101.25,34.0,134.0,2025,12,49,4
125,2025-12-08,127,650.0,0.5,999,83.0,224.0,81.0,177.0,21.0,59.0,135.5,119.77061409210525,116.875,141.0,305.0,2025,12,50,4
126,2024-12-30,103,0.0,0.0,1200,0.0,0.0,0.0,0.0,0.0,0.0,0.0,0.0,0.0,0.0,0.0,2024,12,1,4
126,2025-01-06,140,1200.0,0.3333333333333333,1200,35.0,211.0,75.0,103.0,0.0,0.0,103.0,0.0,103.0,176.0,286.0,2025,1,2,1
126,2025-01-27,101,1200.0,0.0,1200,35.0,114.0,36.0,140.0,103.0,0.0,121.5,26.16295090390226,121.5,79.0,150.0,2025,1,5,1
126,2025-02-03,168,1200.0,0.5,1200,35.0,114.0,36.0,101.0,140.0,0.0,114.66666666666667,21.962088546705512,114.66666666666667,79.0,150.0,2025,2,6,1
126,2025-02-10,67,1200.0,0.75,1200,35.0,249.0,87.0,168.0,101.0,103.0,128.0,32.13513134665341,128.0,214.0,336.0,2025,2,7,1
126,2025-03-03,100,1200.0,0.0,1200,35.0,249.0,87.0,67.0,168.0,140.0,119.0,44.23422506008969,115.8,214.0,336.0,2025,3,10,1
126,2025-03-10,46,1200.0,0.0,1200,35.0,147.0,61.0,100.0,67.0,101.0,109.0,42.38710495736488,113.16666666666667,112.0,208.0,2025,3,11,1
126,2025-03-31,196,1200.0,0.5,1200,35.0,180.0,11.0,46.0,100.0,168.0,95.25,53.35025773133622,103.57142857142857,145.0,191.0,2025,3,14,1
126,2025-04-28,27,1200.0,1.0,1200,35.0,87.0,78.0,196.0,46.0,67.0,102.25,66.33438022624468,115.125,52.0,165.0,2025,4,18,2
126,2025-05-05,159,1200.0,0.0,1200,35.0,225.0,25.0,27.0,196.0,100.0,92.25,75.76443756803056,105.625,190.0,250.0,2025,5,19,2
126,2025-05-12,23,1200.0,0.5,1200,35.0,225.0,25.0,159.0,27.0,46.0,107.0,83.15848323131762,108.0,190.0,250.0,2025,5,20,2
126,2025-05-26,57,1200.0,0.0,1200,35.0,225.0,25.0,23.0,159.0,196.0,101.25,89.34716932654703,98.25,190.0,250.0,2025,5,22,2
126,2025-06-02,97,1200.0,0.0,1200,35.0,186.0,86.0,57.0,23.0,27.0,66.5,63.50590523722971,84.375,151.0,272.0,2025,6,23,2
126,2025-06-09,158,1200.0,0.6666666666666666,1200,35.0,236.0,32.0,97.0,57.0,159.0,84.0,58.43514923970561,88.125,201.0,268.0,2025,6,24,2
126,2025-06-30,145,1200.0,0.0,1200,35.0,45.0,86.0,158.0,97.0,23.0,83.75,58.007901760593505,95.375,10.0,131.0,2025,6,27,2
126,2025-07-07,58,1200.0,0.0,1200,35.0,224.0,99.0,145.0,158.0,57.0,114.25,46.313245045738995,107.75,189.0,323.0,2025,7,28,3
126,2025-07-28,53,1200.0,0.5,1200,35.0,224.0,99.0,58.0,145.0,97.0,114.5,45.90206967011401,90.5,189.0,323.0,2025,7,31,3
126,2025-08-04,187,1200.0,0.0,1200,35.0,224.0,99.0,53.0,58.0,158.0,103.5,55.71654452075554,93.75,189.0,323.0,2025,8,32,3
126,2025-08-11,18,1200.0,0.75,1200,35.0,249.0,3.0,187.0,53.0,145.0,110.75,66.0927378764112,97.25,214.0,252.0,2025,8,33,3
126,2025-09-01,112,1200.0,0.0,1200,35.0,249.0,3.0,18.0,187.0,58.0,79.0,74.16647940051264,96.625,214.0,252.0,2025,9,36,3
126,2025-09-08,136,1200.0,0.3333333333333333,1200,35.0,249.0,3.0,112.0,18.0,53.0,92.5,73.98423255442113,103.5,214.0,252.0,2025,9,37,3
126,2025-10-06,135,1200.0,0.3333333333333333,1200,35.0,69.0,77.0,136.0,112.0,187.0,113.25,70.78311945654839,108.375,34.0,146.0,2025,10,41,4
126,2025-10-27,27,1200.0,0.0,1200,35.0,69.0,77.0,135.0,136.0,18.0,100.25,55.94267899674929,105.5,34.0,146.0,2025,10,44,4
126,2025-11-03,51,1200.0,0.0,1200,35.0,93.0,74.0,27.0,135.0,112.0,102.5,51.53962876596351,90.75,58.0,167.0,2025,11,45,4
126,2025-12-01,151,1200.0,0.0,1200,35.0,64.0,42.0,51.0,27.0,136.0,87.25,56.570752160458326,89.875,29.0,106.0,2025,12,49,4
126,2025-12-08,68,1200.0,0.0,1200,35.0,179.0,74.0,151.0,51.0,135.0,91.0,61.18823416311342,102.125,144.0,253.0,2025,12,50,4
127,2024-12-30,25,0.0,0.0,700,0.0,0.0,0.0,0.0,0.0,0.0,0.0,0.0,0.0,0.0,0.0,2024,12,1,4
127,2025-01-06,48,999.0,0.0,700,57.0,0.0,0.0,25.0,0.0,0.0,25.0,0.0,25.0,0.0,0.0,2025,1,2,1
127,2025-02-03,112,999.0,0.5,700,57.0,240.0,4.0,48.0,25.0,0.0,36.5,16.263455967290593,36.5,183.0,244.0,2025,2,6,1
127,2025-02-10,43,999.0,0.25,700,57.0,100.0,100.0,112.0,48.0,0.0,61.666666666666664,45.08140784551136,61.666666666666664,43.0,200.0,2025,2,7,1
127,2025-02-24,35,999.0,1.0,700,57.0,164.0,23.0,43.0,112.0,25.0,57.0,37.97367509209505,57.0,107.0,187.0,2025,2,9,1
127,2025-03-03,180,999.0,0.0,700,57.0,164.0,23.0,35.0,43.0,48.0,59.5,35.4071555856534,52.6,107.0,187.0,2025,3,10,1
127,2025-03-10,86,999.0,0.6,700,57.0,95.0,23.0,180.0,35.0,112.0,92.5,67.80609608779041,73.83333333333333,38.0,118.0,2025,3,11,1
127,2025-03-31,143,999.0,0.5,700,57.0,68.0,88.0,86.0,180.0,43.0,86.0,66.54822812567339,75.57142857142857,11.0,156.0,2025,3,14,1
127,2025-04-07,150,999.0,0.3333333333333333,700,57.0,198.0,91.0,143.0,86.0,35.0,111.0,63.733821476512766,84.0,141.0,289.0,2025,4,15,2
127,2025-04-28,43,999.0,0.25,700,57.0,198.0,91.0,150.0,143.0,180.0,139.75,39.26300209272506,99.625,141.0,289.0,2025,4,18,2
127,2025-05-05,95,999.0,0.0,700,57.0,198.0,91.0,43.0,150.0,86.0,105.5,50.57337903152869,99.0,141.0,289.0,2025,5,19,2
127,2025-06-02,147,999.0,0.0,700,57.0,100.0,71.0,95.0,43.0,143.0,107.75,49.60762710175388,96.875,43.0,171.0,2025,6,23,2
127,2025-06-09,111,999.0,0.5,700,57.0,60.0,33.0,147.0,95.0,150.0,108.75,50.58573580236494,109.875,3.0,93.0,2025,6,24,2
127,2025-06-30,144,999.0,0.0,700,57.0,159.0,91.0,111.0,147.0,43.0,99.0,43.20493798938572,119.375,102.0,250.0,2025,6,27,2
127,2025-07-28,34,999.0,0.5,700,57.0,58.0,17.0,144.0,111.0,95.0,124.25,25.421447637772292,114.875,1.0,75.0,2025,7,31,3
127,2025-08-04,96,999.0,0.0,700,57.0,154.0,89.0,34.0,144.0,147.0,109.0,52.59277516921881,108.375,97.0,243.0,2025,8,32,3
127,2025-08-11,22,999.0,0.5,700,57.0,154.0,89.0,96.0,34.0,111.0,96.25,46.089586676384926,102.5,97.0,243.0,2025,8,33,3
127,2025-09-01,110,999.0,0.0,700,57.0,111.0,28.0,22.0,96.0,144.0,74.0,56.827223523002885,86.5,54.0,139.0,2025,9,36,3
127,2025-09-08,99,999.0,0.0,700,57.0,76.0,74.0,110.0,22.0,34.0,65.5,43.95072999014539,94.875,19.0,150.0,2025,9,37,3
127,2025-09-29,117,999.0,0.0,700,57.0,76.0,74.0,99.0,110.0,96.0,81.75,40.28543988423939,95.375,19.0,150.0,2025,9,40,3
127,2025-10-06,253,999.0,0.0,700,57.0,76.0,74.0,117.0,99.0,22.0,87.0,43.962104893495095,91.625,19.0,150.0,2025,10,41,4
127,2025-11-03,68,999.0,0.14285714285714285,700,57.0,110.0,83.0,253.0,117.0,110.0,144.75,72.54596244221084,109.375,53.0,193.0,2025,11,45,4
127,2025-11-10,92,999.0,0.0,700,57.0,177.0,75.0,68.0,253.0,99.0,134.25,81.71240215944373,99.875,120.0,252.0,2025,11,46,4
127,2025-12-01,76,999.0,0.5,700,57.0,217.0,45.0,92.0,68.0,117.0,132.5,82.78687496618448,107.125,160.0,262.0,2025,12,49,4
127,2025-12-08,122,999.0,0.0,700,57.0,205.0,73.0,76.0,92.0,253.0,122.25,87.73587255697257,104.625,148.0,278.0,2025,12,50,4
128,2024-12-30,136,0.0,0.0,750,0.0,0.0,0.0,0.0,0.0,0.0,0.0,0.0,0.0,0.0,0.0,2024,12,1,4
128,2025-01-06,85,350.0,0.0,750,23.0,0.0,0.0,136.0,0.0,0.0,136.0,0.0,136.0,0.0,0.0,2025,1,2,1
128,2025-01-27,37,350.0,0.3333333333333333,750,23.0,226.0,64.0,85.0,136.0,0.0,110.5,36.062445840513924,110.5,203.0,290.0,2025,1,5,1
128,2025-02-03,102,350.0,0.0,750,23.0,226.0,64.0,37.0,85.0,0.0,86.0,49.50757517794625,86.0,203.0,290.0,2025,2,6,1
128,2025-02-10,71,350.0,0.5,750,23.0,58.0,95.0,102.0,37.0,136.0,90.0,41.20679555607303,90.0,35.0,153.0,2025,2,7,1
128,2025-02-24,47,350.0,1.0,750,23.0,223.0,11.0,71.0,102.0,85.0,73.75,27.584717991429002,86.2,200.0,234.0,2025,2,9,1
128,2025-03-03,99,350.0,1.0,750,23.0,90.0,59.0,47.0,71.0,37.0,64.25,28.92951203644242,79.66666666666667,67.0,149.0,2025,3,10,1
128,2025-03-10,47,350.0,0.3333333333333333,750,23.0,70.0,53.0,99.0,47.0,102.0,79.75,25.914924914676746,82.42857142857143,47.0,123.0,2025,3,11,1
128,2025-03-31,73,350.0,0.0,750,23.0,70.0,53.0,47.0,99.0,71.0,66.0,24.738633753705965,78.0,47.0,123.0,2025,3,14,1
128,2025-04-07,186,350.0,0.0,750,23.0,147.0,53.0,73.0,47.0,47.0,66.5,24.893104801664794,70.125,124.0,200.0,2025,4,15,2
128,2025-04-28,66,350.0,0.3333333333333333,750,23.0,47.0,23.0,186.0,73.0,99.0,101.25,60.35657931548695,82.75,24.0,70.0,2025,4,18,2
128,2025-05-05,222,350.0,0.5,750,23.0,100.0,18.0,66.0,186.0,47.0,93.0,62.96559907335645,86.375,77.0,118.0,2025,5,19,2
128,2025-05-26,75,350.0,0.3333333333333333,750,23.0,114.0,74.0,222.0,66.0,73.0,136.75,79.08381629638266,101.375,91.0,188.0,2025,5,22,2
128,2025-06-02,109,350.0,0.0,750,23.0,114.0,74.0,75.0,222.0,186.0,137.25,78.55093888681408,101.875,91.0,188.0,2025,6,23,2
128,2025-06-09,139,350.0,0.0,750,23.0,98.0,8.0,109.0,75.0,66.0,118.0,71.76350047203663,109.625,75.0,106.0,2025,6,24,2
128,2025-06-30,181,350.0,0.3333333333333333,750,23.0,180.0,81.0,139.0,109.0,222.0,136.25,62.8616205115119,114.625,157.0,261.0,2025,6,27,2
128,2025-07-07,72,350.0,0.3333333333333333,750,23.0,80.0,46.0,181.0,139.0,75.0,126.0,45.03332099679081,131.375,57.0,126.0,2025,7,28,3
128,2025-07-28,30,350.0,0.0,750,23.0,94.0,36.0,72.0,181.0,109.0,125.25,46.176292618615456,131.25,71.0,130.0,2025,7,31,3
128,2025-08-04,155,350.0,0.0,750,23.0,242.0,88.0,30.0,72.0,139.0,105.5,67.44133252934236,111.75,219.0,330.0,2025,8,32,3
128,2025-08-11,62,350.0,0.0,750,23.0,92.0,43.0,155.0,30.0,181.0,109.5,70.4958627627655,122.875,69.0,135.0,2025,8,33,3
128,2025-09-01,212,350.0,0.0,750,23.0,139.0,67.0,62.0,155.0,72.0,79.75,53.26897158133742,102.875,116.0,206.0,2025,9,36,3
128,2025-09-08,141,350.0,0.5,750,23.0,96.0,84.0,212.0,62.0,30.0,114.75,83.7511193955042,120.0,73.0,180.0,2025,9,37,3
128,2025-09-29,90,350.0,0.3333333333333333,750,23.0,224.0,12.0,141.0,212.0,155.0,142.5,61.83041322844284,124.0,201.0,236.0,2025,9,40,3
128,2025-10-06,57,350.0,0.3333333333333333,750,23.0,85.0,13.0,90.0,141.0,62.0,126.25,65.86033201657378,117.875,62.0,98.0,2025,10,41,4
128,2025-10-27,23,350.0,0.5,750,23.0,85.0,13.0,57.0,90.0,212.0,125.0,67.512961718473,102.375,62.0,98.0,2025,10,44,4
128,2025-11-03,102,350.0,0.0,750,23.0,237.0,55.0,23.0,57.0,141.0,77.75,50.2618145315109,96.25,214.0,292.0,2025,11,45,4
128,2025-11-10,126,350.0,0.5,750,23.0,216.0,84.0,102.0,23.0,90.0,68.0,35.52463933666322,105.25,193.0,300.0,2025,11,46,4
128,2025-12-01,143,350.0,0.3333333333333333,750,23.0,43.0,95.0,126.0,102.0,57.0,77.0,45.9782557302906,101.625,20.0,138.0,2025,12,49,4
129,2024-12-30,62,0.0,0.0,850,0.0,0.0,0.0,0.0,0.0,0.0,0.0,0.0,0.0,0.0,0.0,2024,12,1,4
129,2025-01-06,106,700.0,0.5,850,32.0,0.0,0.0,62.0,0.0,0.0,62.0,0.0,62.0,0.0,0.0,2025,1,2,1
129,2025-01-27,79,700.0,0.0,850,32.0,0.0,0.0,106.0,62.0,0.0,84.0,31.11269837220809,84.0,0.0,0.0,2025,1,5,1
129,2025-02-03,195,700.0,1.0,850,32.0,0.0,0.0,79.0,106.0,0.0,82.33333333333333,22.18858565419016,82.33333333333333,0.0,0.0,2025,2,6,1
129,2025-02-10,77,700.0,0.2,850,32.0,0.0,0.0,195.0,79.0,62.0,110.5,59.174882058747414,110.5,0.0,0.0,2025,2,7,1
129,2025-02-24,90,700.0,0.3333333333333333,850,32.0,0.0,0.0,77.0,195.0,106.0,114.25,55.433894565208625,103.8,0.0,0.0,2025,2,9,1
129,2025-03-03,179,700.0,1.0,850,32.0,0.0,0.0,90.0,77.0,79.0,110.25,56.78834974417435,101.5,0.0,0.0,2025,3,10,1
129,2025-03-10,114,700.0,0.6,850,32.0,201.0,43.0,179.0,90.0,195.0,135.25,60.345532836601365,112.57142857142857,169.0,244.0,2025,3,11,1
129,2025-03-31,146,700.0,0.6666666666666666,850,32.0,205.0,18.0,114.0,179.0,77.0,115.0,45.33578424747203,112.75,173.0,223.0,2025,3,14,1
129,2025-04-07,134,700.0,0.6666666666666666,850,32.0,160.0,90.0,146.0,114.0,90.0,132.25,38.69862185315303,123.25,128.0,250.0,2025,4,15,2
129,2025-05-05,79,700.0,0.0,850,32.0,130.0,48.0,134.0,146.0,179.0,143.25,27.244265451650545,126.75,98.0,178.0,2025,5,19,2
129,2025-06-02,134,700.0,0.5,850,32.0,130.0,48.0,79.0,134.0,114.0,118.25,29.30728009670407,126.75,98.0,178.0,2025,6,23,2
129,2025-06-09,103,700.0,0.25,850,32.0,202.0,52.0,134.0,79.0,146.0,123.25,30.037476591751172,119.125,170.0,254.0,2025,6,24,2
129,2025-06-30,77,700.0,0.0,850,32.0,202.0,52.0,103.0,134.0,134.0,112.5,26.68957349478131,122.375,170.0,254.0,2025,6,27,2
129,2025-07-07,84,700.0,0.3333333333333333,850,32.0,225.0,25.0,77.0,103.0,79.0,98.25,26.600438592875363,120.75,193.0,250.0,2025,7,28,3
129,2025-07-28,107,700.0,0.3333333333333333,850,32.0,133.0,75.0,84.0,77.0,134.0,99.5,25.488559525141206,108.875,101.0,208.0,2025,7,31,3
129,2025-08-04,144,700.0,0.5,850,32.0,133.0,75.0,107.0,84.0,103.0,92.75,14.522970311429628,108.0,101.0,208.0,2025,8,32,3
129,2025-09-01,132,700.0,0.6666666666666666,850,32.0,43.0,31.0,144.0,107.0,77.0,103.0,30.188297953566927,107.75,11.0,74.0,2025,9,36,3
129,2025-09-08,117,700.0,0.6666666666666666,850,32.0,183.0,77.0,132.0,144.0,84.0,116.75,26.72545602978553,107.5,151.0,260.0,2025,9,37,3
129,2025-09-29,55,700.0,0.0,850,32.0,154.0,15.0,117.0,132.0,107.0,125.0,16.30950643030008,112.25,122.0,169.0,2025,9,40,3
129,2025-10-06,58,700.0,0.0,850,32.0,10.0,49.0,55.0,117.0,144.0,112.0,39.57271787481876,102.375,-22.0,59.0,2025,10,41,4
129,2025-10-27,24,700.0,0.0,850,32.0,83.0,82.0,58.0,55.0,132.0,90.5,39.753406562624704,96.75,51.0,165.0,2025,10,44,4
129,2025-11-03,163,700.0,0.0,850,32.0,247.0,91.0,24.0,58.0,117.0,63.5,38.83726732577014,90.125,215.0,338.0,2025,11,45,4
129,2025-11-10,59,700.0,0.5,850,32.0,38.0,71.0,163.0,24.0,55.0,75.0,60.64651680022522,100.0,6.0,109.0,2025,11,46,4
129,2025-12-01,164,700.0,0.5,850,32.0,18.0,78.0,59.0,163.0,58.0,76.0,60.23841520713063,94.0,-14.0,96.0,2025,12,49,4
129,2025-12-08,99,700.0,0.25,850,32.0,72.0,21.0,164.0,59.0,24.0,102.5,71.87257242277242,96.5,40.0,93.0,2025,12,50,4
130,2024-12-30,202,0.0,0.0,1200,0.0,0.0,0.0,0.0,0.0,0.0,0.0,0.0,0.0,0.0,0.0,2024,12,1,4
130,2025-01-06,182,250.0,0.6666666666666666,1200,75.0,75.0,22.0,202.0,0.0,0.0,202.0,0.0,202.0,0.0,97.0,2025,1,2,1
130,2025-02-03,91,250.0,0.6666666666666666,1200,75.0,89.0,59.0,182.0,202.0,0.0,192.0,14.142135623730951,192.0,14.0,148.0,2025,2,6,1
130,2025-02-10,43,250.0,0.5,1200,75.0,12.0,34.0,91.0,182.0,0.0,158.33333333333334,59.16361494477272,158.33333333333334,-63.0,46.0,2025,2,7,1
130,2025-02-24,27,250.0,0.0,1200,75.0,12.0,34.0,43.0,91.0,202.0,129.5,75.22632517942107,129.5,-63.0,46.0,2025,2,9,1
130,2025-03-03,135,250.0,0.0,1200,75.0,12.0,34.0,27.0,43.0,182.0,85.75,69.69158246636869,109.0,-63.0,46.0,2025,3,10,1
130,2025-03-10,16,250.0,0.0,1200,75.0,76.0,69.0,135.0,27.0,91.0,74.0,48.92170615721955,113.33333333333333,1.0,145.0,2025,3,11,1
130,2025-03-31,46,250.0,0.0,1200,75.0,127.0,28.0,16.0,135.0,43.0,55.25,54.31006659297458,99.42857142857143,52.0,155.0,2025,3,14,1
130,2025-04-07,266,250.0,0.0,1200,75.0,127.0,28.0,46.0,16.0,27.0,56.0,54.10483650592924,92.75,52.0,155.0,2025,4,15,2
130,2025-04-28,127,250.0,0.2,1200,75.0,191.0,95.0,266.0,46.0,135.0,115.75,112.19142866844449,100.75,116.0,286.0,2025,4,18,2
130,2025-05-05,144,250.0,0.5,1200,75.0,10.0,11.0,127.0,266.0,16.0,113.75,111.80451690338812,93.875,-65.0,21.0,2025,5,19,2
130,2025-05-26,20,250.0,0.25,1200,75.0,91.0,36.0,144.0,127.0,46.0,145.75,90.85657195088677,100.5,16.0,127.0,2025,5,22,2
130,2025-06-02,136,250.0,0.0,1200,75.0,91.0,36.0,20.0,144.0,266.0,139.25,100.76168253193605,97.625,16.0,127.0,2025,6,23,2
130,2025-06-09,73,250.0,0.4,1200,75.0,242.0,71.0,136.0,20.0,127.0,106.75,58.248748198280325,111.25,167.0,313.0,2025,6,24,2
130,2025-06-30,141,250.0,0.0,1200,75.0,205.0,38.0,73.0,136.0,144.0,93.25,58.248748198280325,103.5,130.0,243.0,2025,6,27,2
130,2025-07-07,249,250.0,0.3333333333333333,1200,75.0,87.0,65.0,141.0,73.0,20.0,92.5,57.3904754002497,119.125,12.0,152.0,2025,7,28,3
130,2025-07-28,63,250.0,0.6,1200,75.0,186.0,33.0,249.0,141.0,136.0,149.75,73.04507740658046,144.5,111.0,219.0,2025,7,31,3
130,2025-08-04,159,250.0,0.5,1200,75.0,244.0,20.0,63.0,249.0,73.0,131.5,85.65628990331065,119.125,169.0,264.0,2025,8,32,3
130,2025-08-11,29,250.0,0.3333333333333333,1200,75.0,243.0,62.0,159.0,63.0,141.0,153.0,76.36753236814711,123.125,168.0,305.0,2025,8,33,3
130,2025-09-01,51,250.0,1.0,1200,75.0,243.0,62.0,29.0,159.0,249.0,125.0,99.31767214348108,108.75,168.0,305.0,2025,9,36,3
130,2025-09-08,35,250.0,0.0,1200,75.0,81.0,0.0,51.0,29.0,63.0,75.5,57.419508879822345,112.625,6.0,81.0,2025,9,37,3
130,2025-09-29,75,250.0,1.0,1200,75.0,223.0,53.0,35.0,51.0,159.0,68.5,61.043700193659056,100.0,148.0,276.0,2025,9,40,3
130,2025-10-06,177,250.0,0.0,1200,75.0,248.0,49.0,75.0,35.0,29.0,47.5,20.55075018906439,100.25,173.0,297.0,2025,10,41,4
130,2025-11-03,74,250.0,0.5,1200,75.0,172.0,15.0,177.0,75.0,51.0,84.5,63.820059542435374,104.75,97.0,187.0,2025,11,45,4
130,2025-11-10,53,250.0,0.0,1200,75.0,204.0,5.0,74.0,177.0,35.0,90.25,60.75840133951296,82.875,129.0,209.0,2025,11,46,4
130,2025-12-01,211,250.0,0.0,1200,75.0,115.0,100.0,53.0,74.0,75.0,94.75,55.76363809269738,81.625,40.0,215.0,2025,12,49,4
130,2025-12-08,146,250.0,0.5,1200,75.0,130.0,14.0,211.0,53.0,177.0,128.75,77.09031499914022,88.125,55.0,144.0,2025,12,50,4
131,2024-12-30,123,0.0,0.0,1800,0.0,0.0,0.0,0.0,0.0,0.0,0.0,0.0,0.0,0.0,0.0,2024,12,1,4
131,2025-01-06,87,250.0,0.25,1800,80.0,0.0,0.0,123.0,0.0,0.0,123.0,0.0,123.0,0.0,0.0,2025,1,2,1
131,2025-01-27,77,250.0,1.0,1800,80.0,222.0,92.0,87.0,123.0,0.0,105.0,25.45584412271571,105.0,142.0,314.0,2025,1,5,1
131,2025-02-03,123,250.0,1.0,1800,80.0,222.0,92.0,77.0,87.0,0.0,95.66666666666667,24.193663082165408,95.66666666666667,142.0,314.0,2025,2,6,1
131,2025-02-10,27,250.0,0.5,1800,80.0,51.0,46.0,123.0,77.0,123.0,102.5,24.020824298928627,102.5,-29.0,97.0,2025,2,7,1
131,2025-02-24,75,250.0,0.0,1800,80.0,34.0,0.0,27.0,123.0,87.0,78.5,39.61060464067672,87.4,-46.0,34.0,2025,2,9,1
131,2025-03-03,144,250.0,1.0,1800,80.0,34.0,0.0,75.0,27.0,77.0,75.5,39.20459156782532,85.33333333333333,-46.0,34.0,2025,3,10,1
131,2025-03-10,76,250.0,0.25,1800,80.0,58.0,52.0,144.0,75.0,123.0,92.25,52.21350400040204,93.71428571428571,-22.0,110.0,2025,3,11,1
131,2025-03-31,215,250.0,0.5,1800,80.0,58.0,52.0,76.0,144.0,27.0,80.5,48.11444689487763,91.5,-22.0,110.0,2025,3,14,1
131,2025-04-07,64,250.0,0.5,1800,80.0,114.0,70.0,215.0,76.0,75.0,127.5,66.67583270321164,103.0,34.0,184.0,2025,4,15,2
131,2025-04-28,61,250.0,0.0,1800,80.0,228.0,20.0,64.0,215.0,144.0,124.75,69.72027443051746,100.125,148.0,248.0,2025,4,18,2
131,2025-05-05,87,250.0,0.5,1800,80.0,54.0,5.0,61.0,64.0,76.0,104.0,74.28324171709255,98.125,-26.0,59.0,2025,5,19,2
131,2025-06-02,146,250.0,0.0,1800,80.0,180.0,83.0,87.0,61.0,215.0,106.75,73.09525748409857,93.625,100.0,263.0,2025,6,23,2
131,2025-06-09,53,250.0,0.0,1800,80.0,90.0,17.0,146.0,87.0,64.0,89.5,39.41657857636386,108.5,10.0,107.0,2025,6,24,2
131,2025-06-30,72,250.0,0.5,1800,80.0,90.0,17.0,53.0,146.0,61.0,86.75,42.08226071240311,105.75,10.0,107.0,2025,6,27,2
131,2025-07-07,74,250.0,0.0,1800,80.0,26.0,43.0,72.0,53.0,87.0,89.5,40.15387071420803,96.75,-54.0,69.0,2025,7,28,3
131,2025-07-28,54,250.0,0.0,1800,80.0,17.0,0.0,74.0,72.0,146.0,86.25,40.94203219186854,96.5,-63.0,17.0,2025,7,31,3
131,2025-08-04,222,250.0,0.0,1800,80.0,119.0,26.0,54.0,74.0,53.0,63.25,11.29527924990494,76.375,39.0,145.0,2025,8,32,3
131,2025-08-11,69,250.0,0.5,1800,80.0,101.0,23.0,222.0,54.0,72.0,105.5,78.18567643756751,96.125,21.0,124.0,2025,8,33,3
131,2025-09-01,167,250.0,0.0,1800,80.0,101.0,23.0,69.0,222.0,74.0,104.75,78.62728534039566,97.125,21.0,124.0,2025,9,36,3
131,2025-09-08,54,250.0,0.25,1800,80.0,71.0,81.0,167.0,69.0,54.0,128.0,80.23714850367004,107.125,-9.0,152.0,2025,9,37,3
131,2025-09-29,68,250.0,0.5,1800,80.0,249.0,14.0,54.0,167.0,222.0,128.0,80.23714850367004,95.625,169.0,263.0,2025,9,40,3
131,2025-10-06,174,250.0,1.0,1800,80.0,121.0,56.0,68.0,54.0,69.0,89.5,52.11845482488264,97.5,41.0,177.0,2025,10,41,4
131,2025-10-27,38,250.0,1.0,1800,80.0,103.0,33.0,174.0,68.0,167.0,115.75,63.54198087354008,110.25,23.0,136.0,2025,10,44,4
131,2025-11-03,178,250.0,1.0,1800,80.0,183.0,45.0,38.0,174.0,54.0,83.5,61.565683081838166,105.75,103.0,228.0,2025,11,45,4
131,2025-11-10,81,250.0,0.3333333333333333,1800,80.0,104.0,39.0,178.0,38.0,68.0,114.5,72.08097298640375,121.25,24.0,143.0,2025,11,46,4
131,2025-12-01,214,250.0,0.5,1800,80.0,54.0,22.0,81.0,178.0,174.0,117.75,69.53356503636691,103.625,-26.0,76.0,2025,12,49,4
131,2025-12-08,67,250.0,0.75,1800,80.0,226.0,76.0,214.0,81.0,38.0,127.75,82.06653804484911,121.75,146.0,302.0,2025,12,50,4
132,2024-12-30,113,0.0,0.0,700,0.0,0.0,0.0,0.0,0.0,0.0,0.0,0.0,0.0,0.0,0.0,2024,12,1,4
132,2025-01-06,136,850.0,0.0,700,98.0,38.0,41.0,113.0,0.0,0.0,113.0,0.0,113.0,-60.0,79.0,2025,1,2,1
132,2025-01-27,33,850.0,0.0,700,98.0,40.0,56.0,136.0,113.0,0.0,124.5,16.263455967290593,124.5,-58.0,96.0,2025,1,5,1
132,2025-02-03,139,850.0,0.0,700,98.0,40.0,56.0,33.0,136.0,0.0,94.0,54.064775963653084,94.0,-58.0,96.0,2025,2,6,1
132,2025-02-10,52,850.0,0.6666666666666666,700,98.0,130.0,99.0,139.0,33.0,113.0,105.25,49.547115624087205,105.25,32.0,229.0,2025,2,7,1
132,2025-02-24,45,850.0,1.0,700,98.0,39.0,38.0,52.0,139.0,136.0,90.0,55.40758070878027,94.6,-59.0,77.0,2025,2,9,1
132,2025-03-03,182,850.0,0.0,700,98.0,39.0,38.0,45.0,52.0,33.0,67.25,48.472500795124375,86.33333333333333,-59.0,77.0,2025,3,10,1
132,2025-03-10,100,850.0,1.0,700,98.0,39.0,38.0,182.0,45.0,139.0,104.5,67.06464543011218,100.0,-59.0,77.0,2025,3,11,1
132,2025-03-31,172,850.0,0.5,700,98.0,232.0,18.0,100.0,182.0,52.0,94.75,63.094505835822716,100.0,134.0,250.0,2025,3,14,1
132,2025-04-07,26,850.0,0.75,700,98.0,67.0,68.0,172.0,100.0,45.0,124.75,64.50516775163574,107.375,-31.0,135.0,2025,4,15,2
132,2025-04-28,29,850.0,0.0,700,98.0,41.0,86.0,26.0,172.0,182.0,120.0,72.5350489993171,93.625,-57.0,127.0,2025,4,18,2
132,2025-05-05,99,850.0,0.0,700,98.0,59.0,92.0,29.0,26.0,100.0,81.75,69.20681565664853,93.125,-39.0,151.0,2025,5,19,2
132,2025-05-26,44,850.0,0.6666666666666666,700,98.0,59.0,92.0,99.0,29.0,172.0,81.5,69.12066743504917,88.125,-39.0,151.0,2025,5,22,2
132,2025-06-02,153,850.0,1.0,700,98.0,63.0,44.0,44.0,99.0,26.0,49.5,33.926390907374746,87.125,-35.0,107.0,2025,6,23,2
132,2025-06-09,117,850.0,0.75,700,98.0,63.0,44.0,153.0,44.0,29.0,81.25,56.511798178197566,100.625,-35.0,107.0,2025,6,24,2
132,2025-06-30,127,850.0,0.3333333333333333,700,98.0,104.0,22.0,117.0,153.0,99.0,103.25,45.43401809217406,92.5,6.0,126.0,2025,6,27,2
132,2025-08-04,146,850.0,0.3333333333333333,700,98.0,104.0,22.0,127.0,117.0,44.0,110.25,46.70028550947699,95.875,6.0,126.0,2025,8,32,3
132,2025-08-11,34,850.0,0.2,700,98.0,162.0,84.0,146.0,127.0,153.0,135.75,16.640813281407436,92.625,64.0,246.0,2025,8,33,3
132,2025-09-01,92,850.0,0.0,700,98.0,13.0,48.0,34.0,146.0,117.0,106.0,49.484004149489216,93.625,-85.0,61.0,2025,9,36,3
132,2025-09-08,265,850.0,0.0,700,98.0,13.0,48.0,92.0,34.0,127.0,99.75,49.20958578705304,101.5,-85.0,61.0,2025,9,37,3
132,2025-09-29,55,850.0,0.6666666666666666,700,98.0,13.0,48.0,265.0,92.0,146.0,134.25,98.4356812001285,122.25,-85.0,61.0,2025,9,40,3
132,2025-10-06,50,850.0,0.5,700,98.0,250.0,56.0,55.0,265.0,34.0,111.5,105.10470969466591,123.625,152.0,306.0,2025,10,41,4
132,2025-10-27,27,850.0,0.0,700,98.0,250.0,56.0,50.0,55.0,92.0,115.5,101.41170215183914,110.75,152.0,306.0,2025,10,44,4
132,2025-11-03,252,850.0,1.0,700,98.0,250.0,56.0,27.0,50.0,265.0,99.25,111.17066459577664,99.5,152.0,306.0,2025,11,45,4
132,2025-11-10,37,850.0,0.2,700,98.0,114.0,60.0,252.0,27.0,55.0,96.0,104.71230427541295,115.125,16.0,174.0,2025,11,46,4
132,2025-12-01,97,850.0,0.0,700,98.0,223.0,93.0,37.0,252.0,50.0,91.5,107.41353111534256,101.5,125.0,316.0,2025,12,49,4
132,2025-12-08,69,850.0,0.3333333333333333,700,98.0,158.0,32.0,97.0,37.0,27.0,103.25,103.87291915284433,109.375,60.0,190.0,2025,12,50,4
133,2024-12-30,51,0.0,0.0,700,0.0,0.0,0.0,0.0,0.0,0.0,0.0,0.0,0.0,0.0,0.0,2024,12,1,4
133,2025-01-06,163,550.0,0.0,700,46.0,0.0,0.0,51.0,0.0,0.0,51.0,0.0,51.0,0.0,0.0,2025,1,2,1
133,2025-01-27,46,550.0,0.2,700,46.0,167.0,25.0,163.0,51.0,0.0,107.0,79.19595949289332,107.0,121.0,192.0,2025,1,5,1
133,2025-02-03,243,550.0,1.0,700,46.0,167.0,25.0,46.0,163.0,0.0,86.66666666666667,66.15386106141753,86.66666666666667,121.0,192.0,2025,2,6,1
133,2025-02-10,185,550.0,0.3333333333333333,700,46.0,176.0,73.0,243.0,46.0,51.0,125.75,95.01359551839586,125.75,130.0,249.0,2025,2,7,1
133,2025-02-24,89,550.0,0.6666666666666666,700,46.0,146.0,50.0,185.0,243.0,163.0,159.25,82.69774281482334,137.6,100.0,196.0,2025,2,9,1
133,2025-03-03,210,550.0,0.0,700,46.0,215.0,77.0,89.0,185.0,46.0,140.75,89.57073554831771,129.5,169.0,292.0,2025,3,10,1
133,2025-03-10,58,550.0,1.0,700,46.0,131.0,43.0,210.0,89.0,243.0,181.75,66.23883553726871,141.0,85.0,174.0,2025,3,11,1
133,2025-03-31,91,550.0,0.5,700,46.0,123.0,17.0,58.0,210.0,185.0,135.5,73.41434918778936,130.625,77.0,140.0,2025,3,14,1
133,2025-04-07,83,550.0,0.3333333333333333,700,46.0,27.0,81.0,91.0,58.0,89.0,112.0,67.05718952257592,135.625,-19.0,108.0,2025,4,15,2
133,2025-04-28,43,550.0,0.3333333333333333,700,46.0,223.0,24.0,83.0,91.0,210.0,110.5,67.80609608779042,125.625,177.0,247.0,2025,4,18,2
133,2025-05-05,207,550.0,0.0,700,46.0,13.0,50.0,43.0,83.0,58.0,68.75,22.1867077323338,125.25,-33.0,63.0,2025,5,19,2
133,2025-06-02,141,550.0,0.6666666666666666,700,46.0,189.0,84.0,207.0,43.0,91.0,106.0,70.53131692139789,120.75,143.0,273.0,2025,6,23,2
133,2025-06-09,58,550.0,0.5,700,46.0,118.0,83.0,141.0,207.0,83.0,118.5,71.41195044715323,115.25,72.0,201.0,2025,6,24,2
133,2025-07-07,66,550.0,0.0,700,46.0,195.0,67.0,58.0,141.0,43.0,112.25,76.46949282775017,111.375,149.0,262.0,2025,7,28,3
133,2025-07-28,70,550.0,0.0,700,46.0,49.0,42.0,66.0,58.0,207.0,118.0,70.12845356914696,93.375,3.0,91.0,2025,7,31,3
133,2025-08-04,55,550.0,0.0,700,46.0,49.0,42.0,70.0,66.0,141.0,83.75,38.49134101760205,94.875,3.0,91.0,2025,8,32,3
133,2025-08-11,129,550.0,0.0,700,46.0,49.0,42.0,55.0,70.0,58.0,62.25,6.946221994724976,90.375,3.0,91.0,2025,8,33,3
133,2025-09-01,87,550.0,0.5,700,46.0,49.0,42.0,129.0,55.0,66.0,80.0,33.27661841794227,96.125,3.0,91.0,2025,9,36,3
133,2025-09-29,86,550.0,0.0,700,46.0,242.0,44.0,87.0,129.0,70.0,85.25,31.96221727811346,101.625,196.0,286.0,2025,9,40,3
133,2025-10-06,84,550.0,0.6666666666666666,700,46.0,38.0,97.0,86.0,87.0,55.0,89.25,30.37954355593033,86.5,-8.0,135.0,2025,10,41,4
133,2025-10-27,45,550.0,0.5,700,46.0,66.0,87.0,84.0,86.0,129.0,96.5,21.702534414210735,79.375,20.0,153.0,2025,10,44,4
133,2025-11-03,234,550.0,0.0,700,46.0,187.0,75.0,45.0,84.0,87.0,75.5,20.371548787463396,77.75,141.0,262.0,2025,11,45,4
133,2025-11-10,91,550.0,0.2,700,46.0,215.0,51.0,234.0,45.0,86.0,112.25,83.33216665849989,98.75,169.0,266.0,2025,11,46,4
133,2025-12-01,86,550.0,0.5,700,46.0,167.0,71.0,91.0,234.0,84.0,113.5,82.84322543213779,101.375,121.0,238.0,2025,12,49,4
133,2025-12-08,195,550.0,0.0,700,46.0,149.0,88.0,86.0,91.0,45.0,114.0,82.61154075954926,105.25,103.0,237.0,2025,12,50,4
134,2024-12-30,257,0.0,0.0,1800,0.0,0.0,0.0,0.0,0.0,0.0,0.0,0.0,0.0,0.0,0.0,2024,12,1,4
134,2025-01-06,93,999.0,0.2,1800,50.0,238.0,74.0,257.0,0.0,0.0,257.0,0.0,257.0,188.0,312.0,2025,1,2,1
134,2025-01-27,42,999.0,0.3333333333333333,1800,50.0,129.0,94.0,93.0,257.0,0.0,175.0,115.96551211459379,175.0,79.0,223.0,2025,1,5,1
134,2025-02-03,127,999.0,0.0,1800,50.0,129.0,94.0,42.0,93.0,0.0,130.66666666666666,112.34025695775016,130.66666666666666,79.0,223.0,2025,2,6,1
134,2025-02-10,69,999.0,0.25,1800,50.0,38.0,14.0,127.0,42.0,257.0,129.75,91.74375546415497,129.75,-12.0,52.0,2025,2,7,1
134,2025-03-03,86,999.0,0.5,1800,50.0,227.0,87.0,69.0,127.0,93.0,82.75,36.11440155948869,117.6,177.0,314.0,2025,3,10,1
134,2025-03-10,46,999.0,0.0,1800,50.0,76.0,55.0,86.0,69.0,42.0,81.0,35.61834733205158,112.33333333333333,26.0,131.0,2025,3,11,1
134,2025-03-31,64,999.0,0.5,1800,50.0,50.0,32.0,46.0,86.0,127.0,82.0,34.18576701884376,102.85714285714286,0.0,82.0,2025,3,14,1
134,2025-04-07,174,999.0,1.0,1800,50.0,176.0,85.0,64.0,46.0,69.0,66.25,16.459546368799653,98.0,126.0,261.0,2025,4,15,2
134,2025-04-28,98,999.0,0.5,1800,50.0,30.0,100.0,174.0,64.0,86.0,92.5,56.74210664635801,87.625,-20.0,130.0,2025,4,18,2
134,2025-05-05,76,999.0,0.0,1800,50.0,129.0,50.0,98.0,174.0,46.0,95.5,56.6009422771977,88.25,79.0,179.0,2025,5,19,2
134,2025-05-26,45,999.0,0.0,1800,50.0,224.0,72.0,76.0,98.0,64.0,103.0,49.38285802448726,92.5,174.0,296.0,2025,5,22,2
134,2025-06-02,20,999.0,1.0,1800,50.0,224.0,72.0,45.0,76.0,174.0,98.25,54.981057344022275,82.25,174.0,296.0,2025,6,23,2
134,2025-06-09,76,999.0,0.0,1800,50.0,224.0,72.0,20.0,45.0,98.0,59.75,34.277057438856474,76.125,174.0,296.0,2025,6,24,2
134,2025-06-30,143,999.0,0.0,1800,50.0,106.0,69.0,76.0,20.0,76.0,54.25,27.109346481733308,74.875,56.0,175.0,2025,6,27,2
134,2025-07-07,27,999.0,0.0,1800,50.0,152.0,35.0,143.0,76.0,45.0,71.0,53.18521097698745,87.0,102.0,187.0,2025,7,28,3
134,2025-07-28,45,999.0,0.0,1800,50.0,152.0,35.0,27.0,143.0,20.0,66.5,56.75972750698039,82.375,102.0,187.0,2025,7,31,3
134,2025-08-04,115,999.0,0.0,1800,50.0,106.0,31.0,45.0,27.0,76.0,72.75,51.018787389222275,66.25,56.0,137.0,2025,8,32,3
134,2025-08-11,40,999.0,0.3333333333333333,1800,50.0,159.0,75.0,115.0,45.0,143.0,82.5,55.386520622500434,68.375,109.0,234.0,2025,8,33,3
134,2025-09-01,105,999.0,1.0,1800,50.0,159.0,75.0,40.0,115.0,27.0,56.75,39.567452954838174,63.875,109.0,234.0,2025,9,36,3
134,2025-09-08,112,999.0,0.0,1800,50.0,48.0,98.0,105.0,40.0,45.0,76.25,39.23752455664516,71.375,-2.0,146.0,2025,9,37,3
134,2025-09-29,161,999.0,0.0,1800,50.0,114.0,47.0,112.0,105.0,115.0,93.0,35.58089374931438,82.875,64.0,161.0,2025,9,40,3
134,2025-10-06,51,999.0,0.5,1800,50.0,155.0,97.0,161.0,112.0,40.0,104.5,49.69574093085509,93.5,105.0,252.0,2025,10,41,4
134,2025-11-03,191,999.0,0.5,1800,50.0,155.0,97.0,51.0,161.0,105.0,107.25,45.02129125943264,82.0,105.0,252.0,2025,11,45,4
134,2025-11-10,44,999.0,0.4,1800,50.0,245.0,72.0,191.0,51.0,112.0,128.75,61.21206308128052,102.5,195.0,317.0,2025,11,46,4
134,2025-12-01,129,999.0,0.5,1800,50.0,10.0,31.0,44.0,191.0,161.0,111.75,75.24792355939132,102.375,-40.0,41.0,2025,12,49,4
134,2025-12-08,129,999.0,1.0,1800,50.0,10.0,31.0,129.0,44.0,51.0,103.75,69.76806814964374,104.125,-40.0,41.0,2025,12,50,4
135,2024-12-30,35,0.0,0.0,350,0.0,0.0,0.0,0.0,0.0,0.0,0.0,0.0,0.0,0.0,0.0,2024,12,1,4
135,2025-01-06,27,350.0,1.0,350,58.0,130.0,94.0,35.0,0.0,0.0,35.0,0.0,35.0,72.0,224.0,2025,1,2,1
135,2025-01-27,22,350.0,0.0,350,58.0,51.0,100.0,27.0,35.0,0.0,31.0,5.656854249492381,31.0,-7.0,151.0,2025,1,5,1
135,2025-02-03,173,350.0,0.0,350,58.0,51.0,100.0,22.0,27.0,0.0,28.0,6.557438524302,28.0,-7.0,151.0,2025,2,6,1
135,2025-02-24,72,350.0,0.2,350,58.0,246.0,27.0,173.0,22.0,35.0,64.25,72.6974323251287,64.25,188.0,273.0,2025,2,9,1
135,2025-03-03,200,350.0,1.0,350,58.0,48.0,35.0,72.0,173.0,27.0,73.5,70.04046449493798,65.8,-10.0,83.0,2025,3,10,1
135,2025-03-10,74,350.0,0.4,350,58.0,197.0,92.0,200.0,72.0,22.0,116.75,83.81477594473822,88.16666666666667,139.0,289.0,2025,3,11,1
135,2025-03-31,151,350.0,0.0,350,58.0,86.0,85.0,74.0,200.0,173.0,129.75,66.45487190567746,86.14285714285714,28.0,171.0,2025,3,14,1
135,2025-04-07,84,350.0,0.0,350,58.0,23.0,51.0,151.0,74.0,72.0,124.25,62.47332764201589,94.25,-35.0,74.0,2025,4,15,2
135,2025-05-05,186,350.0,0.0,350,58.0,42.0,66.0,84.0,151.0,200.0,127.25,59.33731260064502,100.375,-16.0,108.0,2025,5,19,2
135,2025-05-12,70,350.0,0.4,350,58.0,84.0,73.0,186.0,84.0,74.0,123.75,53.76724529550186,120.25,26.0,157.0,2025,5,20,2
135,2025-05-26,45,350.0,1.0,350,58.0,212.0,17.0,70.0,186.0,151.0,122.75,55.02347983664186,126.25,154.0,229.0,2025,5,22,2
135,2025-06-02,161,350.0,1.0,350,58.0,212.0,17.0,45.0,70.0,84.0,96.25,61.9697506853142,110.25,154.0,229.0,2025,6,23,2
135,2025-06-09,66,350.0,0.0,350,58.0,237.0,37.0,161.0,45.0,186.0,115.5,68.51033985221987,121.375,179.0,274.0,2025,6,24,2
135,2025-06-30,121,350.0,1.0,350,58.0,188.0,98.0,66.0,161.0,70.0,85.5,51.51375220915932,104.625,130.0,286.0,2025,6,27,2
135,2025-07-07,243,350.0,0.5,350,58.0,188.0,98.0,121.0,66.0,45.0,98.25,52.69645781897173,110.5,130.0,286.0,2025,7,28,3
135,2025-07-28,29,350.0,0.6,350,58.0,183.0,5.0,243.0,121.0,161.0,147.75,74.49105091664815,122.0,125.0,188.0,2025,7,31,3
135,2025-08-04,113,350.0,1.0,350,58.0,183.0,5.0,29.0,243.0,66.0,114.75,93.48217298857931,115.125,125.0,188.0,2025,8,32,3
135,2025-08-11,131,350.0,0.25,350,58.0,122.0,74.0,113.0,29.0,121.0,126.5,88.11167156890548,106.0,64.0,196.0,2025,8,33,3
135,2025-09-01,140,350.0,0.5,350,58.0,122.0,74.0,131.0,113.0,243.0,129.0,88.04544281222056,113.625,64.0,196.0,2025,9,36,3
135,2025-09-08,115,350.0,0.0,350,58.0,122.0,74.0,140.0,131.0,29.0,103.25,50.75677294706589,125.5,64.0,196.0,2025,9,37,3
135,2025-09-29,25,350.0,1.0,350,58.0,131.0,72.0,115.0,140.0,113.0,124.75,12.971121771072847,119.75,73.0,203.0,2025,9,40,3
135,2025-10-06,146,350.0,0.0,350,58.0,131.0,72.0,25.0,115.0,131.0,102.75,52.85435964358412,114.625,73.0,203.0,2025,10,41,4
135,2025-10-27,26,350.0,0.5,350,58.0,183.0,3.0,146.0,25.0,140.0,106.5,55.96725232967341,117.75,125.0,186.0,2025,10,44,4
135,2025-11-03,113,350.0,0.0,350,58.0,183.0,3.0,26.0,146.0,115.0,78.0,61.93006808758839,90.625,125.0,186.0,2025,11,45,4
135,2025-11-10,145,350.0,0.3333333333333333,350,58.0,187.0,88.0,113.0,26.0,25.0,77.5,61.538605769061746,101.125,129.0,275.0,2025,11,46,4
135,2025-12-01,73,350.0,0.6666666666666666,350,58.0,187.0,88.0,145.0,113.0,146.0,107.5,56.45352070508977,105.125,129.0,275.0,2025,12,49,4
135,2025-12-08,64,350.0,0.0,350,58.0,187.0,88.0,73.0,145.0,26.0,89.25,51.43523435674551,97.875,129.0,275.0,2025,12,50,4
136,2024-12-30,89,0.0,0.0,1500,0.0,0.0,0.0,0.0,0.0,0.0,0.0,0.0,0.0,0.0,0.0,2024,12,1,4
136,2025-01-06,84,350.0,0.0,1500,35.0,0.0,0.0,89.0,0.0,0.0,89.0,0.0,89.0,0.0,0.0,2025,1,2,1
136,2025-01-27,70,350.0,0.3333333333333333,1500,35.0,0.0,0.0,84.0,89.0,0.0,86.5,3.5355339059327378,86.5,0.0,0.0,2025,1,5,1
136,2025-02-03,41,350.0,0.0,1500,35.0,0.0,0.0,70.0,84.0,0.0,81.0,9.848857801796104,81.0,0.0,0.0,2025,2,6,1
136,2025-02-10,44,350.0,0.0,1500,35.0,235.0,88.0,41.0,70.0,89.0,71.0,21.55612828563299,71.0,200.0,323.0,2025,2,7,1
136,2025-02-24,25,350.0,1.0,1500,35.0,133.0,43.0,44.0,41.0,84.0,59.75,20.758532382292028,65.6,98.0,176.0,2025,2,9,1
136,2025-03-03,169,350.0,0.0,1500,35.0,133.0,43.0,25.0,44.0,70.0,45.0,18.636880997992485,58.833333333333336,98.0,176.0,2025,3,10,1
136,2025-03-31,47,350.0,0.4,1500,35.0,63.0,71.0,169.0,25.0,41.0,69.75,66.69020417822496,74.57142857142857,28.0,134.0,2025,3,14,1
136,2025-04-07,41,350.0,0.0,1500,35.0,55.0,12.0,47.0,169.0,44.0,71.25,65.8906923118382,71.125,20.0,67.0,2025,4,15,2
136,2025-04-28,55,350.0,1.0,1500,35.0,81.0,15.0,41.0,47.0,25.0,70.5,66.31993164451644,65.125,46.0,96.0,2025,4,18,2
136,2025-05-05,110,350.0,0.5,1500,35.0,204.0,35.0,55.0,41.0,169.0,78.0,60.93712606722878,61.5,169.0,239.0,2025,5,19,2
136,2025-05-12,47,350.0,0.5,1500,35.0,249.0,56.0,110.0,55.0,47.0,63.25,31.689903754981653,66.5,214.0,305.0,2025,5,20,2
136,2025-05-26,26,350.0,0.0,1500,35.0,190.0,89.0,47.0,110.0,41.0,63.25,31.689903754981653,67.25,155.0,279.0,2025,5,22,2
136,2025-06-02,140,350.0,0.0,1500,35.0,190.0,89.0,26.0,47.0,55.0,59.5,35.81898937714463,65.0,155.0,279.0,2025,6,23,2
136,2025-06-09,68,350.0,0.2,1500,35.0,30.0,84.0,140.0,26.0,110.0,80.75,53.23767462990847,79.375,-5.0,114.0,2025,6,24,2
136,2025-06-30,126,350.0,0.0,1500,35.0,169.0,57.0,68.0,140.0,47.0,70.25,49.56056900399752,66.75,134.0,226.0,2025,6,27,2
136,2025-07-07,218,350.0,0.3333333333333333,1500,35.0,88.0,81.0,126.0,68.0,26.0,90.0,52.839379254491625,76.625,53.0,169.0,2025,7,28,3
136,2025-07-28,26,350.0,0.3333333333333333,1500,35.0,138.0,12.0,218.0,126.0,140.0,138.0,61.773780845922005,98.75,103.0,150.0,2025,7,31,3
136,2025-08-04,107,350.0,0.0,1500,35.0,234.0,43.0,26.0,218.0,68.0,109.5,83.14445261110329,95.125,199.0,277.0,2025,8,32,3
136,2025-08-11,25,350.0,0.6666666666666666,1500,35.0,48.0,46.0,107.0,26.0,126.0,119.25,78.83051439639348,94.75,13.0,94.0,2025,8,33,3
136,2025-09-01,338,350.0,0.0,1500,35.0,48.0,46.0,25.0,107.0,218.0,94.0,91.15920140062659,92.0,13.0,94.0,2025,9,36,3
136,2025-09-08,104,350.0,0.5,1500,35.0,237.0,19.0,338.0,25.0,26.0,124.0,147.74978849392645,131.0,202.0,256.0,2025,9,37,3
136,2025-09-29,78,350.0,0.5,1500,35.0,196.0,10.0,104.0,338.0,107.0,143.5,135.11106542396888,126.5,161.0,206.0,2025,9,40,3
136,2025-10-06,127,350.0,0.5,1500,35.0,106.0,97.0,78.0,104.0,25.0,136.25,138.45907939411796,127.75,71.0,203.0,2025,10,41,4
136,2025-10-27,20,350.0,0.6666666666666666,1500,35.0,13.0,45.0,127.0,78.0,338.0,161.75,119.19277103359357,127.875,-22.0,58.0,2025,10,44,4
136,2025-11-03,88,350.0,0.0,1500,35.0,13.0,45.0,20.0,127.0,104.0,82.25,46.075119822596925,103.125,-22.0,58.0,2025,11,45,4
136,2025-11-10,71,350.0,0.3333333333333333,1500,35.0,194.0,57.0,88.0,20.0,78.0,78.25,44.214439572007066,110.875,159.0,251.0,2025,11,46,4
136,2025-12-01,160,350.0,1.0,1500,35.0,194.0,57.0,71.0,88.0,127.0,76.5,44.365902823377,106.375,159.0,251.0,2025,12,49,4
136,2025-12-08,83,350.0,0.6666666666666666,1500,35.0,52.0,46.0,160.0,71.0,20.0,84.75,57.89286081489954,123.25,17.0,98.0,2025,12,50,4
137,2024-12-30,127,0.0,0.0,750,0.0,0.0,0.0,0.0,0.0,0.0,0.0,0.0,0.0,0.0,0.0,2024,12,1,4
137,2025-01-06,99,999.0,0.6666666666666666,750,30.0,140.0,69.0,127.0,0.0,0.0,127.0,0.0,127.0,110.0,209.0,2025,1,2,1
137,2025-02-03,168,999.0,0.3333333333333333,750,30.0,105.0,68.0,99.0,127.0,0.0,113.0,19.79898987322333,113.0,75.0,173.0,2025,2,6,1
137,2025-02-10,50,999.0,0.4,750,30.0,105.0,68.0,168.0,99.0,0.0,131.33333333333334,34.70350606687072,131.33333333333334,75.0,173.0,2025,2,7,1
137,2025-02-24,43,999.0,0.0,750,30.0,105.0,68.0,50.0,168.0,127.0,111.0,49.56477243634502,111.0,75.0,173.0,2025,2,9,1
137,2025-03-03,54,999.0,0.0,750,30.0,158.0,81.0,43.0,50.0,99.0,90.0,57.659922534345,97.4,128.0,239.0,2025,3,10,1
137,2025-03-31,45,999.0,0.0,750,30.0,158.0,81.0,54.0,43.0,168.0,78.75,59.673416750397884,90.16666666666667,128.0,239.0,2025,3,14,1
137,2025-04-07,94,999.0,0.0,750,30.0,176.0,47.0,45.0,54.0,50.0,48.0,4.96655480858378,83.71428571428571,146.0,223.0,2025,4,15,2
137,2025-04-28,117,999.0,0.3333333333333333,750,30.0,178.0,25.0,94.0,45.0,43.0,59.0,23.818760113266464,85.0,148.0,203.0,2025,4,18,2
137,2025-05-05,55,999.0,0.25,750,30.0,27.0,95.0,117.0,94.0,54.0,77.5,33.8673884437522,83.75,-3.0,122.0,2025,5,19,2
137,2025-06-02,190,999.0,0.0,750,30.0,27.0,95.0,55.0,117.0,45.0,77.75,33.63901504701547,78.25,-3.0,122.0,2025,6,23,2
137,2025-06-09,68,999.0,0.5,750,30.0,201.0,69.0,190.0,55.0,94.0,114.0,56.7626637852735,81.0,171.0,270.0,2025,6,24,2
137,2025-06-30,170,999.0,0.0,750,30.0,31.0,0.0,68.0,190.0,117.0,107.5,61.13645938935838,83.25,1.0,31.0,2025,6,27,2
137,2025-07-07,129,999.0,0.5,750,30.0,31.0,0.0,170.0,68.0,55.0,120.75,69.10559552838926,99.125,1.0,31.0,2025,7,28,3
137,2025-07-28,109,999.0,0.25,750,30.0,132.0,89.0,129.0,170.0,190.0,139.25,53.86015843521691,108.5,102.0,221.0,2025,7,31,3
137,2025-08-04,82,999.0,0.5,750,30.0,231.0,80.0,109.0,129.0,68.0,119.0,42.43426288586461,116.5,201.0,311.0,2025,8,32,3
137,2025-09-01,130,999.0,0.5,750,30.0,238.0,60.0,82.0,109.0,170.0,122.5,37.063009411901064,115.0,208.0,298.0,2025,9,36,3
137,2025-09-08,66,999.0,0.0,750,30.0,231.0,43.0,130.0,82.0,129.0,112.5,22.516660498395414,116.625,201.0,274.0,2025,9,37,3
137,2025-09-29,32,999.0,0.0,750,30.0,156.0,60.0,66.0,130.0,109.0,96.75,28.394541729001375,118.0,126.0,216.0,2025,9,40,3
137,2025-10-06,222,999.0,0.0,750,30.0,184.0,63.0,32.0,66.0,82.0,77.5,40.73900669710378,98.25,154.0,247.0,2025,10,41,4
137,2025-11-03,293,999.0,0.75,750,30.0,43.0,51.0,222.0,32.0,130.0,112.5,83.54439937342698,117.5,13.0,94.0,2025,11,45,4
137,2025-12-01,259,999.0,0.8,750,30.0,28.0,72.0,293.0,222.0,66.0,153.25,124.59367292657093,132.875,-2.0,100.0,2025,12,49,4
137,2025-12-08,22,999.0,0.6,750,30.0,164.0,96.0,259.0,293.0,32.0,201.5,116.66047602623036,149.125,134.0,260.0,2025,12,50,4
138,2024-12-30,94,0.0,0.0,999,0.0,0.0,0.0,0.0,0.0,0.0,0.0,0.0,0.0,0.0,0.0,2024,12,1,4
138,2025-01-06,127,450.0,0.25,999,58.0,121.0,80.0,94.0,0.0,0.0,94.0,0.0,94.0,63.0,201.0,2025,1,2,1
138,2025-01-27,84,450.0,0.25,999,58.0,190.0,19.0,127.0,94.0,0.0,110.5,23.33452377915607,110.5,132.0,209.0,2025,1,5,1
138,2025-02-03,74,450.0,1.0,999,58.0,190.0,19.0,84.0,127.0,0.0,101.66666666666667,22.50185177565023,101.66666666666667,132.0,209.0,2025,2,6,1
138,2025-02-24,41,450.0,0.0,999,58.0,195.0,41.0,74.0,84.0,94.0,94.75,22.998188334446407,94.75,137.0,236.0,2025,2,9,1
138,2025-03-03,182,450.0,0.0,999,58.0,44.0,96.0,41.0,74.0,127.0,81.5,35.46359635833155,84.0,-14.0,140.0,2025,3,10,1
138,2025-03-10,50,450.0,0.5,999,58.0,44.0,96.0,182.0,41.0,84.0,95.25,60.681545794417595,100.33333333333333,-14.0,140.0,2025,3,11,1
138,2025-03-31,141,450.0,0.0,999,58.0,65.0,73.0,50.0,182.0,74.0,86.75,65.00961467352349,93.14285714285714,7.0,138.0,2025,3,14,1
138,2025-04-07,113,450.0,0.3333333333333333,999,58.0,184.0,88.0,141.0,50.0,41.0,103.5,69.13031173081747,99.125,126.0,272.0,2025,4,15,2
138,2025-04-28,24,450.0,0.6666666666666666,999,58.0,14.0,46.0,113.0,141.0,182.0,121.5,55.45268253204709,101.5,-44.0,60.0,2025,4,18,2
138,2025-05-05,152,450.0,0.0,999,58.0,14.0,46.0,24.0,113.0,50.0,82.0,54.252496102330014,88.625,-44.0,60.0,2025,5,19,2
138,2025-06-02,210,450.0,0.0,999,58.0,97.0,17.0,152.0,24.0,141.0,107.5,58.03734429945372,97.125,39.0,114.0,2025,6,23,2
138,2025-06-09,28,450.0,0.5,999,58.0,244.0,96.0,210.0,152.0,113.0,124.75,78.09982927851593,114.125,186.0,340.0,2025,6,24,2
138,2025-06-30,69,450.0,0.0,999,58.0,165.0,91.0,28.0,210.0,24.0,103.5,92.58329582957536,112.5,107.0,256.0,2025,6,27,2
138,2025-07-07,75,450.0,0.0,999,58.0,13.0,4.0,69.0,28.0,152.0,114.75,81.81024793182495,98.375,-45.0,17.0,2025,7,28,3
138,2025-07-28,30,450.0,0.0,999,58.0,70.0,54.0,75.0,69.0,210.0,95.5,79.13911801378633,101.5,12.0,124.0,2025,7,31,3
138,2025-08-04,27,450.0,1.0,999,58.0,134.0,8.0,30.0,75.0,28.0,50.5,24.95996794869738,87.625,76.0,142.0,2025,8,32,3
138,2025-08-11,71,450.0,0.0,999,58.0,55.0,20.0,27.0,30.0,69.0,50.25,25.26361019331957,76.875,-3.0,75.0,2025,8,33,3
138,2025-09-01,94,450.0,1.0,999,58.0,193.0,76.0,71.0,27.0,75.0,50.75,25.773047937719753,82.75,135.0,269.0,2025,9,36,3
138,2025-09-08,88,450.0,0.3333333333333333,999,58.0,159.0,87.0,94.0,71.0,30.0,55.5,32.583226768794205,75.5,101.0,246.0,2025,9,37,3
138,2025-09-29,157,450.0,0.0,999,58.0,159.0,87.0,88.0,94.0,27.0,70.0,30.276503540974925,60.25,101.0,246.0,2025,9,40,3
138,2025-10-06,83,450.0,0.25,999,58.0,125.0,76.0,157.0,88.0,71.0,102.5,37.61648574760807,76.375,67.0,201.0,2025,10,41,4
138,2025-10-27,26,450.0,0.3333333333333333,999,58.0,125.0,76.0,83.0,157.0,94.0,105.5,34.62657938636158,78.125,67.0,201.0,2025,10,44,4
138,2025-11-03,84,450.0,0.0,999,58.0,125.0,76.0,26.0,83.0,88.0,88.5,53.6314584300421,72.0,67.0,201.0,2025,11,45,4
138,2025-11-10,16,450.0,0.5,999,58.0,125.0,100.0,84.0,26.0,157.0,87.5,53.6811574639246,78.75,67.0,225.0,2025,11,46,4
138,2025-12-01,145,450.0,0.0,999,58.0,216.0,45.0,16.0,84.0,83.0,52.25,36.31689230463789,77.375,158.0,261.0,2025,12,49,4
138,2025-12-08,72,450.0,0.2,999,58.0,82.0,16.0,145.0,16.0,26.0,67.75,59.58956843833211,86.625,24.0,98.0,2025,12,50,4
139,2024-12-30,93,0.0,0.0,600,0.0,0.0,0.0,0.0,0.0,0.0,0.0,0.0,0.0,0.0,0.0,2024,12,1,4
139,2025-01-06,85,250.0,0.0,600,38.0,28.0,7.0,93.0,0.0,0.0,93.0,0.0,93.0,-10.0,35.0,2025,1,2,1
139,2025-01-27,26,250.0,0.3333333333333333,600,38.0,28.0,7.0,85.0,93.0,0.0,89.0,5.656854249492381,89.0,-10.0,35.0,2025,1,5,1
139,2025-02-03,64,250.0,0.0,600,38.0,28.0,7.0,26.0,85.0,0.0,68.0,36.59234892706397,68.0,-10.0,35.0,2025,2,6,1
139,2025-02-10,28,250.0,0.0,600,38.0,152.0,33.0,64.0,26.0,93.0,67.0,29.944392908634274,67.0,114.0,185.0,2025,2,7,1
139,2025-02-24,33,250.0,0.0,600,38.0,58.0,38.0,28.0,64.0,85.0,50.75,28.74456470360962,59.2,20.0,96.0,2025,2,9,1
139,2025-03-03,108,250.0,0.0,600,38.0,61.0,51.0,33.0,28.0,26.0,37.75,17.745891543302825,54.833333333333336,23.0,112.0,2025,3,10,1
139,2025-03-10,28,250.0,0.3333333333333333,600,38.0,61.0,51.0,108.0,33.0,64.0,58.25,36.791076816713776,62.42857142857143,23.0,112.0,2025,3,11,1
139,2025-03-31,112,250.0,0.0,600,38.0,61.0,51.0,28.0,108.0,28.0,49.25,39.237524556645184,58.125,23.0,112.0,2025,3,14,1
139,2025-04-07,106,250.0,0.3333333333333333,600,38.0,218.0,18.0,112.0,28.0,33.0,70.25,45.97372437962073,60.5,180.0,236.0,2025,4,15,2
139,2025-04-28,30,250.0,0.25,600,38.0,195.0,13.0,106.0,112.0,108.0,88.5,40.4103947023535,63.125,157.0,208.0,2025,4,18,2
139,2025-05-05,104,250.0,0.0,600,38.0,195.0,13.0,30.0,106.0,28.0,69.0,46.2601340248815,63.625,157.0,208.0,2025,5,19,2
139,2025-05-12,27,250.0,1.0,600,38.0,195.0,13.0,104.0,30.0,112.0,88.0,38.815804341359026,68.625,157.0,208.0,2025,5,20,2
139,2025-06-02,154,250.0,0.0,600,38.0,195.0,13.0,27.0,104.0,106.0,66.75,44.19181673869797,68.5,157.0,208.0,2025,6,23,2
139,2025-06-09,42,250.0,0.3333333333333333,600,38.0,141.0,95.0,154.0,27.0,30.0,78.75,61.52167639675196,83.625,103.0,236.0,2025,6,24,2
139,2025-06-30,136,250.0,0.0,600,38.0,141.0,95.0,42.0,154.0,104.0,81.75,58.57402723619631,75.375,103.0,236.0,2025,6,27,2
139,2025-07-07,44,250.0,0.75,600,38.0,211.0,24.0,136.0,42.0,27.0,89.75,64.5103350892966,88.875,173.0,235.0,2025,7,28,3
139,2025-07-28,20,250.0,0.0,600,38.0,27.0,63.0,44.0,136.0,154.0,94.0,59.352056970813294,80.375,-11.0,90.0,2025,7,31,3
139,2025-08-04,132,250.0,0.0,600,38.0,246.0,79.0,20.0,44.0,42.0,60.5,51.49433625814267,69.625,208.0,325.0,2025,8,32,3
139,2025-08-11,46,250.0,0.25,600,38.0,238.0,91.0,132.0,20.0,136.0,83.0,59.72157622389639,82.375,200.0,329.0,2025,8,33,3
139,2025-09-01,214,250.0,0.5,600,38.0,238.0,91.0,46.0,132.0,44.0,60.5,49.10872291830308,75.125,200.0,329.0,2025,9,36,3
139,2025-09-08,81,250.0,0.4,600,38.0,238.0,91.0,214.0,46.0,20.0,103.0,88.12869377601524,98.5,200.0,329.0,2025,9,37,3
139,2025-09-29,93,250.0,1.0,600,38.0,238.0,91.0,81.0,214.0,132.0,118.25,72.94918322595075,89.375,200.0,329.0,2025,9,40,3
139,2025-10-06,16,250.0,0.5,600,38.0,94.0,66.0,93.0,81.0,46.0,108.5,73.10494739300024,95.75,56.0,160.0,2025,10,41,4
139,2025-10-27,58,250.0,0.0,600,38.0,94.0,66.0,16.0,93.0,214.0,101.0,82.5792548606085,80.75,56.0,160.0,2025,10,44,4
139,2025-11-03,102,250.0,0.0,600,38.0,94.0,66.0,58.0,16.0,81.0,62.0,33.93130314817475,82.5,56.0,160.0,2025,11,45,4
139,2025-11-10,21,250.0,0.0,600,38.0,90.0,36.0,102.0,58.0,93.0,67.25,39.08431057769005,92.75,52.0,126.0,2025,11,46,4
139,2025-12-01,152,250.0,0.0,600,38.0,90.0,36.0,21.0,102.0,16.0,49.25,39.844489372224785,78.875,52.0,126.0,2025,12,49,4
139,2025-12-08,99,250.0,0.4,600,38.0,90.0,36.0,152.0,21.0,58.0,83.25,56.541282853032854,92.125,52.0,126.0,2025,12,50,4
140,2024-12-30,105,0.0,0.0,850,0.0,0.0,0.0,0.0,0.0,0.0,0.0,0.0,0.0,0.0,0.0,2024,12,1,4
140,2025-01-06,168,999.0,0.5,850,74.0,189.0,18.0,105.0,0.0,0.0,105.0,0.0,105.0,115.0,207.0,2025,1,2,1
140,2025-01-27,39,999.0,0.2,850,74.0,17.0,86.0,168.0,105.0,0.0,136.5,44.54772721475249,136.5,-57.0,103.0,2025,1,5,1
140,2025-02-03,231,999.0,0.0,850,74.0,250.0,85.0,39.0,168.0,0.0,104.0,64.50581369148055,104.0,176.0,335.0,2025,2,6,1
140,2025-02-10,65,999.0,0.5,850,74.0,53.0,55.0,231.0,39.0,105.0,135.75,82.5,135.75,-21.0,108.0,2025,2,7,1
140,2025-02-24,88,999.0,0.0,850,74.0,182.0,32.0,65.0,231.0,168.0,125.75,89.58934088383506,121.6,108.0,214.0,2025,2,9,1
140,2025-03-03,110,999.0,0.5,850,74.0,13.0,55.0,88.0,65.0,39.0,105.75,85.86568969423507,116.0,-61.0,68.0,2025,3,10,1
140,2025-03-10,118,999.0,0.25,850,74.0,13.0,55.0,110.0,88.0,231.0,123.5,73.98423255442113,115.14285714285714,-61.0,68.0,2025,3,11,1
140,2025-03-31,172,999.0,0.3333333333333333,850,74.0,13.0,55.0,118.0,110.0,65.0,95.25,23.824007499439155,115.5,-61.0,68.0,2025,3,14,1
140,2025-04-07,174,999.0,0.2,850,74.0,133.0,21.0,172.0,118.0,88.0,122.0,35.66510900025401,123.875,59.0,154.0,2025,4,15,2
140,2025-04-28,85,999.0,0.5,850,74.0,133.0,21.0,174.0,172.0,110.0,143.5,34.22961680572347,124.625,59.0,154.0,2025,4,18,2
140,2025-05-05,132,999.0,0.0,850,74.0,133.0,21.0,85.0,174.0,118.0,137.25,43.43097972645793,130.375,59.0,154.0,2025,5,19,2
140,2025-05-12,23,999.0,0.0,850,74.0,153.0,34.0,132.0,85.0,172.0,140.75,41.89968178081229,118.0,79.0,187.0,2025,5,20,2
140,2025-06-02,103,999.0,0.0,850,74.0,153.0,34.0,23.0,132.0,174.0,103.5,64.82026432117249,112.75,79.0,187.0,2025,6,23,2
140,2025-06-09,62,999.0,0.0,850,74.0,84.0,17.0,103.0,23.0,85.0,85.75,46.09681840069514,114.625,10.0,101.0,2025,6,24,2
140,2025-06-30,84,999.0,1.0,850,74.0,106.0,57.0,62.0,103.0,132.0,80.0,47.63052242697603,108.625,32.0,163.0,2025,6,27,2
140,2025-07-07,77,999.0,0.0,850,74.0,99.0,54.0,84.0,62.0,23.0,68.0,34.36083041293774,104.375,25.0,153.0,2025,7,28,3
140,2025-07-28,70,999.0,0.0,850,74.0,99.0,54.0,77.0,84.0,103.0,81.5,17.01959654829299,92.5,25.0,153.0,2025,7,31,3
140,2025-08-04,21,999.0,1.0,850,74.0,99.0,54.0,70.0,77.0,62.0,73.25,9.429563439877088,79.5,25.0,153.0,2025,8,32,3
140,2025-08-11,42,999.0,0.0,850,74.0,37.0,3.0,21.0,70.0,84.0,63.0,28.577380332470412,71.5,-37.0,40.0,2025,8,33,3
140,2025-09-01,94,999.0,0.0,850,74.0,32.0,71.0,42.0,21.0,77.0,52.5,25.877918514955304,60.25,-42.0,103.0,2025,9,36,3
140,2025-09-08,135,999.0,0.3333333333333333,850,74.0,32.0,71.0,94.0,42.0,70.0,56.75,31.930915009334345,69.125,-42.0,103.0,2025,9,37,3
140,2025-09-29,68,999.0,0.25,850,74.0,149.0,45.0,135.0,94.0,21.0,73.0,51.478150704935004,73.125,75.0,194.0,2025,9,40,3
140,2025-10-06,172,999.0,1.0,850,74.0,247.0,6.0,68.0,135.0,42.0,84.75,39.66001344763598,73.875,173.0,253.0,2025,10,41,4
140,2025-10-27,48,999.0,0.25,850,74.0,249.0,68.0,172.0,68.0,94.0,117.25,45.74840616531538,84.875,175.0,317.0,2025,10,44,4
140,2025-11-03,198,999.0,1.0,850,74.0,249.0,68.0,48.0,172.0,135.0,105.75,57.74873735993425,81.25,175.0,317.0,2025,11,45,4
140,2025-11-10,51,999.0,0.5,850,74.0,34.0,73.0,198.0,48.0,68.0,121.5,74.53634460225875,97.25,-40.0,107.0,2025,11,46,4
140,2025-12-01,53,999.0,0.0,850,74.0,34.0,73.0,51.0,198.0,172.0,117.25,78.95726692331745,101.0,-40.0,107.0,2025,12,49,4
140,2025-12-08,48,999.0,0.0,850,74.0,107.0,72.0,53.0,51.0,48.0,87.5,73.69531871157082,102.375,33.0,179.0,2025,12,50,4
141,2024-12-30,74,0.0,0.0,2200,0.0,0.0,0.0,0.0,0.0,0.0,0.0,0.0,0.0,0.0,0.0,2024,12,1,4
141,2025-01-06,44,999.0,0.0,2200,55.0,0.0,0.0,74.0,0.0,0.0,74.0,0.0,74.0,0.0,0.0,2025,1,2,1
141,2025-01-27,22,999.0,0.0,2200,55.0,79.0,19.0,44.0,74.0,0.0,59.0,21.213203435596427,59.0,24.0,98.0,2025,1,5,1
141,2025-02-03,174,999.0,0.0,2200,55.0,79.0,19.0,22.0,44.0,0.0,46.666666666666664,26.102362600602522,46.666666666666664,24.0,98.0,2025,2,6,1
141,2025-02-10,29,999.0,0.0,2200,55.0,146.0,50.0,174.0,22.0,74.0,78.5,67.1391589660361,78.5,91.0,196.0,2025,2,7,1
141,2025-02-24,57,999.0,0.0,2200,55.0,107.0,40.0,29.0,174.0,44.0,67.25,71.75595213406807,68.6,52.0,147.0,2025,2,9,1
141,2025-03-03,152,999.0,0.5,2200,55.0,38.0,54.0,57.0,29.0,22.0,70.5,70.63757262722628,66.66666666666667,-17.0,92.0,2025,3,10,1
141,2025-03-31,120,999.0,0.2,2200,55.0,41.0,51.0,152.0,57.0,174.0,103.0,70.79077152661449,78.85714285714286,-14.0,92.0,2025,3,14,1
141,2025-04-07,109,999.0,0.3333333333333333,2200,55.0,191.0,73.0,120.0,152.0,29.0,89.5,56.42989751305006,84.0,136.0,264.0,2025,4,15,2
141,2025-04-28,149,999.0,1.0,2200,55.0,191.0,73.0,109.0,120.0,57.0,109.5,39.46728603117608,88.375,136.0,264.0,2025,4,18,2
141,2025-05-05,108,999.0,0.0,2200,55.0,191.0,73.0,149.0,109.0,152.0,132.5,21.299452262127925,101.5,136.0,264.0,2025,5,19,2
141,2025-06-02,37,999.0,0.3333333333333333,2200,55.0,191.0,73.0,108.0,149.0,120.0,121.5,19.12241267901795,112.25,136.0,264.0,2025,6,23,2
141,2025-06-09,41,999.0,0.0,2200,55.0,203.0,53.0,37.0,108.0,109.0,100.75,46.59309677051598,95.125,148.0,256.0,2025,6,24,2
141,2025-06-30,142,999.0,0.0,2200,55.0,249.0,56.0,41.0,37.0,149.0,83.75,54.34074591562639,96.625,194.0,305.0,2025,6,27,2
141,2025-07-07,165,999.0,0.3333333333333333,2200,55.0,28.0,95.0,142.0,41.0,108.0,82.0,51.581650484127266,107.25,-27.0,123.0,2025,7,28,3
141,2025-07-28,57,999.0,1.0,2200,55.0,245.0,29.0,165.0,142.0,37.0,96.25,66.79009407589322,108.875,190.0,274.0,2025,7,31,3
141,2025-08-04,219,999.0,0.0,2200,55.0,195.0,34.0,57.0,165.0,41.0,101.25,61.40778995100432,101.0,140.0,229.0,2025,8,32,3
141,2025-08-11,102,999.0,0.16666666666666666,2200,55.0,80.0,85.0,219.0,57.0,142.0,145.75,67.39621651101788,114.75,25.0,165.0,2025,8,33,3
141,2025-09-01,175,999.0,0.0,2200,55.0,80.0,85.0,102.0,219.0,165.0,135.75,71.00880227126775,108.875,25.0,165.0,2025,9,36,3
141,2025-09-08,159,999.0,0.75,2200,55.0,120.0,99.0,175.0,102.0,57.0,138.25,72.54136750847753,117.25,65.0,219.0,2025,9,37,3
141,2025-09-29,93,999.0,0.3333333333333333,2200,55.0,56.0,9.0,159.0,175.0,219.0,163.75,48.35545470781967,132.5,1.0,65.0,2025,9,40,3
141,2025-10-06,46,999.0,0.6666666666666666,2200,55.0,43.0,43.0,93.0,159.0,102.0,132.25,40.81972562377165,139.0,-12.0,86.0,2025,10,41,4
141,2025-10-27,30,999.0,0.0,2200,55.0,26.0,98.0,46.0,93.0,175.0,118.25,59.829619197629306,127.0,-29.0,124.0,2025,10,44,4
141,2025-11-03,57,999.0,1.0,2200,55.0,64.0,61.0,30.0,46.0,159.0,82.0,57.879184513951124,110.125,9.0,125.0,2025,11,45,4
141,2025-11-10,22,999.0,0.0,2200,55.0,213.0,82.0,57.0,30.0,93.0,56.5,26.739483914241873,110.125,158.0,295.0,2025,11,46,4
141,2025-12-01,149,999.0,0.0,2200,55.0,91.0,46.0,22.0,57.0,46.0,38.75,15.734781006843827,85.5,36.0,137.0,2025,12,49,4
141,2025-12-08,202,999.0,0.25,2200,55.0,91.0,46.0,149.0,22.0,30.0,64.5,58.28950734623399,91.375,36.0,137.0,2025,12,50,4
142,2024-12-30,32,0.0,0.0,450,0.0,0.0,0.0,0.0,0.0,0.0,0.0,0.0,0.0,0.0,0.0,2024,12,1,4
142,2025-01-06,46,1500.0,1.0,450,87.0,0.0,0.0,32.0,0.0,0.0,32.0,0.0,32.0,0.0,0.0,2025,1,2,1
142,2025-02-03,141,1500.0,0.5,450,87.0,80.0,93.0,46.0,32.0,0.0,39.0,9.899494936611665,39.0,-7.0,173.0,2025,2,6,1
142,2025-02-24,41,1500.0,0.5,450,87.0,62.0,57.0,141.0,46.0,0.0,73.0,59.30430001273095,73.0,-25.0,119.0,2025,2,9,1
142,2025-03-03,111,1500.0,1.0,450,87.0,202.0,85.0,41.0,141.0,32.0,65.0,50.996731921434595,65.0,115.0,287.0,2025,3,10,1
142,2025-03-10,67,1500.0,0.5,450,87.0,174.0,72.0,111.0,41.0,46.0,84.75,49.2231314187412,74.2,87.0,246.0,2025,3,11,1
142,2025-03-31,122,1500.0,1.0,450,87.0,100.0,86.0,67.0,111.0,141.0,90.0,44.61688768467234,73.0,13.0,186.0,2025,3,14,1
142,2025-04-07,53,1500.0,0.6666666666666666,450,87.0,120.0,86.0,122.0,67.0,41.0,85.25,37.88029390945464,80.0,33.0,206.0,2025,4,15,2
142,2025-04-28,35,1500.0,0.0,450,87.0,129.0,71.0,53.0,122.0,111.0,88.25,33.42030321027424,76.625,42.0,200.0,2025,4,18,2
142,2025-05-05,80,1500.0,1.0,450,87.0,132.0,56.0,35.0,53.0,67.0,69.25,37.526657191921586,77.0,45.0,188.0,2025,5,19,2
142,2025-05-26,30,1500.0,0.0,450,87.0,121.0,9.0,80.0,35.0,122.0,72.5,37.82856063875548,81.25,34.0,130.0,2025,5,22,2
142,2025-06-02,76,1500.0,0.0,450,87.0,220.0,29.0,30.0,80.0,53.0,49.5,22.60530911091463,67.375,133.0,249.0,2025,6,23,2
142,2025-06-09,129,1500.0,0.3333333333333333,450,87.0,243.0,0.0,76.0,30.0,35.0,55.25,26.399179280172074,71.75,156.0,243.0,2025,6,24,2
142,2025-06-30,66,1500.0,0.0,450,87.0,245.0,36.0,129.0,76.0,80.0,78.75,40.45882680783844,74.0,158.0,281.0,2025,6,27,2
142,2025-07-07,123,1500.0,0.5,450,87.0,245.0,36.0,66.0,129.0,30.0,75.25,40.91760012512953,73.875,158.0,281.0,2025,7,28,3
142,2025-07-28,92,1500.0,0.0,450,87.0,146.0,92.0,123.0,66.0,76.0,98.5,32.109188716004645,74.0,59.0,238.0,2025,7,31,3
142,2025-08-04,146,1500.0,0.0,450,87.0,85.0,18.0,92.0,123.0,129.0,102.5,29.240383034426895,78.875,-2.0,103.0,2025,8,32,3
142,2025-08-11,82,1500.0,0.5,450,87.0,63.0,0.0,146.0,92.0,66.0,106.75,35.03688532580105,92.75,-24.0,63.0,2025,8,33,3
142,2025-09-01,52,1500.0,0.0,450,87.0,47.0,39.0,82.0,146.0,123.0,110.75,29.27313899578702,93.0,-40.0,86.0,2025,9,36,3
142,2025-09-08,203,1500.0,0.0,450,87.0,71.0,19.0,52.0,82.0,92.0,93.0,39.20884254008696,95.75,-16.0,90.0,2025,9,37,3
142,2025-09-29,28,1500.0,0.0,450,87.0,40.0,57.0,203.0,52.0,146.0,120.75,67.40610753732435,111.625,-47.0,97.0,2025,9,40,3
142,2025-10-06,111,1500.0,0.0,450,87.0,206.0,52.0,28.0,203.0,82.0,91.25,77.70617736061915,99.0,119.0,258.0,2025,10,41,4
142,2025-10-27,52,1500.0,0.3333333333333333,450,87.0,201.0,55.0,111.0,28.0,52.0,98.5,77.90806547891346,104.625,114.0,256.0,2025,10,44,4
142,2025-11-03,142,1500.0,0.0,450,87.0,201.0,55.0,52.0,111.0,203.0,98.5,77.90806547891346,95.75,114.0,256.0,2025,11,45,4
142,2025-11-10,33,1500.0,0.3333333333333333,450,87.0,220.0,13.0,142.0,52.0,28.0,83.25,52.44282601080914,102.0,133.0,233.0,2025,11,46,4
142,2025-12-01,143,1500.0,1.0,450,87.0,120.0,64.0,33.0,142.0,111.0,84.5,50.71817557181383,87.875,33.0,184.0,2025,12,49,4
142,2025-12-08,224,1500.0,0.0,450,87.0,120.0,64.0,143.0,33.0,52.0,92.5,58.25518574913882,95.5,33.0,184.0,2025,12,50,4
143,2024-12-30,25,0.0,0.0,900,0.0,0.0,0.0,0.0,0.0,0.0,0.0,0.0,0.0,0.0,0.0,2024,12,1,4
143,2025-01-06,41,700.0,0.0,900,76.0,89.0,91.0,25.0,0.0,0.0,25.0,0.0,25.0,13.0,180.0,2025,1,2,1
143,2025-01-27,27,700.0,0.0,900,76.0,108.0,9.0,41.0,25.0,0.0,33.0,11.313708498984761,33.0,32.0,117.0,2025,1,5,1
143,2025-02-03,248,700.0,0.0,900,76.0,223.0,38.0,27.0,41.0,0.0,31.0,8.717797887081348,31.0,147.0,261.0,2025,2,6,1
143,2025-02-10,65,700.0,0.5,900,76.0,70.0,45.0,248.0,27.0,25.0,85.25,108.73323625583241,85.25,-6.0,115.0,2025,2,7,1
143,2025-02-24,60,700.0,0.0,900,76.0,208.0,28.0,65.0,248.0,41.0,95.25,103.03518816404423,81.2,132.0,236.0,2025,2,9,1
143,2025-03-03,98,700.0,0.0,900,76.0,208.0,28.0,60.0,65.0,27.0,100.0,100.09661998955477,77.66666666666667,132.0,236.0,2025,3,10,1
143,2025-03-10,49,700.0,1.0,900,76.0,50.0,56.0,98.0,60.0,248.0,117.75,88.45479071254422,80.57142857142857,-26.0,106.0,2025,3,11,1
143,2025-03-31,104,700.0,0.0,900,76.0,74.0,100.0,49.0,98.0,65.0,68.0,21.08712087191296,76.625,-2.0,174.0,2025,3,14,1
143,2025-04-07,80,700.0,0.0,900,76.0,122.0,19.0,104.0,49.0,60.0,77.75,27.329776191302173,86.5,46.0,141.0,2025,4,15,2
143,2025-04-28,74,700.0,0.3333333333333333,900,76.0,145.0,74.0,80.0,104.0,98.0,82.75,24.703238654071257,91.375,69.0,219.0,2025,4,18,2
143,2025-05-05,175,700.0,1.0,900,76.0,229.0,95.0,74.0,80.0,49.0,76.75,22.588713996153043,97.25,153.0,324.0,2025,5,19,2
143,2025-05-12,20,700.0,0.6666666666666666,900,76.0,25.0,37.0,175.0,74.0,104.0,108.25,46.349217900629135,88.125,-51.0,62.0,2025,5,20,2
143,2025-06-02,113,700.0,0.0,900,76.0,25.0,37.0,20.0,175.0,80.0,87.25,64.42243398071824,82.5,-51.0,62.0,2025,6,23,2
143,2025-06-09,15,700.0,0.5,900,76.0,85.0,25.0,113.0,20.0,74.0,95.5,65.2916533716217,89.125,9.0,110.0,2025,6,24,2
143,2025-06-30,93,700.0,0.0,900,76.0,85.0,25.0,15.0,113.0,175.0,80.75,77.32345482883358,78.75,9.0,110.0,2025,6,27,2
143,2025-07-07,138,700.0,0.3333333333333333,900,76.0,44.0,97.0,93.0,15.0,20.0,60.25,50.075775913442754,84.25,-32.0,141.0,2025,7,28,3
143,2025-07-28,54,700.0,0.0,900,76.0,123.0,38.0,138.0,93.0,113.0,89.75,53.12485294097293,88.5,47.0,161.0,2025,7,31,3
143,2025-08-04,55,700.0,1.0,900,76.0,126.0,42.0,54.0,138.0,15.0,75.0,52.706735812417755,85.25,50.0,168.0,2025,8,32,3
143,2025-09-01,138,700.0,0.0,900,76.0,126.0,42.0,55.0,54.0,93.0,85.0,39.72404813208241,82.875,50.0,168.0,2025,9,36,3
143,2025-09-08,117,700.0,0.5,900,76.0,179.0,91.0,138.0,55.0,138.0,96.25,48.21047603996459,78.25,103.0,270.0,2025,9,37,3
143,2025-09-29,27,700.0,0.25,900,76.0,195.0,62.0,117.0,138.0,54.0,91.0,43.01162633521314,90.375,119.0,257.0,2025,9,40,3
143,2025-10-06,114,700.0,0.0,900,76.0,117.0,93.0,27.0,117.0,55.0,84.25,51.944682114726625,79.625,41.0,210.0,2025,10,41,4
143,2025-10-27,27,700.0,0.3333333333333333,900,76.0,238.0,31.0,114.0,27.0,138.0,99.0,49.17316341257699,92.0,162.0,269.0,2025,10,44,4
143,2025-11-03,158,700.0,0.0,900,76.0,238.0,31.0,27.0,114.0,117.0,71.25,51.11017511220246,83.75,162.0,269.0,2025,11,45,4
143,2025-11-10,65,700.0,0.5,900,76.0,26.0,35.0,158.0,27.0,27.0,81.5,65.4446330878247,86.25,-50.0,61.0,2025,11,46,4
143,2025-12-01,95,700.0,0.5,900,76.0,45.0,83.0,65.0,158.0,114.0,91.0,57.125592630040465,87.625,-31.0,128.0,2025,12,49,4
143,2025-12-08,70,700.0,0.3333333333333333,900,76.0,207.0,73.0,95.0,65.0,27.0,86.25,55.33760023709015,92.625,131.0,280.0,2025,12,50,4
144,2024-12-30,127,0.0,0.0,350,0.0,0.0,0.0,0.0,0.0,0.0,0.0,0.0,0.0,0.0,0.0,2024,12,1,4
144,2025-01-06,230,650.0,0.3333333333333333,350,45.0,0.0,0.0,127.0,0.0,0.0,127.0,0.0,127.0,0.0,0.0,2025,1,2,1
144,2025-02-03,118,650.0,0.0,350,45.0,0.0,0.0,230.0,127.0,0.0,178.5,72.8319984622144,178.5,0.0,0.0,2025,2,6,1
144,2025-02-10,60,650.0,0.5,350,45.0,86.0,22.0,118.0,230.0,0.0,158.33333333333334,62.22807512155051,158.33333333333334,41.0,108.0,2025,2,7,1
144,2025-02-24,22,650.0,0.5,350,45.0,86.0,22.0,60.0,118.0,127.0,133.75,70.70301738021276,133.75,41.0,108.0,2025,2,9,1
144,2025-03-03,145,650.0,0.0,350,45.0,104.0,38.0,22.0,60.0,230.0,107.5,90.70648635388027,111.4,59.0,142.0,2025,3,10,1
144,2025-03-10,19,650.0,0.25,350,45.0,14.0,54.0,145.0,22.0,118.0,86.25,55.60800302114795,117.0,-31.0,68.0,2025,3,11,1
144,2025-03-31,29,650.0,0.0,350,45.0,14.0,54.0,19.0,145.0,60.0,61.5,58.711157372342775,103.0,-31.0,68.0,2025,3,14,1
144,2025-04-07,69,650.0,0.0,350,45.0,14.0,54.0,29.0,19.0,22.0,53.75,60.97745485013293,93.75,-31.0,68.0,2025,4,15,2
144,2025-04-28,67,650.0,1.0,350,45.0,242.0,93.0,69.0,29.0,145.0,65.5,57.233440108617145,86.5,197.0,335.0,2025,4,18,2
144,2025-05-05,102,650.0,0.5,350,45.0,242.0,93.0,67.0,69.0,19.0,46.0,25.742312768410418,66.125,197.0,335.0,2025,5,19,2
144,2025-05-12,28,650.0,0.6666666666666666,350,45.0,67.0,21.0,102.0,67.0,29.0,66.75,29.848227194703977,64.125,22.0,88.0,2025,5,20,2
144,2025-06-02,68,650.0,0.0,350,45.0,67.0,21.0,28.0,102.0,69.0,66.5,30.27099822162019,60.125,22.0,88.0,2025,6,23,2
144,2025-06-09,104,650.0,0.0,350,45.0,113.0,14.0,68.0,28.0,67.0,66.25,30.24758943563381,65.875,68.0,127.0,2025,6,24,2
144,2025-06-30,113,650.0,0.0,350,45.0,242.0,29.0,104.0,68.0,102.0,75.5,35.716476123305696,60.75,197.0,271.0,2025,6,27,2
144,2025-07-07,84,650.0,0.3333333333333333,350,45.0,228.0,23.0,113.0,104.0,28.0,78.25,38.73306081372861,72.5,183.0,251.0,2025,7,28,3
144,2025-07-28,91,650.0,0.0,350,45.0,213.0,45.0,84.0,113.0,68.0,92.25,20.205197351176736,79.375,168.0,258.0,2025,7,31,3
144,2025-08-04,185,650.0,0.5,350,45.0,140.0,58.0,91.0,84.0,104.0,98.0,12.987173159185415,82.125,95.0,198.0,2025,8,32,3
144,2025-08-11,22,650.0,0.2,350,45.0,56.0,35.0,185.0,91.0,113.0,118.25,46.18351076592885,96.875,11.0,91.0,2025,8,33,3
144,2025-09-01,199,650.0,0.0,350,45.0,110.0,26.0,22.0,185.0,84.0,95.5,67.24333919925948,86.875,65.0,136.0,2025,9,36,3
144,2025-09-08,90,650.0,0.75,350,45.0,22.0,69.0,199.0,22.0,91.0,124.25,83.34416596259153,108.25,-23.0,91.0,2025,9,37,3
144,2025-09-29,201,650.0,0.3333333333333333,350,45.0,169.0,79.0,90.0,199.0,185.0,124.0,83.47854015653763,111.0,124.0,248.0,2025,9,40,3
144,2025-10-06,175,650.0,0.5,350,45.0,34.0,26.0,201.0,90.0,22.0,128.0,87.65462528203138,123.125,-11.0,60.0,2025,10,41,4
144,2025-10-27,86,650.0,0.4,350,45.0,34.0,26.0,175.0,201.0,199.0,166.25,52.187961574805094,130.875,-11.0,60.0,2025,10,44,4
144,2025-11-03,115,650.0,0.5,350,45.0,34.0,26.0,86.0,175.0,90.0,138.0,58.72534943843814,131.125,-11.0,60.0,2025,11,45,4
144,2025-11-10,41,650.0,0.6666666666666666,350,45.0,34.0,26.0,115.0,86.0,201.0,144.25,52.96146397775147,134.125,-11.0,60.0,2025,11,46,4
144,2025-12-01,92,650.0,0.0,350,45.0,34.0,26.0,41.0,115.0,175.0,104.25,56.138964483977915,116.125,-11.0,60.0,2025,12,49,4
144,2025-12-08,35,650.0,0.0,350,45.0,59.0,23.0,92.0,41.0,86.0,83.5,30.967725134404045,124.875,14.0,82.0,2025,12,50,4
145,2025-01-06,164,0.0,0.0,1200,0.0,0.0,0.0,0.0,0.0,0.0,0.0,0.0,0.0,0.0,0.0,2025,1,2,1
145,2025-02-03,59,850.0,0.25,1200,87.0,231.0,91.0,164.0,0.0,0.0,164.0,0.0,164.0,144.0,322.0,2025,2,6,1
145,2025-02-10,42,850.0,0.0,1200,87.0,34.0,48.0,59.0,164.0,0.0,111.5,74.24621202458749,111.5,-53.0,82.0,2025,2,7,1
145,2025-02-24,21,850.0,0.0,1200,87.0,101.0,16.0,42.0,59.0,0.0,88.33333333333333,66.07823645750038,88.33333333333333,14.0,117.0,2025,2,9,1
145,2025-03-03,26,850.0,0.0,1200,87.0,101.0,16.0,21.0,42.0,164.0,71.5,63.595073184432565,71.5,14.0,117.0,2025,3,10,1
145,2025-03-10,88,850.0,0.0,1200,87.0,234.0,18.0,26.0,21.0,59.0,37.0,17.185265006200336,62.4,147.0,252.0,2025,3,11,1
145,2025-03-31,108,850.0,0.5,1200,87.0,214.0,21.0,88.0,26.0,42.0,44.25,30.51092700438102,66.66666666666667,127.0,235.0,2025,3,14,1
145,2025-04-07,203,850.0,0.0,1200,87.0,230.0,55.0,108.0,88.0,21.0,60.75,43.82826333162959,72.57142857142857,143.0,285.0,2025,4,15,2
145,2025-04-28,72,850.0,0.5,1200,87.0,247.0,90.0,203.0,108.0,26.0,106.25,73.34109807377216,88.875,160.0,337.0,2025,4,18,2
145,2025-05-05,185,850.0,0.5,1200,87.0,250.0,97.0,72.0,203.0,88.0,117.75,58.71044767898356,77.375,163.0,347.0,2025,5,19,2
145,2025-05-12,28,850.0,0.4,1200,87.0,93.0,11.0,185.0,72.0,108.0,142.0,62.252175330130704,93.125,6.0,104.0,2025,5,20,2
145,2025-06-02,145,850.0,0.0,1200,87.0,93.0,11.0,28.0,185.0,203.0,122.0,85.37368837450252,91.375,6.0,104.0,2025,6,23,2
145,2025-06-09,72,850.0,0.5,1200,87.0,93.0,11.0,145.0,28.0,72.0,107.5,70.694177035076,106.875,6.0,104.0,2025,6,24,2
145,2025-06-30,77,850.0,0.5,1200,87.0,93.0,11.0,72.0,145.0,185.0,107.5,70.694177035076,112.625,6.0,104.0,2025,6,27,2
145,2025-07-07,188,850.0,0.0,1200,87.0,186.0,90.0,77.0,72.0,28.0,80.5,48.30803935854431,111.25,99.0,276.0,2025,7,28,3
145,2025-08-04,240,850.0,0.16666666666666666,1200,87.0,225.0,92.0,188.0,77.0,145.0,120.5,55.97916278997629,121.25,138.0,317.0,2025,8,32,3
145,2025-08-11,76,850.0,0.16666666666666666,1200,87.0,225.0,92.0,240.0,188.0,72.0,144.25,83.31616489813567,125.875,138.0,317.0,2025,8,33,3
145,2025-09-01,102,850.0,0.0,1200,87.0,235.0,72.0,76.0,240.0,77.0,145.25,82.17613197678914,126.375,148.0,307.0,2025,9,36,3
145,2025-09-08,52,850.0,0.25,1200,87.0,198.0,75.0,102.0,76.0,188.0,151.5,75.9714858790235,116.0,111.0,273.0,2025,9,37,3
145,2025-09-29,182,850.0,0.0,1200,87.0,36.0,75.0,52.0,102.0,240.0,117.5,84.18036192208568,119.0,-51.0,111.0,2025,9,40,3
145,2025-10-06,92,850.0,0.6666666666666666,1200,87.0,72.0,31.0,182.0,52.0,76.0,103.0,56.485986462720696,123.625,-15.0,103.0,2025,10,41,4
145,2025-10-27,86,850.0,0.0,1200,87.0,47.0,97.0,92.0,182.0,102.0,107.0,54.4671154612273,126.125,-40.0,144.0,2025,10,44,4
145,2025-11-03,116,850.0,1.0,1200,87.0,47.0,97.0,86.0,92.0,52.0,103.0,55.533773507659276,127.25,-40.0,144.0,2025,11,45,4
145,2025-11-10,48,850.0,0.0,1200,87.0,22.0,46.0,116.0,86.0,182.0,119.0,43.954521951671815,118.25,-65.0,68.0,2025,11,46,4
145,2025-12-01,175,850.0,0.0,1200,87.0,30.0,11.0,48.0,116.0,92.0,85.5,28.160255680657436,94.25,-57.0,41.0,2025,12,49,4
145,2025-12-08,118,850.0,0.0,1200,87.0,144.0,45.0,175.0,48.0,86.0,106.25,53.618249380846684,106.625,57.0,189.0,2025,12,50,4
146,2024-12-30,168,0.0,0.0,750,0.0,0.0,0.0,0.0,0.0,0.0,0.0,0.0,0.0,0.0,0.0,2024,12,1,4
146,2025-01-06,135,999.0,0.6666666666666666,750,85.0,249.0,46.0,168.0,0.0,0.0,168.0,0.0,168.0,164.0,295.0,2025,1,2,1
146,2025-02-03,68,999.0,0.3333333333333333,750,85.0,51.0,69.0,135.0,168.0,0.0,151.5,23.33452377915607,151.5,-34.0,120.0,2025,2,6,1
146,2025-02-10,60,999.0,0.0,750,85.0,199.0,38.0,68.0,135.0,0.0,123.66666666666667,50.95422782589619,123.66666666666667,114.0,237.0,2025,2,7,1
146,2025-02-24,16,999.0,1.0,750,85.0,10.0,63.0,60.0,68.0,168.0,107.75,52.38558962157437,107.75,-75.0,73.0,2025,2,9,1
146,2025-03-03,107,999.0,0.0,750,85.0,102.0,26.0,16.0,60.0,135.0,69.75,49.14180162210851,89.4,17.0,128.0,2025,3,10,1
146,2025-03-10,24,999.0,0.3333333333333333,750,85.0,102.0,26.0,107.0,16.0,68.0,62.75,37.3217988133834,92.33333333333333,17.0,128.0,2025,3,11,1
146,2025-03-31,118,999.0,0.0,750,85.0,102.0,26.0,24.0,107.0,60.0,51.75,41.50803135137424,82.57142857142857,17.0,128.0,2025,3,14,1
146,2025-04-07,120,999.0,0.6666666666666666,750,85.0,19.0,2.0,118.0,24.0,16.0,66.25,53.692799020601136,87.0,-66.0,21.0,2025,4,15,2
146,2025-04-28,79,999.0,0.25,750,85.0,203.0,6.0,120.0,118.0,107.0,92.25,45.85756934974494,81.0,118.0,209.0,2025,4,18,2
146,2025-05-05,155,999.0,0.0,750,85.0,40.0,58.0,79.0,120.0,24.0,85.25,44.984256505285636,74.0,-45.0,98.0,2025,5,19,2
146,2025-06-02,153,999.0,0.3333333333333333,750,85.0,37.0,60.0,155.0,79.0,118.0,118.0,31.059083480789745,84.875,-48.0,97.0,2025,6,23,2
146,2025-06-30,76,999.0,0.3333333333333333,750,85.0,118.0,81.0,153.0,155.0,120.0,126.75,35.64991818597437,96.5,33.0,199.0,2025,6,27,2
146,2025-07-28,107,999.0,0.0,750,85.0,135.0,39.0,76.0,153.0,79.0,115.75,44.19181673869797,104.0,50.0,174.0,2025,7,31,3
146,2025-08-04,107,999.0,0.0,750,85.0,83.0,68.0,107.0,76.0,155.0,122.75,38.248093634410935,104.0,-2.0,151.0,2025,8,32,3
146,2025-09-01,55,999.0,0.5,750,85.0,48.0,29.0,107.0,107.0,153.0,110.75,31.7319502499715,114.375,-37.0,77.0,2025,9,36,3
146,2025-09-08,206,999.0,1.0,750,85.0,48.0,29.0,55.0,107.0,76.0,86.25,25.447658700425333,106.5,-37.0,77.0,2025,9,37,3
146,2025-09-29,46,999.0,0.5,750,85.0,69.0,10.0,206.0,55.0,107.0,118.75,63.120915709454025,117.25,-16.0,79.0,2025,9,40,3
146,2025-10-06,159,999.0,1.0,750,85.0,69.0,10.0,46.0,206.0,107.0,103.5,73.43250869562699,113.125,-16.0,79.0,2025,10,41,4
146,2025-10-27,41,999.0,0.75,750,85.0,196.0,79.0,159.0,46.0,55.0,116.5,78.6744346447222,113.625,111.0,275.0,2025,10,44,4
146,2025-11-03,133,999.0,1.0,750,85.0,196.0,79.0,41.0,159.0,206.0,113.0,82.53887972747549,99.625,111.0,275.0,2025,11,45,4
146,2025-11-10,35,999.0,0.75,750,85.0,144.0,68.0,133.0,41.0,46.0,94.75,60.15743234768806,106.75,59.0,212.0,2025,11,46,4
146,2025-12-01,145,999.0,0.0,750,85.0,155.0,9.0,35.0,133.0,159.0,92.0,63.2982358890567,97.75,70.0,164.0,2025,12,49,4
146,2025-12-08,30,999.0,0.25,750,85.0,208.0,33.0,145.0,35.0,41.0,88.5,58.5690475706523,102.5,123.0,241.0,2025,12,50,4
147,2025-01-06,89,0.0,0.0,1500,0.0,0.0,0.0,0.0,0.0,0.0,0.0,0.0,0.0,0.0,0.0,2025,1,2,1
147,2025-01-27,37,850.0,0.6666666666666666,1500,51.0,162.0,75.0,89.0,0.0,0.0,89.0,0.0,89.0,111.0,237.0,2025,1,5,1
147,2025-02-03,89,850.0,1.0,1500,51.0,144.0,96.0,37.0,89.0,0.0,63.0,36.76955262170047,63.0,93.0,240.0,2025,2,6,1
147,2025-02-10,61,850.0,0.3333333333333333,1500,51.0,110.0,26.0,89.0,37.0,0.0,71.66666666666667,30.02221399786054,71.66666666666667,59.0,136.0,2025,2,7,1
147,2025-02-24,30,850.0,0.5,1500,51.0,110.0,26.0,61.0,89.0,89.0,69.0,25.08651696296904,69.0,59.0,136.0,2025,2,9,1
147,2025-03-03,196,850.0,0.0,1500,51.0,211.0,71.0,30.0,61.0,37.0,54.25,26.700499371110396,61.2,160.0,282.0,2025,3,10,1
147,2025-03-10,26,850.0,0.2,1500,51.0,58.0,66.0,196.0,30.0,89.0,94.0,72.1433757642839,83.66666666666667,7.0,124.0,2025,3,11,1
147,2025-03-31,162,850.0,0.0,1500,51.0,155.0,39.0,26.0,196.0,61.0,78.25,80.04321749321842,75.42857142857143,104.0,194.0,2025,3,14,1
147,2025-04-07,64,850.0,0.6,1500,51.0,83.0,38.0,162.0,26.0,30.0,103.5,88.29307258594338,86.25,32.0,121.0,2025,4,15,2
147,2025-04-28,100,850.0,0.0,1500,51.0,80.0,80.0,64.0,162.0,196.0,112.0,80.11658172105614,83.125,29.0,160.0,2025,4,18,2
147,2025-05-05,250,850.0,0.0,1500,51.0,194.0,100.0,100.0,64.0,26.0,88.0,57.85038173311103,91.0,143.0,294.0,2025,5,19,2
147,2025-06-02,102,850.0,0.3333333333333333,1500,51.0,64.0,93.0,250.0,100.0,162.0,144.0,81.43709228600933,111.125,13.0,157.0,2025,6,23,2
147,2025-06-30,91,850.0,0.0,1500,51.0,212.0,69.0,102.0,250.0,64.0,129.0,82.5348411278534,116.25,161.0,281.0,2025,6,27,2
147,2025-07-07,142,850.0,0.3333333333333333,1500,51.0,26.0,99.0,91.0,102.0,100.0,135.75,76.31677404083587,123.875,-25.0,125.0,2025,7,28,3
147,2025-07-28,20,850.0,0.5,1500,51.0,26.0,99.0,142.0,91.0,250.0,146.25,72.55515143668299,117.125,-25.0,125.0,2025,7,31,3
147,2025-08-04,97,850.0,0.0,1500,51.0,225.0,81.0,20.0,142.0,102.0,88.75,50.80272302413196,116.375,174.0,306.0,2025,8,32,3
147,2025-08-11,22,850.0,0.3333333333333333,1500,51.0,24.0,26.0,97.0,20.0,91.0,87.5,50.428166732491874,108.25,-27.0,50.0,2025,8,33,3
147,2025-09-01,78,850.0,0.0,1500,51.0,248.0,32.0,22.0,97.0,142.0,70.25,59.76830263609634,103.0,197.0,280.0,2025,9,36,3
147,2025-09-08,131,850.0,0.0,1500,51.0,67.0,91.0,78.0,22.0,20.0,54.25,39.178012541049945,100.25,16.0,158.0,2025,9,37,3
147,2025-09-29,133,850.0,0.25,1500,51.0,213.0,88.0,131.0,78.0,97.0,82.0,45.614325235244536,85.375,162.0,301.0,2025,9,40,3
147,2025-10-06,146,850.0,0.3333333333333333,1500,51.0,143.0,33.0,133.0,131.0,22.0,91.0,52.58009762891913,89.25,92.0,176.0,2025,10,41,4
147,2025-10-27,55,850.0,0.5,1500,51.0,143.0,33.0,146.0,133.0,78.0,122.0,30.077677215281547,96.125,92.0,176.0,2025,10,44,4
147,2025-11-03,148,850.0,0.0,1500,51.0,96.0,64.0,55.0,146.0,131.0,116.25,41.37128633887679,85.25,45.0,160.0,2025,11,45,4
147,2025-11-10,19,850.0,0.0,1500,51.0,132.0,88.0,148.0,55.0,133.0,120.5,44.170125650715555,101.25,81.0,220.0,2025,11,46,4
147,2025-12-01,169,850.0,0.0,1500,51.0,138.0,45.0,19.0,148.0,146.0,92.0,65.19202405202648,91.5,87.0,183.0,2025,12,49,4
147,2025-12-08,123,850.0,0.6666666666666666,1500,51.0,162.0,15.0,169.0,19.0,55.0,97.75,72.18206148344615,109.875,111.0,177.0,2025,12,50,4
148,2024-12-30,68,0.0,0.0,1800,0.0,0.0,0.0,0.0,0.0,0.0,0.0,0.0,0.0,0.0,0.0,2024,12,1,4
148,2025-01-06,105,550.0,0.0,1800,43.0,182.0,34.0,68.0,0.0,0.0,68.0,0.0,68.0,139.0,216.0,2025,1,2,1
148,2025-01-27,30,550.0,0.0,1800,43.0,66.0,38.0,105.0,68.0,0.0,86.5,26.16295090390226,86.5,23.0,104.0,2025,1,5,1
148,2025-02-03,138,550.0,0.0,1800,43.0,156.0,11.0,30.0,105.0,0.0,67.66666666666667,37.501111094650696,67.66666666666667,113.0,167.0,2025,2,6,1
148,2025-02-10,81,550.0,0.6666666666666666,1800,43.0,64.0,95.0,138.0,30.0,68.0,85.25,46.628853728137045,85.25,21.0,159.0,2025,2,7,1
148,2025-02-24,30,550.0,1.0,1800,43.0,64.0,95.0,81.0,138.0,105.0,88.5,45.46427168667722,84.4,21.0,159.0,2025,2,9,1
148,2025-03-03,67,550.0,0.0,1800,43.0,165.0,38.0,30.0,81.0,30.0,69.75,51.46115039522533,75.33333333333333,122.0,203.0,2025,3,10,1
148,2025-03-10,23,550.0,0.0,1800,43.0,101.0,31.0,67.0,30.0,138.0,79.0,44.83302354291979,74.14285714285714,58.0,132.0,2025,3,11,1
148,2025-03-31,58,550.0,0.0,1800,43.0,248.0,11.0,23.0,67.0,81.0,50.25,28.15877601506618,67.75,205.0,259.0,2025,3,14,1
148,2025-04-07,152,550.0,0.0,1800,43.0,209.0,11.0,58.0,23.0,30.0,44.5,21.299452262127925,66.5,166.0,220.0,2025,4,15,2
148,2025-04-28,137,550.0,0.25,1800,43.0,63.0,99.0,152.0,58.0,67.0,75.0,54.729638527340306,72.375,20.0,162.0,2025,4,18,2
148,2025-05-05,128,550.0,0.3333333333333333,1800,43.0,31.0,48.0,137.0,152.0,23.0,92.5,62.02418882984282,85.75,-12.0,79.0,2025,5,19,2
148,2025-05-12,87,550.0,0.5,1800,43.0,194.0,23.0,128.0,137.0,58.0,118.75,41.69232543286592,84.5,151.0,217.0,2025,5,20,2
148,2025-05-26,20,550.0,1.0,1800,43.0,194.0,23.0,87.0,128.0,152.0,126.0,27.820855486487083,85.25,151.0,217.0,2025,5,22,2
148,2025-06-02,261,550.0,0.0,1800,43.0,208.0,12.0,20.0,87.0,137.0,93.0,53.31041174104734,84.0,165.0,220.0,2025,6,23,2
148,2025-06-09,61,550.0,0.2,1800,43.0,67.0,47.0,261.0,20.0,128.0,124.0,101.60380570300175,108.25,24.0,114.0,2025,6,24,2
148,2025-06-30,145,550.0,0.0,1800,43.0,224.0,41.0,61.0,261.0,87.0,107.25,106.14573315337111,113.0,181.0,265.0,2025,6,27,2
148,2025-07-07,152,550.0,0.75,1800,43.0,224.0,41.0,145.0,61.0,20.0,121.75,106.41859173408876,123.875,181.0,265.0,2025,7,28,3
148,2025-07-28,76,550.0,1.0,1800,43.0,224.0,41.0,152.0,145.0,261.0,154.75,82.01778262466419,123.875,181.0,265.0,2025,7,31,3
148,2025-08-04,310,550.0,0.0,1800,43.0,44.0,6.0,76.0,152.0,61.0,108.5,46.67976006793523,116.25,1.0,50.0,2025,8,32,3
148,2025-08-11,17,550.0,0.4,1800,43.0,44.0,6.0,310.0,76.0,145.0,170.75,98.96590321924012,139.0,1.0,50.0,2025,8,33,3
148,2025-09-01,90,550.0,0.0,1800,43.0,58.0,86.0,17.0,310.0,152.0,138.75,126.83683744611947,130.25,15.0,144.0,2025,9,36,3
148,2025-09-08,104,550.0,0.0,1800,43.0,38.0,73.0,90.0,17.0,76.0,123.25,128.4558938572562,139.0,-5.0,111.0,2025,9,37,3
148,2025-09-29,191,550.0,0.0,1800,43.0,61.0,33.0,104.0,90.0,310.0,130.25,125.75737221597257,119.375,18.0,94.0,2025,9,40,3
148,2025-10-06,109,550.0,0.5,1800,43.0,95.0,25.0,191.0,104.0,17.0,100.5,71.37926869897171,135.625,52.0,120.0,2025,10,41,4
148,2025-10-27,23,550.0,0.3333333333333333,1800,43.0,119.0,70.0,109.0,191.0,90.0,123.5,45.71287200195007,131.125,76.0,189.0,2025,10,44,4
148,2025-11-03,158,550.0,0.0,1800,43.0,119.0,70.0,23.0,109.0,104.0,106.75,68.6166889320667,115.0,76.0,189.0,2025,11,45,4
148,2025-12-01,158,550.0,0.75,1800,43.0,106.0,12.0,158.0,23.0,191.0,120.25,73.06332869504375,125.25,63.0,118.0,2025,12,49,4
148,2025-12-08,113,550.0,0.25,1800,43.0,46.0,9.0,158.0,158.0,109.0,112.0,63.67102951892645,106.25,3.0,55.0,2025,12,50,4
149,2025-01-06,198,0.0,0.0,550,0.0,0.0,0.0,0.0,0.0,0.0,0.0,0.0,0.0,0.0,0.0,2025,1,2,1
149,2025-01-27,23,1200.0,0.25,550,75.0,44.0,68.0,198.0,0.0,0.0,198.0,0.0,198.0,-31.0,112.0,2025,1,5,1
149,2025-02-03,106,1200.0,0.0,550,75.0,113.0,87.0,23.0,198.0,0.0,110.5,123.74368670764582,110.5,38.0,200.0,2025,2,6,1
149,2025-02-10,51,1200.0,0.0,550,75.0,113.0,87.0,106.0,23.0,0.0,109.0,87.53856293085921,109.0,38.0,200.0,2025,2,7,1
149,2025-02-24,110,1200.0,0.0,550,75.0,113.0,87.0,51.0,106.0,198.0,94.5,77.1340823933666,94.5,38.0,200.0,2025,2,9,1
149,2025-03-03,114,1200.0,1.0,550,75.0,113.0,87.0,110.0,51.0,23.0,72.5,42.58716551575917,97.6,38.0,200.0,2025,3,10,1
149,2025-03-10,55,1200.0,0.25,550,75.0,88.0,33.0,114.0,110.0,106.0,95.25,29.68024034044648,100.33333333333333,13.0,121.0,2025,3,11,1
149,2025-03-31,101,1200.0,1.0,550,75.0,88.0,33.0,55.0,114.0,51.0,82.5,34.1418609139377,93.85714285714286,13.0,121.0,2025,3,14,1
149,2025-04-07,72,1200.0,0.3333333333333333,550,75.0,94.0,52.0,101.0,55.0,110.0,95.0,27.215191835933595,94.75,19.0,146.0,2025,4,15,2
149,2025-04-28,55,1200.0,0.0,550,75.0,125.0,84.0,72.0,101.0,114.0,85.5,26.86385427794505,79.0,50.0,209.0,2025,4,18,2
149,2025-05-05,227,1200.0,0.5,550,75.0,202.0,47.0,55.0,72.0,55.0,70.75,21.700614430625386,83.0,127.0,249.0,2025,5,19,2
149,2025-06-02,76,1200.0,0.2,550,75.0,157.0,72.0,227.0,55.0,101.0,113.75,77.85188929413766,98.125,82.0,229.0,2025,6,23,2
149,2025-06-09,158,1200.0,0.3333333333333333,550,75.0,158.0,94.0,76.0,227.0,72.0,107.5,80.18520229235982,101.25,83.0,252.0,2025,6,24,2
149,2025-06-30,260,1200.0,1.0,550,75.0,61.0,43.0,158.0,76.0,55.0,129.0,79.01476655241939,107.25,-14.0,104.0,2025,6,27,2
149,2025-07-07,110,1200.0,0.3333333333333333,550,75.0,61.0,43.0,260.0,158.0,227.0,180.25,81.46318186763884,125.5,-14.0,104.0,2025,7,28,3
149,2025-07-28,106,1200.0,0.0,550,75.0,61.0,43.0,110.0,260.0,76.0,151.0,80.0749648766704,132.375,-14.0,104.0,2025,7,31,3
149,2025-08-04,117,1200.0,0.5,550,75.0,61.0,43.0,106.0,110.0,158.0,158.5,71.67286794875729,133.0,-14.0,104.0,2025,8,32,3
149,2025-09-01,129,1200.0,0.0,550,75.0,79.0,3.0,117.0,106.0,260.0,148.25,74.63857358408362,138.625,4.0,82.0,2025,9,36,3
149,2025-09-08,99,1200.0,0.0,550,75.0,65.0,44.0,129.0,117.0,110.0,115.5,10.082988974836056,147.875,-10.0,109.0,2025,9,37,3
149,2025-09-29,117,1200.0,0.5,550,75.0,65.0,44.0,99.0,129.0,106.0,112.75,13.12440474840664,131.875,-10.0,109.0,2025,9,40,3
149,2025-10-06,164,1200.0,0.25,550,75.0,65.0,44.0,117.0,99.0,117.0,115.5,12.369316876852933,137.0,-10.0,109.0,2025,10,41,4
149,2025-10-27,59,1200.0,0.0,550,75.0,179.0,0.0,164.0,117.0,129.0,127.25,27.42717630380493,137.75,104.0,179.0,2025,10,44,4
149,2025-11-03,119,1200.0,1.0,550,75.0,179.0,0.0,59.0,164.0,99.0,109.75,43.53829731780208,112.625,104.0,179.0,2025,11,45,4
149,2025-11-10,62,1200.0,0.0,550,75.0,179.0,0.0,119.0,59.0,117.0,114.75,43.03777410601063,113.75,104.0,179.0,2025,11,46,4
149,2025-12-01,204,1200.0,0.0,550,75.0,179.0,0.0,62.0,119.0,164.0,101.0,50.25932749251624,108.25,104.0,179.0,2025,12,49,4
149,2025-12-08,133,1200.0,0.4,550,75.0,179.0,0.0,204.0,62.0,59.0,111.0,67.8675180038286,119.125,104.0,179.0,2025,12,50,4
150,2024-12-30,110,0.0,0.0,900,0.0,0.0,0.0,0.0,0.0,0.0,0.0,0.0,0.0,0.0,0.0,2024,12,1,4
150,2025-01-06,49,999.0,0.3333333333333333,900,31.0,0.0,0.0,110.0,0.0,0.0,110.0,0.0,110.0,0.0,0.0,2025,1,2,1
150,2025-02-03,101,999.0,0.0,900,31.0,245.0,73.0,49.0,110.0,0.0,79.5,43.1335136523794,79.5,214.0,318.0,2025,2,6,1
150,2025-02-10,94,999.0,0.3333333333333333,900,31.0,213.0,14.0,101.0,49.0,0.0,86.66666666666667,32.929217016706204,86.66666666666667,182.0,227.0,2025,2,7,1
150,2025-03-03,151,999.0,0.3333333333333333,900,31.0,119.0,3.0,94.0,101.0,110.0,88.5,27.135462651912412,88.5,88.0,122.0,2025,3,10,1
150,2025-03-10,20,999.0,0.5,900,31.0,116.0,62.0,151.0,94.0,49.0,98.75,41.76421913552317,101.0,85.0,178.0,2025,3,11,1
150,2025-03-31,81,999.0,0.0,900,31.0,116.0,62.0,20.0,151.0,101.0,91.5,54.00308633155455,87.5,85.0,178.0,2025,3,14,1
150,2025-04-07,120,999.0,0.6666666666666666,900,31.0,35.0,72.0,81.0,20.0,94.0,86.5,53.755619861244895,86.57142857142857,4.0,107.0,2025,4,15,2
150,2025-04-28,148,999.0,0.5,900,31.0,85.0,44.0,120.0,81.0,151.0,93.0,56.468280181591034,90.75,54.0,129.0,2025,4,18,2
150,2025-05-05,180,999.0,0.25,900,31.0,103.0,85.0,148.0,120.0,20.0,92.25,55.451931135594066,95.5,72.0,188.0,2025,5,19,2
150,2025-06-02,113,999.0,0.5,900,31.0,235.0,20.0,180.0,148.0,81.0,132.25,42.050564800011905,111.875,204.0,255.0,2025,6,23,2
150,2025-06-09,46,999.0,0.5,900,31.0,235.0,20.0,113.0,180.0,120.0,140.25,30.510927004381013,113.375,204.0,255.0,2025,6,24,2
150,2025-06-30,280,999.0,0.0,900,31.0,189.0,44.0,46.0,113.0,148.0,121.75,57.43619648502734,107.375,158.0,233.0,2025,6,27,2
150,2025-07-07,113,999.0,0.5,900,31.0,69.0,72.0,280.0,46.0,180.0,154.75,99.824429207818,123.5,38.0,141.0,2025,7,28,3
150,2025-07-28,124,999.0,1.0,900,31.0,69.0,72.0,113.0,280.0,113.0,138.0,99.79645952303785,135.125,38.0,141.0,2025,7,31,3
150,2025-08-04,161,999.0,0.5,900,31.0,69.0,72.0,124.0,113.0,46.0,140.75,99.0265116016918,140.5,38.0,141.0,2025,8,32,3
150,2025-08-11,95,999.0,0.6666666666666666,900,31.0,232.0,60.0,161.0,124.0,280.0,169.5,76.47439658691876,145.625,201.0,292.0,2025,8,33,3
150,2025-09-01,59,999.0,1.0,900,31.0,198.0,25.0,95.0,161.0,113.0,123.25,27.86126343151004,139.0,167.0,223.0,2025,9,36,3
150,2025-09-08,207,999.0,1.0,900,31.0,198.0,25.0,59.0,95.0,124.0,109.75,43.29260906898542,123.875,167.0,223.0,2025,9,37,3
150,2025-09-29,42,999.0,0.3333333333333333,900,31.0,122.0,18.0,207.0,59.0,161.0,130.5,66.2193325245732,135.625,91.0,140.0,2025,9,40,3
150,2025-10-06,70,999.0,1.0,900,31.0,122.0,18.0,42.0,207.0,95.0,100.75,74.19961814816389,135.125,91.0,140.0,2025,10,41,4
150,2025-10-27,82,999.0,0.0,900,31.0,232.0,25.0,70.0,42.0,59.0,94.5,75.87929010386605,108.875,201.0,257.0,2025,10,44,4
150,2025-11-03,145,999.0,0.5,900,31.0,125.0,30.0,82.0,70.0,207.0,100.25,73.1134962461332,105.0,94.0,155.0,2025,11,45,4
150,2025-11-10,70,999.0,0.0,900,31.0,125.0,30.0,145.0,82.0,42.0,84.75,43.52298243457126,107.625,94.0,155.0,2025,11,46,4
150,2025-12-01,144,999.0,0.5,900,31.0,125.0,30.0,70.0,145.0,70.0,91.75,35.94787893603736,96.25,94.0,155.0,2025,12,49,4
150,2025-12-08,84,999.0,0.25,900,31.0,62.0,76.0,144.0,70.0,82.0,110.25,39.85285435197834,102.375,31.0,138.0,2025,12,50,4
151,2025-01-06,41,0.0,0.0,1500,0.0,0.0,0.0,0.0,0.0,0.0,0.0,0.0,0.0,0.0,0.0,2025,1,2,1
151,2025-01-27,38,1200.0,0.0,1500,36.0,193.0,26.0,41.0,0.0,0.0,41.0,0.0,41.0,157.0,219.0,2025,1,5,1
151,2025-02-03,135,1200.0,0.0,1500,36.0,193.0,26.0,38.0,41.0,0.0,39.5,2.1213203435596424,39.5,157.0,219.0,2025,2,6,1
151,2025-03-03,81,1200.0,0.0,1500,36.0,211.0,88.0,135.0,38.0,0.0,71.33333333333333,55.15735067362584,71.33333333333333,175.0,299.0,2025,3,10,1
151,2025-03-10,59,1200.0,0.3333333333333333,1500,36.0,72.0,30.0,81.0,135.0,41.0,73.75,45.29440730745169,73.75,36.0,102.0,2025,3,11,1
151,2025-03-31,147,1200.0,1.0,1500,36.0,72.0,30.0,59.0,81.0,38.0,78.25,41.708312520807326,70.8,36.0,102.0,2025,3,14,1
151,2025-04-07,25,1200.0,0.25,1500,36.0,72.0,30.0,147.0,59.0,135.0,105.5,42.24926034855521,83.5,36.0,102.0,2025,4,15,2
151,2025-04-28,93,1200.0,0.0,1500,36.0,72.0,30.0,25.0,147.0,81.0,78.0,51.44576432192125,75.14285714285714,36.0,102.0,2025,4,18,2
151,2025-05-05,219,1200.0,1.0,1500,36.0,61.0,58.0,93.0,25.0,59.0,81.0,52.02563470700445,77.375,25.0,119.0,2025,5,19,2
151,2025-05-12,59,1200.0,0.75,1500,36.0,149.0,27.0,219.0,93.0,147.0,121.0,82.21921916437786,99.625,113.0,176.0,2025,5,20,2
151,2025-05-26,46,1200.0,1.0,1500,36.0,96.0,1.0,59.0,219.0,25.0,99.0,84.67978900934193,102.25,60.0,97.0,2025,5,22,2
151,2025-06-02,195,1200.0,1.0,1500,36.0,96.0,1.0,46.0,59.0,93.0,104.25,79.02478514154068,91.125,60.0,97.0,2025,6,23,2
151,2025-06-09,149,1200.0,0.2,1500,36.0,69.0,6.0,195.0,46.0,219.0,129.75,89.89391896378012,105.375,33.0,75.0,2025,6,24,2
151,2025-06-30,72,1200.0,0.3333333333333333,1500,36.0,69.0,6.0,149.0,195.0,59.0,112.25,71.70018595977744,116.625,33.0,75.0,2025,6,27,2
151,2025-07-07,24,1200.0,0.0,1500,36.0,57.0,14.0,72.0,149.0,46.0,115.5,68.7143847143134,107.25,21.0,71.0,2025,7,28,3
151,2025-07-28,54,1200.0,0.0,1500,36.0,148.0,1.0,24.0,72.0,195.0,110.0,76.56369897020389,107.125,112.0,149.0,2025,7,31,3
151,2025-08-04,60,1200.0,1.0,1500,36.0,91.0,41.0,54.0,24.0,149.0,74.75,53.3127564472144,102.25,55.0,132.0,2025,8,32,3
151,2025-09-01,84,1200.0,0.5,1500,36.0,209.0,86.0,60.0,54.0,72.0,52.5,20.420577856662153,82.375,173.0,295.0,2025,9,36,3
151,2025-09-08,68,1200.0,0.0,1500,36.0,155.0,8.0,84.0,60.0,24.0,55.5,24.677925358506144,85.5,119.0,163.0,2025,9,37,3
151,2025-09-29,59,1200.0,0.0,1500,36.0,155.0,8.0,68.0,84.0,54.0,66.5,13.000000000000023,88.25,119.0,163.0,2025,9,40,3
151,2025-10-06,121,1200.0,0.0,1500,36.0,225.0,34.0,59.0,68.0,60.0,67.75,11.5578256317239,71.25,189.0,259.0,2025,10,41,4
151,2025-10-27,57,1200.0,0.3333333333333333,1500,36.0,225.0,34.0,121.0,59.0,84.0,83.0,27.36177382164152,67.75,189.0,259.0,2025,10,44,4
151,2025-11-10,87,1200.0,0.0,1500,36.0,153.0,94.0,57.0,121.0,68.0,76.25,30.214510862608172,65.875,117.0,247.0,2025,11,46,4
151,2025-12-01,67,1200.0,0.5,1500,36.0,153.0,94.0,87.0,57.0,59.0,81.0,29.97776954122283,73.75,117.0,247.0,2025,12,49,4
151,2025-12-08,158,1200.0,0.3333333333333333,1500,36.0,153.0,94.0,67.0,87.0,121.0,83.0,28.23709144606317,75.375,117.0,247.0,2025,12,50,4
152,2024-12-30,84,0.0,0.0,1500,0.0,0.0,0.0,0.0,0.0,0.0,0.0,0.0,0.0,0.0,0.0,2024,12,1,4
152,2025-01-06,135,700.0,0.5,1500,20.0,0.0,0.0,84.0,0.0,0.0,84.0,0.0,84.0,0.0,0.0,2025,1,2,1
152,2025-01-27,73,700.0,0.4,1500,20.0,54.0,39.0,135.0,84.0,0.0,109.5,36.062445840513924,109.5,34.0,93.0,2025,1,5,1
152,2025-02-03,166,700.0,1.0,1500,20.0,89.0,37.0,73.0,135.0,0.0,97.33333333333333,33.08070938376826,97.33333333333333,69.0,126.0,2025,2,6,1
152,2025-02-10,29,700.0,0.5,1500,20.0,174.0,77.0,166.0,73.0,84.0,114.5,43.684474740270524,114.5,154.0,251.0,2025,2,7,1
152,2025-02-24,27,700.0,0.0,1500,20.0,237.0,29.0,29.0,166.0,135.0,100.75,61.50541981538429,97.4,217.0,266.0,2025,2,9,1
152,2025-03-03,99,700.0,0.0,1500,20.0,196.0,27.0,27.0,29.0,73.0,73.75,65.0608689356872,85.66666666666667,176.0,223.0,2025,3,10,1
152,2025-03-10,29,700.0,0.5,1500,20.0,31.0,69.0,99.0,27.0,166.0,80.25,66.24889936192652,87.57142857142857,11.0,100.0,2025,3,11,1
152,2025-03-31,102,700.0,0.0,1500,20.0,31.0,69.0,29.0,99.0,29.0,46.0,35.345909711497505,80.25,11.0,100.0,2025,3,14,1
152,2025-04-07,128,700.0,0.0,1500,20.0,31.0,69.0,102.0,29.0,27.0,64.25,41.88376773882695,82.5,11.0,100.0,2025,4,15,2
152,2025-04-28,26,700.0,0.6666666666666666,1500,20.0,148.0,81.0,128.0,102.0,99.0,89.5,42.3831727615257,81.625,128.0,229.0,2025,4,18,2
152,2025-05-05,57,700.0,1.0,1500,20.0,148.0,81.0,26.0,128.0,29.0,71.25,51.635743434175524,75.75,128.0,229.0,2025,5,19,2
152,2025-06-02,211,700.0,0.5,1500,20.0,16.0,84.0,57.0,26.0,102.0,78.25,45.53661530387754,62.125,-4.0,100.0,2025,6,23,2
152,2025-06-09,25,700.0,0.4,1500,20.0,105.0,21.0,211.0,57.0,128.0,105.5,82.27798409457215,84.875,85.0,126.0,2025,6,24,2
152,2025-06-30,97,700.0,0.0,1500,20.0,105.0,21.0,25.0,211.0,26.0,79.75,88.7519952827353,84.625,85.0,126.0,2025,6,27,2
152,2025-07-07,51,700.0,0.0,1500,20.0,105.0,21.0,97.0,25.0,57.0,97.5,81.19729059519166,84.375,85.0,126.0,2025,7,28,3
152,2025-08-04,193,700.0,1.0,1500,20.0,76.0,91.0,51.0,97.0,211.0,96.0,82.24354077980836,87.125,56.0,167.0,2025,8,32,3
152,2025-08-11,71,700.0,0.25,1500,20.0,219.0,92.0,193.0,51.0,25.0,91.5,73.92563831310488,98.5,199.0,311.0,2025,8,33,3
152,2025-09-01,194,700.0,0.5,1500,20.0,219.0,92.0,71.0,193.0,97.0,103.0,62.88614049746308,91.375,199.0,311.0,2025,9,36,3
152,2025-09-08,139,700.0,0.4,1500,20.0,198.0,70.0,194.0,71.0,51.0,127.25,76.93449594731005,112.375,178.0,268.0,2025,9,37,3
152,2025-09-29,145,700.0,0.3333333333333333,1500,20.0,198.0,70.0,139.0,194.0,193.0,149.25,58.15138290129766,122.625,178.0,268.0,2025,9,40,3
152,2025-10-06,98,700.0,0.3333333333333333,1500,20.0,188.0,73.0,145.0,139.0,71.0,137.25,50.572555139456156,114.375,168.0,261.0,2025,10,41,4
152,2025-10-27,20,700.0,0.3333333333333333,1500,20.0,188.0,73.0,98.0,145.0,194.0,144.0,39.336158090659204,123.5,168.0,261.0,2025,10,44,4
152,2025-11-03,86,700.0,0.0,1500,20.0,194.0,54.0,20.0,98.0,139.0,100.5,57.58761440911868,113.875,174.0,248.0,2025,11,45,4
152,2025-11-10,71,700.0,0.0,1500,20.0,110.0,43.0,86.0,20.0,145.0,87.25,51.55821951929683,118.25,90.0,153.0,2025,11,46,4
152,2025-12-01,136,700.0,1.0,1500,20.0,246.0,52.0,71.0,86.0,98.0,68.75,34.325646388669796,103.0,226.0,298.0,2025,12,49,4
152,2025-12-08,69,700.0,0.3333333333333333,1500,20.0,241.0,57.0,136.0,71.0,20.0,78.25,47.751963310423164,111.125,221.0,298.0,2025,12,50,4
153,2024-12-30,70,0.0,0.0,1500,0.0,0.0,0.0,0.0,0.0,0.0,0.0,0.0,0.0,0.0,0.0,2024,12,1,4
153,2025-01-06,114,650.0,0.0,1500,83.0,0.0,0.0,70.0,0.0,0.0,70.0,0.0,70.0,0.0,0.0,2025,1,2,1
153,2025-01-27,141,650.0,0.25,1500,83.0,191.0,74.0,114.0,70.0,0.0,92.0,31.11269837220809,92.0,108.0,265.0,2025,1,5,1
153,2025-02-03,150,650.0,1.0,1500,83.0,119.0,62.0,141.0,114.0,0.0,108.33333333333333,35.837596645608556,108.33333333333333,36.0,181.0,2025,2,6,1
153,2025-02-10,141,650.0,0.6666666666666666,1500,83.0,99.0,85.0,150.0,141.0,70.0,118.75,35.920050111323626,118.75,16.0,184.0,2025,2,7,1
153,2025-02-24,71,650.0,1.0,1500,83.0,101.0,80.0,141.0,150.0,114.0,136.5,15.5884572681199,123.2,18.0,181.0,2025,2,9,1
153,2025-03-03,103,650.0,0.5,1500,83.0,101.0,80.0,71.0,141.0,141.0,125.75,36.745748053346254,114.5,18.0,181.0,2025,3,10,1
153,2025-03-10,62,650.0,0.0,1500,83.0,221.0,14.0,103.0,71.0,150.0,116.25,36.39940475703781,112.85714285714286,138.0,235.0,2025,3,11,1
153,2025-03-31,100,650.0,0.0,1500,83.0,221.0,14.0,62.0,103.0,141.0,94.25,35.78989615333728,106.5,138.0,235.0,2025,3,14,1
153,2025-04-07,83,650.0,0.0,1500,83.0,63.0,74.0,100.0,62.0,71.0,84.0,20.575065816014625,110.25,-20.0,137.0,2025,4,15,2
153,2025-04-28,127,650.0,1.0,1500,83.0,63.0,74.0,83.0,100.0,103.0,87.0,18.850287354131595,106.375,-20.0,137.0,2025,4,18,2
153,2025-05-05,144,650.0,0.3333333333333333,1500,83.0,107.0,24.0,127.0,83.0,62.0,93.0,27.483328279765054,104.625,24.0,131.0,2025,5,19,2
153,2025-05-12,28,650.0,1.0,1500,83.0,162.0,37.0,144.0,127.0,100.0,113.5,27.233557730613658,103.875,79.0,199.0,2025,5,20,2
153,2025-06-02,87,650.0,0.0,1500,83.0,162.0,37.0,28.0,144.0,83.0,95.5,51.823418129902116,89.75,79.0,199.0,2025,6,23,2
153,2025-06-09,174,650.0,0.0,1500,83.0,15.0,23.0,87.0,28.0,127.0,96.5,51.53962876596351,91.75,-68.0,38.0,2025,6,24,2
153,2025-06-30,61,650.0,0.5,1500,83.0,185.0,2.0,174.0,87.0,144.0,108.25,64.53100030218036,100.625,102.0,187.0,2025,6,27,2
153,2025-07-28,27,650.0,0.5,1500,83.0,153.0,62.0,61.0,174.0,28.0,87.5,62.516664445036845,100.5,70.0,215.0,2025,7,31,3
153,2025-08-04,218,650.0,0.0,1500,83.0,216.0,36.0,27.0,61.0,87.0,87.25,62.83510165504629,91.375,133.0,252.0,2025,8,32,3
153,2025-08-11,27,650.0,0.2,1500,83.0,144.0,0.0,218.0,27.0,174.0,120.0,90.64583093924766,108.25,61.0,144.0,2025,8,33,3
153,2025-09-01,48,650.0,0.0,1500,83.0,144.0,0.0,27.0,218.0,61.0,83.25,91.2519406186338,95.75,61.0,144.0,2025,9,36,3
153,2025-09-08,93,650.0,0.0,1500,83.0,221.0,44.0,48.0,27.0,27.0,80.0,92.5310758610317,83.75,138.0,265.0,2025,9,37,3
153,2025-09-29,120,650.0,0.0,1500,83.0,140.0,41.0,93.0,48.0,218.0,96.5,85.55115428794635,91.875,57.0,181.0,2025,9,40,3
153,2025-10-06,224,650.0,0.5,1500,83.0,247.0,35.0,120.0,93.0,27.0,72.0,42.21374183841088,96.0,164.0,282.0,2025,10,41,4
153,2025-10-27,61,650.0,0.3333333333333333,1500,83.0,111.0,27.0,224.0,120.0,48.0,121.25,74.66090007493882,102.25,28.0,138.0,2025,10,44,4
153,2025-11-03,150,650.0,1.0,1500,83.0,111.0,27.0,61.0,224.0,93.0,124.5,70.58092282385282,102.25,28.0,138.0,2025,11,45,4
153,2025-11-10,78,650.0,0.25,1500,83.0,140.0,61.0,150.0,61.0,120.0,138.75,67.80056538603988,117.625,57.0,201.0,2025,11,46,4
153,2025-12-01,112,650.0,0.5,1500,83.0,60.0,8.0,78.0,150.0,224.0,128.25,74.58496273825354,100.125,-23.0,68.0,2025,12,49,4
153,2025-12-08,90,650.0,0.3333333333333333,1500,83.0,60.0,8.0,112.0,78.0,61.0,100.25,39.3647473424298,110.75,-23.0,68.0,2025,12,50,4
154,2024-12-30,84,0.0,0.0,1200,0.0,0.0,0.0,0.0,0.0,0.0,0.0,0.0,0.0,0.0,0.0,2024,12,1,4
154,2025-01-06,81,1200.0,0.3333333333333333,1200,73.0,99.0,51.0,84.0,0.0,0.0,84.0,0.0,84.0,26.0,150.0,2025,1,2,1
154,2025-01-27,77,1200.0,0.25,1200,73.0,200.0,44.0,81.0,84.0,0.0,82.5,2.1213203435596424,82.5,127.0,244.0,2025,1,5,1
154,2025-02-03,98,1200.0,1.0,1200,73.0,162.0,64.0,77.0,81.0,0.0,80.66666666666667,3.5118845842842483,80.66666666666667,89.0,226.0,2025,2,6,1
154,2025-02-10,117,1200.0,0.3333333333333333,1200,73.0,48.0,77.0,98.0,77.0,84.0,85.0,9.128709291752768,85.0,-25.0,125.0,2025,2,7,1
154,2025-02-24,24,1200.0,0.5,1200,73.0,218.0,48.0,117.0,98.0,81.0,93.25,18.264263832230778,91.4,145.0,266.0,2025,2,9,1
154,2025-03-03,113,1200.0,0.0,1200,73.0,228.0,14.0,24.0,117.0,77.0,79.0,40.14141668318812,80.16666666666667,155.0,242.0,2025,3,10,1
154,2025-03-10,55,1200.0,0.0,1200,73.0,228.0,14.0,113.0,24.0,98.0,88.0,43.44344983232033,84.85714285714286,155.0,242.0,2025,3,11,1
154,2025-03-31,96,1200.0,0.5,1200,73.0,111.0,78.0,55.0,113.0,117.0,77.25,45.41934242882284,81.125,38.0,189.0,2025,3,14,1
154,2025-04-07,191,1200.0,1.0,1200,73.0,75.0,9.0,96.0,55.0,24.0,72.0,40.2077936060494,82.625,2.0,84.0,2025,4,15,2
154,2025-04-28,80,1200.0,0.4,1200,73.0,75.0,9.0,191.0,96.0,113.0,113.75,56.96417002525944,96.375,2.0,84.0,2025,4,18,2
154,2025-05-05,196,1200.0,0.5,1200,73.0,222.0,22.0,80.0,191.0,55.0,105.5,59.44465212840148,96.75,149.0,244.0,2025,5,19,2
154,2025-05-12,30,1200.0,0.5,1200,73.0,175.0,80.0,196.0,80.0,96.0,140.75,61.29369189946602,109.0,102.0,255.0,2025,5,20,2
154,2025-06-02,167,1200.0,0.0,1200,73.0,175.0,80.0,30.0,196.0,191.0,124.25,82.5525085425432,98.125,102.0,255.0,2025,6,23,2
154,2025-06-09,74,1200.0,0.3333333333333333,1200,73.0,229.0,97.0,167.0,30.0,80.0,118.25,76.75230724002157,116.0,156.0,326.0,2025,6,24,2
154,2025-06-30,96,1200.0,0.0,1200,73.0,38.0,67.0,74.0,167.0,196.0,116.75,77.80049271480655,111.125,-35.0,105.0,2025,6,27,2
154,2025-07-07,206,1200.0,0.5,1200,73.0,62.0,13.0,96.0,74.0,30.0,91.75,57.18027049020784,116.25,-11.0,75.0,2025,7,28,3
154,2025-07-28,29,1200.0,0.0,1200,73.0,103.0,58.0,206.0,96.0,167.0,135.75,61.38607333915405,130.0,30.0,161.0,2025,7,31,3
154,2025-08-04,213,1200.0,0.0,1200,73.0,131.0,36.0,29.0,206.0,74.0,101.25,75.19474715696569,109.75,58.0,167.0,2025,8,32,3
154,2025-08-11,74,1200.0,0.75,1200,73.0,136.0,22.0,213.0,29.0,96.0,136.0,89.21509588255417,126.375,63.0,158.0,2025,8,33,3
154,2025-09-01,146,1200.0,0.0,1200,73.0,169.0,27.0,74.0,213.0,206.0,130.5,93.0967238950974,111.125,96.0,196.0,2025,9,36,3
154,2025-09-08,69,1200.0,0.25,1200,73.0,194.0,27.0,146.0,74.0,29.0,115.5,80.9135340965898,125.625,121.0,221.0,2025,9,37,3
154,2025-09-29,144,1200.0,0.5,1200,73.0,78.0,82.0,69.0,146.0,213.0,125.5,68.11999217067873,113.375,5.0,160.0,2025,9,40,3
154,2025-10-06,199,1200.0,0.6666666666666666,1200,73.0,78.0,82.0,144.0,69.0,74.0,108.25,42.492156138907944,122.125,5.0,160.0,2025,10,41,4
154,2025-10-27,27,1200.0,0.25,1200,73.0,78.0,82.0,199.0,144.0,146.0,139.5,53.45714794736683,135.0,5.0,160.0,2025,10,44,4
154,2025-11-03,56,1200.0,0.0,1200,73.0,78.0,82.0,27.0,199.0,69.0,109.75,76.69582778743573,112.625,5.0,160.0,2025,11,45,4
154,2025-11-10,134,1200.0,0.5,1200,73.0,138.0,15.0,56.0,27.0,144.0,106.5,79.231727651659,116.0,65.0,153.0,2025,11,46,4
154,2025-12-01,49,1200.0,0.5,1200,73.0,156.0,64.0,134.0,56.0,199.0,104.0,77.79888602458692,106.125,83.0,220.0,2025,12,49,4
154,2025-12-08,122,1200.0,0.0,1200,73.0,156.0,64.0,49.0,134.0,27.0,66.5,46.66547617529114,103.0,83.0,220.0,2025,12,50,4
155,2024-12-30,53,0.0,0.0,750,0.0,0.0,0.0,0.0,0.0,0.0,0.0,0.0,0.0,0.0,0.0,2024,12,1,4
155,2025-01-06,59,850.0,0.0,750,77.0,0.0,0.0,53.0,0.0,0.0,53.0,0.0,53.0,0.0,0.0,2025,1,2,1
155,2025-01-27,25,850.0,0.0,750,77.0,46.0,16.0,59.0,53.0,0.0,56.0,4.242640687119285,56.0,-31.0,62.0,2025,1,5,1
155,2025-02-03,80,850.0,0.0,750,77.0,46.0,16.0,25.0,59.0,0.0,45.666666666666664,18.14754345175493,45.666666666666664,-31.0,62.0,2025,2,6,1
155,2025-02-10,72,850.0,0.0,750,77.0,230.0,36.0,80.0,25.0,53.0,54.25,22.677080940897135,54.25,153.0,266.0,2025,2,7,1
155,2025-02-24,20,850.0,1.0,750,77.0,74.0,99.0,72.0,80.0,59.0,59.0,24.26245384677046,57.8,-3.0,173.0,2025,2,9,1
155,2025-03-03,188,850.0,0.0,750,77.0,175.0,58.0,20.0,72.0,25.0,49.25,31.12742627758785,51.5,98.0,233.0,2025,3,10,1
155,2025-03-31,55,850.0,0.6,750,77.0,218.0,80.0,188.0,20.0,80.0,90.0,70.54076835419359,71.0,141.0,298.0,2025,3,14,1
155,2025-04-07,168,850.0,0.5,750,77.0,242.0,62.0,55.0,188.0,72.0,83.75,72.79365814867849,69.0,165.0,304.0,2025,4,15,2
155,2025-04-28,62,850.0,0.0,750,77.0,56.0,91.0,168.0,55.0,20.0,107.75,82.77026438683559,83.375,-21.0,147.0,2025,4,18,2
155,2025-05-05,84,850.0,0.5,750,77.0,56.0,91.0,62.0,168.0,188.0,118.25,69.5335650363669,83.75,-21.0,147.0,2025,5,19,2
155,2025-05-26,57,850.0,0.0,750,77.0,181.0,20.0,84.0,62.0,55.0,92.25,51.98958228978827,91.125,104.0,201.0,2025,5,22,2
155,2025-06-02,192,850.0,0.0,750,77.0,181.0,20.0,57.0,84.0,168.0,92.75,51.519413816541025,88.25,104.0,201.0,2025,6,23,2
155,2025-06-09,124,850.0,0.6666666666666666,750,77.0,45.0,18.0,192.0,57.0,62.0,98.75,63.26333851449826,103.25,-32.0,63.0,2025,6,24,2
155,2025-06-30,177,850.0,0.5,750,77.0,165.0,59.0,124.0,192.0,84.0,114.25,58.687732960134,116.25,88.0,224.0,2025,6,27,2
155,2025-07-07,105,850.0,0.2,750,77.0,37.0,56.0,177.0,124.0,57.0,137.5,61.081912216301795,114.875,-40.0,93.0,2025,7,28,3
155,2025-07-28,121,850.0,0.3333333333333333,750,77.0,127.0,98.0,105.0,177.0,192.0,149.5,41.605288125429425,121.125,50.0,225.0,2025,7,31,3
155,2025-08-04,83,850.0,1.0,750,77.0,127.0,98.0,121.0,105.0,124.0,131.75,31.298296013254973,115.25,50.0,225.0,2025,8,32,3
155,2025-08-11,60,850.0,0.3333333333333333,750,77.0,104.0,15.0,83.0,121.0,177.0,121.5,40.14556845614053,117.875,27.0,119.0,2025,8,33,3
155,2025-09-01,206,850.0,0.0,750,77.0,92.0,97.0,60.0,83.0,105.0,92.25,26.550266790875487,114.875,15.0,189.0,2025,9,36,3
155,2025-09-08,100,850.0,0.2,750,77.0,93.0,49.0,206.0,60.0,121.0,117.5,64.13787232725034,133.5,16.0,142.0,2025,9,37,3
155,2025-09-29,102,850.0,0.5,750,77.0,150.0,62.0,100.0,206.0,83.0,112.25,64.61359506068878,122.0,73.0,212.0,2025,9,40,3
155,2025-10-06,219,850.0,1.0,750,77.0,95.0,12.0,102.0,100.0,60.0,117.0,62.40726453440069,119.25,18.0,107.0,2025,10,41,4
155,2025-10-27,122,850.0,0.2,750,77.0,53.0,86.0,219.0,102.0,206.0,156.75,64.59811658761163,124.5,-24.0,139.0,2025,10,44,4
155,2025-11-03,99,850.0,0.5,750,77.0,15.0,68.0,122.0,219.0,100.0,135.75,56.381882432805185,126.625,-62.0,83.0,2025,11,45,4
155,2025-11-10,31,850.0,0.0,750,77.0,157.0,95.0,99.0,122.0,102.0,135.5,56.595052787324086,123.875,80.0,252.0,2025,11,46,4
155,2025-12-01,186,850.0,0.0,750,77.0,185.0,27.0,31.0,99.0,219.0,117.75,77.77478168832533,117.375,108.0,212.0,2025,12,49,4
155,2025-12-08,206,850.0,0.0,750,77.0,49.0,63.0,186.0,31.0,122.0,109.5,63.98176823648019,133.125,-28.0,112.0,2025,12,50,4
156,2024-12-30,195,0.0,0.0,550,0.0,0.0,0.0,0.0,0.0,0.0,0.0,0.0,0.0,0.0,0.0,2024,12,1,4
156,2025-01-06,150,999.0,0.5,550,83.0,0.0,0.0,195.0,0.0,0.0,195.0,0.0,195.0,0.0,0.0,2025,1,2,1
156,2025-01-27,24,999.0,0.25,550,83.0,60.0,73.0,150.0,195.0,0.0,172.5,31.81980515339464,172.5,-23.0,133.0,2025,1,5,1
156,2025-02-03,35,999.0,0.0,550,83.0,60.0,73.0,24.0,150.0,0.0,123.0,88.63972021616495,123.0,-23.0,133.0,2025,2,6,1
156,2025-02-10,58,999.0,1.0,550,83.0,180.0,54.0,35.0,24.0,195.0,101.0,84.6994687114388,101.0,97.0,234.0,2025,2,7,1
156,2025-02-24,100,999.0,0.0,550,83.0,99.0,42.0,58.0,35.0,150.0,66.75,57.279286541180554,92.4,16.0,141.0,2025,2,9,1
156,2025-03-03,214,999.0,0.5,550,83.0,99.0,42.0,100.0,58.0,24.0,54.25,33.629104458291295,93.66666666666667,16.0,141.0,2025,3,10,1
156,2025-03-10,73,999.0,0.4,550,83.0,242.0,73.0,214.0,100.0,35.0,101.75,79.52515325354615,110.85714285714286,159.0,315.0,2025,3,11,1
156,2025-03-31,76,999.0,0.0,550,83.0,39.0,67.0,73.0,214.0,58.0,111.25,70.67000778265134,106.125,-44.0,106.0,2025,3,14,1
156,2025-04-07,60,999.0,0.5,550,83.0,38.0,84.0,76.0,73.0,100.0,115.75,66.6051799787374,91.25,-45.0,122.0,2025,4,15,2
156,2025-05-05,115,999.0,0.5,550,83.0,103.0,20.0,60.0,76.0,214.0,105.75,72.5,80.0,20.0,123.0,2025,5,19,2
156,2025-05-12,19,999.0,0.0,550,83.0,219.0,63.0,115.0,60.0,73.0,81.0,23.70653918225942,91.375,136.0,282.0,2025,5,20,2
156,2025-06-02,181,999.0,0.0,550,83.0,168.0,9.0,19.0,115.0,76.0,67.5,39.73663297261107,89.375,85.0,177.0,2025,6,23,2
156,2025-06-09,130,999.0,0.6,550,83.0,46.0,8.0,181.0,19.0,60.0,93.75,70.2157389763862,104.75,-37.0,54.0,2025,6,24,2
156,2025-06-30,120,999.0,0.3333333333333333,550,83.0,60.0,13.0,130.0,181.0,115.0,111.25,67.6775442816892,108.5,-23.0,73.0,2025,6,27,2
156,2025-07-07,169,999.0,0.0,550,83.0,107.0,84.0,120.0,130.0,19.0,112.5,67.8159273327439,96.75,24.0,191.0,2025,7,28,3
156,2025-08-04,152,999.0,0.2,550,83.0,107.0,84.0,169.0,120.0,181.0,150.0,29.563490998188996,108.75,24.0,191.0,2025,8,32,3
156,2025-09-01,106,999.0,0.3333333333333333,550,83.0,159.0,60.0,152.0,169.0,130.0,142.75,22.020823478395812,118.25,76.0,219.0,2025,9,36,3
156,2025-09-08,68,999.0,0.0,550,83.0,150.0,47.0,106.0,152.0,120.0,136.75,28.86029567878105,124.0,67.0,197.0,2025,9,37,3
156,2025-09-29,79,999.0,0.0,550,83.0,150.0,47.0,68.0,106.0,169.0,123.75,45.71196050634161,118.125,67.0,197.0,2025,9,40,3
156,2025-10-06,96,999.0,0.0,550,83.0,137.0,64.0,79.0,68.0,152.0,101.25,37.4110055108565,125.625,54.0,201.0,2025,10,41,4
156,2025-10-27,20,999.0,0.3333333333333333,550,83.0,134.0,49.0,96.0,79.0,106.0,87.25,16.99754884289698,115.0,51.0,183.0,2025,10,44,4
156,2025-11-03,140,999.0,0.0,550,83.0,63.0,42.0,20.0,96.0,68.0,65.75,32.602402774437785,101.25,-20.0,105.0,2025,11,45,4
156,2025-11-10,46,999.0,0.6666666666666666,550,83.0,50.0,3.0,140.0,20.0,79.0,83.75,49.66806485727694,103.75,-33.0,53.0,2025,11,46,4
156,2025-12-01,115,999.0,0.0,550,83.0,50.0,3.0,46.0,140.0,96.0,75.5,53.32604116814475,88.375,-33.0,53.0,2025,12,49,4
156,2025-12-08,82,999.0,0.25,550,83.0,250.0,11.0,115.0,46.0,20.0,80.25,56.51179817819758,83.75,167.0,261.0,2025,12,50,4
157,2024-12-30,21,0.0,0.0,850,0.0,0.0,0.0,0.0,0.0,0.0,0.0,0.0,0.0,0.0,0.0,2024,12,1,4
157,2025-01-06,86,1200.0,0.0,850,57.0,0.0,0.0,21.0,0.0,0.0,21.0,0.0,21.0,0.0,0.0,2025,1,2,1
157,2025-01-27,32,1200.0,0.0,850,57.0,66.0,1.0,86.0,21.0,0.0,53.5,45.96194077712559,53.5,9.0,67.0,2025,1,5,1
157,2025-02-03,136,1200.0,0.0,850,57.0,66.0,1.0,32.0,86.0,0.0,46.333333333333336,34.789845261704365,46.333333333333336,9.0,67.0,2025,2,6,1
157,2025-02-10,34,1200.0,0.5,850,57.0,105.0,26.0,136.0,32.0,21.0,68.75,53.07463298664124,68.75,48.0,131.0,2025,2,7,1
157,2025-02-24,98,1200.0,1.0,850,57.0,192.0,16.0,34.0,136.0,86.0,72.0,49.45031176174053,61.8,135.0,208.0,2025,2,9,1
157,2025-03-03,157,1200.0,1.0,850,57.0,192.0,16.0,98.0,34.0,32.0,75.0,50.924781131913896,67.83333333333333,135.0,208.0,2025,3,10,1
157,2025-03-10,24,1200.0,0.25,850,57.0,101.0,19.0,157.0,98.0,136.0,106.25,54.00231476520243,80.57142857142857,44.0,120.0,2025,3,11,1
157,2025-03-31,219,1200.0,0.0,850,57.0,89.0,92.0,24.0,157.0,34.0,78.25,61.89439931582394,73.5,32.0,181.0,2025,3,14,1
157,2025-04-07,171,1200.0,1.0,850,57.0,104.0,70.0,219.0,24.0,98.0,124.5,83.24461944574357,98.25,47.0,174.0,2025,4,15,2
157,2025-04-28,48,1200.0,0.25,850,57.0,200.0,47.0,171.0,219.0,157.0,142.75,83.5,108.875,143.0,247.0,2025,4,18,2
157,2025-05-05,95,1200.0,0.0,850,57.0,155.0,65.0,48.0,171.0,24.0,115.5,94.37690395430441,110.875,98.0,220.0,2025,5,19,2
157,2025-05-26,27,1200.0,0.0,850,57.0,237.0,84.0,95.0,48.0,219.0,133.25,76.39535326183132,105.75,180.0,321.0,2025,5,22,2
157,2025-06-02,81,1200.0,0.0,850,57.0,91.0,60.0,27.0,95.0,171.0,85.25,63.84551667893369,104.875,34.0,151.0,2025,6,23,2
157,2025-06-09,142,1200.0,0.0,850,57.0,91.0,60.0,81.0,27.0,48.0,62.75,30.923292192132468,102.75,34.0,151.0,2025,6,24,2
157,2025-06-30,45,1200.0,0.75,850,57.0,111.0,33.0,142.0,81.0,95.0,86.25,47.33832133342571,100.875,54.0,144.0,2025,6,27,2
157,2025-07-07,159,1200.0,0.0,850,57.0,160.0,25.0,45.0,142.0,27.0,73.75,50.73706731769191,103.5,103.0,185.0,2025,7,28,3
157,2025-07-28,56,1200.0,0.3333333333333333,850,57.0,29.0,72.0,159.0,45.0,81.0,106.75,53.068352150787575,96.0,-28.0,101.0,2025,7,31,3
157,2025-08-04,56,1200.0,0.0,850,57.0,72.0,87.0,56.0,159.0,142.0,100.5,58.323808746228735,81.625,15.0,159.0,2025,8,32,3
157,2025-08-11,49,1200.0,0.5,850,57.0,11.0,89.0,56.0,56.0,45.0,79.0,53.58482372214482,82.625,-46.0,100.0,2025,8,33,3
157,2025-09-01,152,1200.0,0.5,850,57.0,11.0,89.0,49.0,56.0,159.0,80.0,52.7699409386316,76.875,-46.0,100.0,2025,9,36,3
157,2025-09-08,50,1200.0,0.25,850,57.0,14.0,49.0,152.0,49.0,56.0,78.25,49.27727671046768,92.5,-43.0,63.0,2025,9,37,3
157,2025-09-29,134,1200.0,0.5,850,57.0,171.0,63.0,50.0,152.0,56.0,76.75,50.26181453151091,88.625,114.0,234.0,2025,9,40,3
157,2025-10-06,177,1200.0,0.25,850,57.0,237.0,5.0,134.0,50.0,49.0,96.25,54.481648286372554,87.625,180.0,242.0,2025,10,41,4
157,2025-10-27,82,1200.0,0.2,850,57.0,140.0,46.0,177.0,134.0,152.0,128.25,55.06586964717802,104.125,83.0,186.0,2025,10,44,4
157,2025-11-03,163,1200.0,0.5,850,57.0,34.0,62.0,82.0,177.0,50.0,110.75,56.11520887127364,94.5,-23.0,96.0,2025,11,45,4
157,2025-11-10,69,1200.0,0.2,850,57.0,245.0,96.0,163.0,82.0,134.0,139.0,42.00793575821916,107.875,188.0,341.0,2025,11,46,4
157,2025-12-01,136,1200.0,0.5,850,57.0,211.0,15.0,69.0,163.0,177.0,122.75,55.11427522278901,109.5,154.0,226.0,2025,12,49,4
157,2025-12-08,197,1200.0,0.0,850,57.0,64.0,18.0,136.0,69.0,82.0,112.5,44.44097208657796,120.375,7.0,82.0,2025,12,50,4
158,2024-12-30,115,0.0,0.0,850,0.0,0.0,0.0,0.0,0.0,0.0,0.0,0.0,0.0,0.0,0.0,2024,12,1,4
158,2025-01-06,130,450.0,0.3333333333333333,850,66.0,57.0,81.0,115.0,0.0,0.0,115.0,0.0,115.0,-9.0,138.0,2025,1,2,1
158,2025-01-27,30,450.0,0.3333333333333333,850,66.0,57.0,81.0,130.0,115.0,0.0,122.5,10.606601717798213,122.5,-9.0,138.0,2025,1,5,1
158,2025-02-03,54,450.0,0.0,850,66.0,180.0,91.0,30.0,130.0,0.0,91.66666666666667,53.92896562454479,91.66666666666667,114.0,271.0,2025,2,6,1
158,2025-02-10,81,450.0,0.0,850,66.0,237.0,30.0,54.0,30.0,115.0,82.25,47.89137013422495,82.25,171.0,267.0,2025,2,7,1
158,2025-02-24,30,450.0,0.0,850,66.0,237.0,30.0,81.0,54.0,130.0,73.75,42.89813515760329,82.0,171.0,267.0,2025,2,9,1
158,2025-03-03,79,450.0,0.0,850,66.0,69.0,1.0,30.0,81.0,30.0,48.75,24.295061226512676,73.33333333333333,3.0,70.0,2025,3,10,1
158,2025-03-10,41,450.0,0.5,850,66.0,113.0,19.0,79.0,30.0,54.0,61.0,24.041630560342607,74.14285714285714,47.0,132.0,2025,3,11,1
158,2025-03-31,188,450.0,1.0,850,66.0,238.0,16.0,41.0,79.0,81.0,57.75,26.09437998241511,70.0,172.0,254.0,2025,3,14,1
158,2025-04-07,69,450.0,0.0,850,66.0,235.0,17.0,188.0,41.0,30.0,84.5,72.12258083753429,79.125,169.0,252.0,2025,4,15,2
158,2025-04-28,59,450.0,0.5,850,66.0,133.0,10.0,69.0,188.0,79.0,94.25,64.5361655714582,71.5,67.0,143.0,2025,4,18,2
158,2025-05-05,92,450.0,0.5,850,66.0,133.0,10.0,59.0,69.0,41.0,89.25,66.84496989302934,75.125,67.0,143.0,2025,5,19,2
158,2025-06-02,117,450.0,0.3333333333333333,850,66.0,163.0,50.0,92.0,59.0,188.0,102.0,58.97457079114693,79.875,97.0,213.0,2025,6,23,2
158,2025-06-09,70,450.0,0.0,850,66.0,208.0,26.0,117.0,92.0,69.0,84.25,25.83763405061179,84.375,142.0,234.0,2025,6,24,2
158,2025-06-30,135,450.0,0.0,850,66.0,208.0,26.0,70.0,117.0,59.0,84.5,25.64501251055782,89.375,142.0,234.0,2025,6,27,2
158,2025-07-07,52,450.0,0.3333333333333333,850,66.0,21.0,49.0,135.0,70.0,92.0,103.5,28.45464226917406,96.375,-45.0,70.0,2025,7,28,3
158,2025-07-28,93,450.0,0.0,850,66.0,24.0,6.0,52.0,135.0,117.0,93.5,38.940124978399,97.75,-42.0,30.0,2025,7,31,3
158,2025-08-04,63,450.0,1.0,850,66.0,106.0,76.0,93.0,52.0,70.0,87.5,35.837596645608556,85.875,40.0,182.0,2025,8,32,3
158,2025-08-11,28,450.0,0.0,850,66.0,214.0,18.0,63.0,93.0,135.0,85.75,37.12478956169314,85.125,148.0,232.0,2025,8,33,3
158,2025-09-01,173,450.0,0.0,850,66.0,214.0,18.0,28.0,63.0,52.0,59.0,26.969118141558386,81.25,148.0,232.0,2025,9,36,3
158,2025-09-08,38,450.0,0.4,850,66.0,46.0,17.0,173.0,28.0,93.0,89.25,61.82973933849848,91.375,-20.0,63.0,2025,9,37,3
158,2025-09-29,68,450.0,1.0,850,66.0,46.0,17.0,38.0,173.0,63.0,75.5,66.64583007710735,81.5,-20.0,63.0,2025,9,40,3
158,2025-10-06,153,450.0,0.5,850,66.0,224.0,81.0,68.0,38.0,28.0,76.75,66.37959023675877,81.25,158.0,305.0,2025,10,41,4
158,2025-10-27,56,450.0,0.3333333333333333,850,66.0,91.0,1.0,153.0,68.0,173.0,108.0,65.19202405202648,83.5,25.0,92.0,2025,10,44,4
158,2025-11-03,208,450.0,0.0,850,66.0,91.0,1.0,56.0,153.0,38.0,78.75,51.012253429935825,84.0,25.0,92.0,2025,11,45,4
158,2025-12-01,61,450.0,0.6,850,66.0,241.0,36.0,208.0,56.0,68.0,121.25,72.17282498743323,98.375,175.0,277.0,2025,12,49,4
158,2025-12-08,126,450.0,0.0,850,66.0,185.0,13.0,61.0,208.0,153.0,119.5,73.95719482691773,98.125,119.0,198.0,2025,12,50,4
159,2024-12-30,82,0.0,0.0,250,0.0,0.0,0.0,0.0,0.0,0.0,0.0,0.0,0.0,0.0,0.0,2024,12,1,4
159,2025-01-06,92,350.0,0.0,250,31.0,0.0,0.0,82.0,0.0,0.0,82.0,0.0,82.0,0.0,0.0,2025,1,2,1
159,2025-01-27,80,350.0,0.3333333333333333,250,31.0,23.0,10.0,92.0,82.0,0.0,87.0,7.0710678118654755,87.0,-8.0,33.0,2025,1,5,1
159,2025-02-03,116,350.0,0.5,250,31.0,112.0,18.0,80.0,92.0,0.0,84.66666666666667,6.429100507328638,84.66666666666667,81.0,130.0,2025,2,6,1
159,2025-02-10,100,350.0,1.0,250,31.0,21.0,33.0,116.0,80.0,82.0,92.5,16.522711641858304,92.5,-10.0,54.0,2025,2,7,1
159,2025-02-24,110,350.0,0.0,250,31.0,235.0,75.0,100.0,116.0,92.0,97.0,15.0996688705415,94.0,204.0,310.0,2025,2,9,1
159,2025-03-03,162,350.0,0.5,250,31.0,235.0,75.0,110.0,100.0,80.0,101.5,15.7797338380595,96.66666666666667,204.0,310.0,2025,3,10,1
159,2025-03-10,136,350.0,0.25,250,31.0,129.0,29.0,162.0,110.0,116.0,122.0,27.471197037382016,106.0,98.0,158.0,2025,3,11,1
159,2025-03-31,75,350.0,0.0,250,31.0,51.0,61.0,136.0,162.0,100.0,127.0,27.832834326864134,109.75,20.0,112.0,2025,3,14,1
159,2025-04-07,69,350.0,0.0,250,31.0,55.0,94.0,75.0,136.0,110.0,120.75,37.16068711241312,108.875,24.0,149.0,2025,4,15,2
159,2025-05-05,97,350.0,1.0,250,31.0,110.0,54.0,69.0,75.0,162.0,110.5,45.77116996538323,106.0,79.0,164.0,2025,5,19,2
159,2025-05-12,95,350.0,1.0,250,31.0,110.0,54.0,97.0,69.0,136.0,94.25,30.324632451743472,108.125,79.0,164.0,2025,5,20,2
159,2025-06-02,215,350.0,1.0,250,31.0,110.0,54.0,95.0,97.0,75.0,84.0,14.094916341243982,105.5,79.0,164.0,2025,6,23,2
159,2025-06-09,134,350.0,0.5,250,31.0,240.0,84.0,215.0,95.0,69.0,119.0,65.25846049874811,119.875,209.0,324.0,2025,6,24,2
159,2025-06-30,165,350.0,0.6666666666666666,250,31.0,138.0,77.0,134.0,215.0,97.0,135.25,56.109268396584895,122.875,107.0,215.0,2025,6,27,2
159,2025-07-07,97,350.0,0.25,250,31.0,231.0,32.0,165.0,134.0,95.0,152.25,50.69763308084511,123.25,200.0,263.0,2025,7,28,3
159,2025-07-28,30,350.0,1.0,250,31.0,73.0,40.0,97.0,165.0,215.0,152.75,49.949140800084514,118.375,42.0,113.0,2025,7,31,3
159,2025-08-04,157,350.0,0.0,250,31.0,73.0,40.0,30.0,97.0,134.0,106.5,58.08327355329301,112.75,42.0,113.0,2025,8,32,3
159,2025-08-11,21,350.0,0.4,250,31.0,15.0,41.0,157.0,30.0,165.0,112.25,62.67043428390563,123.75,-16.0,56.0,2025,8,33,3
159,2025-09-01,134,350.0,0.0,250,31.0,15.0,41.0,21.0,157.0,97.0,76.25,63.62062034697032,114.25,-16.0,56.0,2025,9,36,3
159,2025-09-08,67,350.0,0.3333333333333333,250,31.0,117.0,19.0,134.0,21.0,30.0,85.5,70.0119037497672,119.125,86.0,136.0,2025,9,37,3
159,2025-09-29,32,350.0,1.0,250,31.0,72.0,33.0,67.0,134.0,157.0,94.75,62.24882863690422,100.625,41.0,105.0,2025,9,40,3
159,2025-10-06,142,350.0,0.0,250,31.0,51.0,98.0,32.0,67.0,21.0,63.5,50.92805382759749,87.875,20.0,149.0,2025,10,41,4
159,2025-10-27,24,350.0,0.0,250,31.0,205.0,4.0,142.0,32.0,134.0,93.75,53.15621631882139,85.0,174.0,209.0,2025,10,44,4
159,2025-11-03,131,350.0,0.0,250,31.0,205.0,4.0,24.0,142.0,67.0,66.25,53.84158863431378,75.875,174.0,209.0,2025,11,45,4
159,2025-12-01,266,350.0,0.0,250,31.0,43.0,89.0,131.0,24.0,32.0,82.25,62.88812818542675,88.5,12.0,132.0,2025,12,49,4
159,2025-12-08,100,350.0,0.4,250,31.0,149.0,73.0,266.0,131.0,142.0,140.75,99.01977916894516,102.125,118.0,222.0,2025,12,50,4
160,2024-12-30,51,0.0,0.0,550,0.0,0.0,0.0,0.0,0.0,0.0,0.0,0.0,0.0,0.0,0.0,2024,12,1,4
160,2025-01-06,117,350.0,0.0,550,29.0,248.0,57.0,51.0,0.0,0.0,51.0,0.0,51.0,219.0,305.0,2025,1,2,1
160,2025-01-27,80,350.0,0.0,550,29.0,54.0,39.0,117.0,51.0,0.0,84.0,46.66904755831214,84.0,25.0,93.0,2025,1,5,1
160,2025-02-03,166,350.0,0.0,550,29.0,161.0,36.0,80.0,117.0,0.0,82.66666666666667,33.08070938376826,82.66666666666667,132.0,197.0,2025,2,6,1
160,2025-02-10,33,350.0,0.2,550,29.0,153.0,73.0,166.0,80.0,51.0,103.5,49.655479724464115,103.5,124.0,226.0,2025,2,7,1
160,2025-02-24,61,350.0,0.0,550,29.0,153.0,73.0,33.0,166.0,117.0,99.0,56.361925682739646,89.4,124.0,226.0,2025,2,9,1
160,2025-03-03,181,350.0,0.5,550,29.0,26.0,14.0,61.0,33.0,80.0,85.0,57.3468976202433,84.66666666666667,-3.0,40.0,2025,3,10,1
160,2025-03-10,34,350.0,0.5,550,29.0,26.0,14.0,181.0,61.0,166.0,110.25,74.17715281675349,98.42857142857143,-3.0,40.0,2025,3,11,1
160,2025-03-31,189,350.0,0.0,550,29.0,143.0,66.0,34.0,181.0,33.0,77.25,70.3722246344394,90.375,114.0,209.0,2025,3,14,1
160,2025-04-07,129,350.0,0.3333333333333333,550,29.0,227.0,36.0,189.0,34.0,61.0,116.25,80.21377687155741,107.625,198.0,263.0,2025,4,15,2
160,2025-04-28,92,350.0,0.25,550,29.0,186.0,8.0,129.0,189.0,181.0,133.25,71.31327599636224,109.125,157.0,194.0,2025,4,18,2
160,2025-05-05,194,350.0,0.0,550,29.0,27.0,66.0,92.0,129.0,34.0,111.0,65.05894762956643,110.625,-2.0,93.0,2025,5,19,2
160,2025-05-12,24,350.0,0.3333333333333333,550,29.0,93.0,35.0,194.0,92.0,189.0,151.0,49.18671907469876,114.125,64.0,128.0,2025,5,20,2
160,2025-05-26,35,350.0,1.0,550,29.0,93.0,35.0,24.0,194.0,129.0,109.75,71.03226966198767,113.0,64.0,128.0,2025,5,22,2
160,2025-06-02,114,350.0,1.0,550,29.0,118.0,52.0,35.0,24.0,92.0,86.25,77.77049569084667,109.75,89.0,170.0,2025,6,23,2
160,2025-06-09,92,350.0,0.0,550,29.0,23.0,28.0,114.0,35.0,194.0,91.75,79.07960124667635,101.375,-6.0,51.0,2025,6,24,2
160,2025-06-30,78,350.0,0.0,550,29.0,245.0,3.0,92.0,114.0,24.0,66.25,43.60714773214747,108.625,216.0,248.0,2025,6,27,2
160,2025-07-07,131,350.0,0.0,550,29.0,47.0,65.0,78.0,92.0,35.0,79.75,33.310408783642,94.75,18.0,112.0,2025,7,28,3
160,2025-07-28,63,350.0,0.0,550,29.0,140.0,60.0,131.0,78.0,114.0,103.75,23.44319375284294,95.0,111.0,200.0,2025,7,31,3
160,2025-08-04,112,350.0,0.5,550,29.0,20.0,35.0,63.0,131.0,92.0,91.0,29.177616992025484,91.375,-9.0,55.0,2025,8,32,3
160,2025-08-11,17,350.0,0.0,550,29.0,12.0,85.0,112.0,63.0,78.0,96.0,31.059083480789763,81.125,-17.0,97.0,2025,8,33,3
160,2025-09-01,114,350.0,0.0,550,29.0,12.0,85.0,17.0,112.0,131.0,80.75,51.25345516808274,80.25,-17.0,97.0,2025,9,36,3
160,2025-09-08,90,350.0,0.6666666666666666,550,29.0,12.0,85.0,114.0,17.0,63.0,76.5,46.148311633977116,90.125,-17.0,97.0,2025,9,37,3
160,2025-09-29,198,350.0,1.0,550,29.0,188.0,62.0,90.0,114.0,112.0,83.25,45.485345625450265,87.125,159.0,250.0,2025,9,40,3
160,2025-10-06,186,350.0,0.75,550,29.0,142.0,47.0,198.0,90.0,17.0,104.75,74.60730527233912,100.375,113.0,189.0,2025,10,41,4
160,2025-10-27,44,350.0,0.4,550,29.0,205.0,6.0,186.0,198.0,114.0,147.0,53.103672189407014,113.875,176.0,211.0,2025,10,44,4
160,2025-11-03,122,350.0,0.0,550,29.0,116.0,79.0,44.0,186.0,90.0,129.5,74.73285756613352,103.0,87.0,195.0,2025,11,45,4
160,2025-11-10,57,350.0,0.6666666666666666,550,29.0,50.0,0.0,122.0,44.0,198.0,137.5,70.69889202337852,110.375,21.0,50.0,2025,11,46,4
160,2025-12-01,168,350.0,0.5,550,29.0,50.0,0.0,57.0,122.0,186.0,102.25,65.43380879433302,103.5,21.0,50.0,2025,12,49,4
160,2025-12-08,170,350.0,0.6,550,29.0,17.0,62.0,168.0,57.0,44.0,97.75,57.944657504668484,122.375,-12.0,79.0,2025,12,50,4
161,2024-12-30,59,0.0,0.0,750,0.0,0.0,0.0,0.0,0.0,0.0,0.0,0.0,0.0,0.0,0.0,2024,12,1,4
161,2025-01-06,96,700.0,0.5,750,74.0,188.0,30.0,59.0,0.0,0.0,59.0,0.0,59.0,114.0,218.0,2025,1,2,1
161,2025-01-27,38,700.0,0.5,750,74.0,138.0,60.0,96.0,59.0,0.0,77.5,26.16295090390226,77.5,64.0,198.0,2025,1,5,1
161,2025-02-03,224,700.0,1.0,750,74.0,138.0,60.0,38.0,96.0,0.0,64.33333333333333,29.36551265231604,64.33333333333333,64.0,198.0,2025,2,6,1
161,2025-02-10,119,700.0,0.6,750,74.0,129.0,71.0,224.0,38.0,59.0,104.25,83.35616353935683,104.25,55.0,200.0,2025,2,7,1
161,2025-02-24,30,700.0,0.0,750,74.0,216.0,24.0,119.0,224.0,96.0,119.25,77.70617736061915,107.2,142.0,240.0,2025,2,9,1
161,2025-03-03,82,700.0,1.0,750,74.0,216.0,24.0,30.0,119.0,38.0,102.75,90.2787350376599,94.33333333333333,142.0,240.0,2025,3,10,1
161,2025-03-10,26,700.0,0.3333333333333333,750,74.0,216.0,24.0,82.0,30.0,224.0,113.75,82.06653804484912,92.57142857142857,142.0,240.0,2025,3,11,1
161,2025-03-31,104,700.0,0.0,750,74.0,129.0,10.0,26.0,82.0,119.0,64.25,44.52995246647663,84.25,55.0,139.0,2025,3,14,1
161,2025-04-07,140,700.0,0.3333333333333333,750,74.0,161.0,31.0,104.0,26.0,30.0,60.5,38.62210075418824,89.875,87.0,192.0,2025,4,15,2
161,2025-04-28,41,700.0,0.3333333333333333,750,74.0,242.0,95.0,140.0,104.0,82.0,88.0,47.749345545253306,95.375,168.0,337.0,2025,4,18,2
161,2025-05-05,106,700.0,0.0,750,74.0,242.0,95.0,41.0,140.0,26.0,77.75,53.51868832473383,95.75,168.0,337.0,2025,5,19,2
161,2025-05-12,52,700.0,0.5,750,74.0,242.0,95.0,106.0,41.0,104.0,97.75,41.28256290493604,81.0,168.0,337.0,2025,5,20,2
161,2025-05-26,21,700.0,1.0,750,74.0,242.0,95.0,52.0,106.0,140.0,84.75,46.51433470805892,72.625,168.0,337.0,2025,5,22,2
161,2025-06-02,207,700.0,0.0,750,74.0,172.0,62.0,21.0,52.0,41.0,55.0,36.3409777890836,71.5,98.0,234.0,2025,6,23,2
161,2025-06-09,47,700.0,0.5,750,74.0,172.0,62.0,207.0,21.0,106.0,96.5,81.61086528969862,87.125,98.0,234.0,2025,6,24,2
161,2025-06-30,195,700.0,1.0,750,74.0,110.0,26.0,47.0,207.0,52.0,81.75,84.5985618475082,89.75,36.0,136.0,2025,6,27,2
161,2025-07-07,238,700.0,0.4,750,74.0,219.0,20.0,195.0,47.0,21.0,117.5,97.12363255150623,101.125,145.0,239.0,2025,7,28,3
161,2025-07-28,80,700.0,0.25,750,74.0,29.0,100.0,238.0,195.0,207.0,171.75,85.1170762342473,113.375,-45.0,129.0,2025,7,31,3
161,2025-08-04,144,700.0,0.0,750,74.0,186.0,66.0,80.0,238.0,47.0,140.0,91.06408000230755,118.25,112.0,252.0,2025,8,32,3
161,2025-08-11,53,700.0,0.25,750,74.0,138.0,87.0,144.0,80.0,195.0,164.25,68.05083883881719,123.0,64.0,225.0,2025,8,33,3
161,2025-09-01,225,700.0,0.0,750,74.0,138.0,87.0,53.0,144.0,238.0,128.75,82.22479350333857,123.125,64.0,225.0,2025,9,36,3
161,2025-09-08,52,700.0,0.4,750,74.0,73.0,26.0,225.0,53.0,80.0,125.5,76.5266837993999,148.625,-1.0,99.0,2025,9,37,3
161,2025-09-29,116,700.0,0.0,750,74.0,206.0,17.0,52.0,225.0,144.0,118.5,83.07627017787131,129.25,132.0,223.0,2025,9,40,3
161,2025-10-06,209,700.0,0.6666666666666666,750,74.0,201.0,90.0,116.0,52.0,53.0,111.5,81.37362390029504,137.875,127.0,291.0,2025,10,41,4
161,2025-10-27,46,700.0,0.4,750,74.0,118.0,25.0,209.0,116.0,225.0,150.5,81.37362390029504,139.625,44.0,143.0,2025,10,44,4
161,2025-11-03,134,700.0,1.0,750,74.0,118.0,25.0,46.0,209.0,52.0,105.75,75.77323626012905,115.625,44.0,143.0,2025,11,45,4
161,2025-11-10,183,700.0,0.3333333333333333,750,74.0,27.0,55.0,134.0,46.0,116.0,126.25,66.96454285664916,122.375,-47.0,82.0,2025,11,46,4
161,2025-12-01,118,700.0,0.6666666666666666,750,74.0,156.0,59.0,183.0,134.0,209.0,143.0,71.75421009715505,127.25,82.0,215.0,2025,12,49,4
161,2025-12-08,142,700.0,0.5,750,74.0,219.0,8.0,118.0,183.0,46.0,120.25,56.7002351553031,135.375,145.0,227.0,2025,12,50,4
162,2024-12-30,100,0.0,0.0,999,0.0,0.0,0.0,0.0,0.0,0.0,0.0,0.0,0.0,0.0,0.0,2024,12,1,4
162,2025-01-06,111,1200.0,0.0,999,58.0,0.0,0.0,100.0,0.0,0.0,100.0,0.0,100.0,0.0,0.0,2025,1,2,1
162,2025-01-27,125,1200.0,0.3333333333333333,999,58.0,0.0,0.0,111.0,100.0,0.0,105.5,7.7781745930520225,105.5,0.0,0.0,2025,1,5,1
162,2025-02-03,106,1200.0,0.5,999,58.0,135.0,67.0,125.0,111.0,0.0,112.0,12.529964086141668,112.0,77.0,202.0,2025,2,6,1
162,2025-02-10,33,1200.0,0.5,999,58.0,135.0,67.0,106.0,125.0,100.0,110.5,10.661457061146317,110.5,77.0,202.0,2025,2,7,1
162,2025-02-24,103,1200.0,0.0,999,58.0,226.0,62.0,33.0,106.0,111.0,93.75,41.290636549545546,95.0,168.0,288.0,2025,2,9,1
162,2025-03-03,213,1200.0,0.5,999,58.0,172.0,20.0,103.0,33.0,125.0,91.75,40.3598397750371,96.33333333333333,114.0,192.0,2025,3,10,1
162,2025-03-10,65,1200.0,0.4,999,58.0,153.0,10.0,213.0,103.0,106.0,113.75,74.26697336860667,113.0,95.0,163.0,2025,3,11,1
162,2025-03-31,111,1200.0,0.0,999,58.0,153.0,10.0,65.0,213.0,33.0,103.5,78.40705750547374,107.0,95.0,163.0,2025,3,14,1
162,2025-04-07,86,1200.0,0.3333333333333333,999,58.0,148.0,47.0,111.0,65.0,103.0,123.0,63.26663154196426,108.375,90.0,195.0,2025,4,15,2
162,2025-05-05,69,1200.0,0.3333333333333333,999,58.0,126.0,89.0,86.0,111.0,213.0,118.75,65.5864569353562,105.25,68.0,215.0,2025,5,19,2
162,2025-05-12,50,1200.0,0.0,999,58.0,202.0,39.0,69.0,86.0,65.0,82.75,20.918492616183727,98.25,144.0,241.0,2025,5,20,2
162,2025-06-02,141,1200.0,0.0,999,58.0,192.0,38.0,50.0,69.0,111.0,79.0,25.910100990411696,91.25,134.0,230.0,2025,6,23,2
162,2025-06-09,118,1200.0,0.3333333333333333,999,58.0,232.0,45.0,141.0,50.0,86.0,86.5,39.1960882401973,104.75,174.0,277.0,2025,6,24,2
162,2025-06-30,52,1200.0,0.5,999,58.0,232.0,45.0,118.0,141.0,69.0,94.5,42.209793492348034,106.625,174.0,277.0,2025,6,27,2
162,2025-07-07,123,1200.0,0.0,999,58.0,62.0,67.0,52.0,118.0,50.0,90.25,46.29164791478768,86.5,4.0,129.0,2025,7,28,3
162,2025-07-28,58,1200.0,0.0,999,58.0,62.0,67.0,123.0,52.0,141.0,108.5,38.94012497839899,93.75,4.0,129.0,2025,7,31,3
162,2025-08-04,62,1200.0,0.0,999,58.0,62.0,67.0,58.0,123.0,118.0,87.75,37.95062581829185,87.125,4.0,129.0,2025,8,32,3
162,2025-08-11,22,1200.0,0.5,999,58.0,187.0,2.0,62.0,58.0,52.0,73.75,33.089525029330154,84.125,129.0,189.0,2025,8,33,3
162,2025-09-01,194,1200.0,0.0,999,58.0,187.0,2.0,22.0,62.0,123.0,66.25,41.891725515508035,78.25,129.0,189.0,2025,9,36,3
162,2025-09-08,106,1200.0,0.6,999,58.0,185.0,43.0,194.0,22.0,58.0,84.0,75.50717405209477,96.25,127.0,228.0,2025,9,37,3
162,2025-09-29,29,1200.0,0.6666666666666666,999,58.0,185.0,43.0,106.0,194.0,62.0,96.0,73.79250187744913,91.875,127.0,228.0,2025,9,40,3
162,2025-10-06,87,1200.0,0.0,999,58.0,176.0,9.0,29.0,106.0,22.0,87.75,80.40885108825603,80.75,118.0,185.0,2025,10,41,4
162,2025-10-27,53,1200.0,0.0,999,58.0,162.0,7.0,87.0,29.0,194.0,104.0,68.35690650304961,85.125,104.0,169.0,2025,10,44,4
162,2025-11-03,120,1200.0,0.0,999,58.0,77.0,2.0,53.0,87.0,106.0,68.75,34.39355559791204,76.375,19.0,79.0,2025,11,45,4
162,2025-11-10,132,1200.0,0.25,999,58.0,191.0,51.0,120.0,53.0,29.0,72.25,39.743972289308644,84.125,133.0,242.0,2025,11,46,4
162,2025-12-01,90,1200.0,0.6666666666666666,999,58.0,191.0,51.0,132.0,120.0,87.0,98.0,35.52463933666322,92.875,133.0,242.0,2025,12,49,4
162,2025-12-08,15,1200.0,0.0,999,58.0,181.0,33.0,90.0,132.0,53.0,98.75,35.245567097154215,101.375,123.0,214.0,2025,12,50,4
163,2024-12-30,157,0.0,0.0,1500,0.0,0.0,0.0,0.0,0.0,0.0,0.0,0.0,0.0,0.0,0.0,2024,12,1,4
163,2025-01-06,252,1500.0,0.25,1500,65.0,0.0,0.0,157.0,0.0,0.0,157.0,0.0,157.0,0.0,0.0,2025,1,2,1
163,2025-01-27,43,1500.0,0.75,1500,65.0,51.0,40.0,252.0,157.0,0.0,204.5,67.17514421272202,204.5,-14.0,91.0,2025,1,5,1
163,2025-02-03,98,1500.0,0.0,1500,65.0,51.0,40.0,43.0,252.0,0.0,150.66666666666666,104.64384039843593,150.66666666666666,-14.0,91.0,2025,2,6,1
163,2025-02-10,29,1500.0,0.3333333333333333,1500,65.0,137.0,31.0,98.0,43.0,157.0,137.5,89.40730768045006,137.5,72.0,168.0,2025,2,7,1
163,2025-02-24,89,1500.0,0.0,1500,65.0,137.0,31.0,29.0,98.0,252.0,105.5,102.10615391183171,115.8,72.0,168.0,2025,2,9,1
163,2025-03-03,159,1500.0,0.5,1500,65.0,137.0,31.0,89.0,29.0,43.0,64.75,33.88583774971482,111.33333333333333,72.0,168.0,2025,3,10,1
163,2025-03-10,43,1500.0,0.25,1500,65.0,137.0,31.0,159.0,89.0,98.0,93.75,53.20009398487937,118.14285714285714,72.0,168.0,2025,3,11,1
163,2025-03-31,79,1500.0,0.0,1500,65.0,140.0,32.0,43.0,159.0,29.0,80.0,58.57189314566044,108.75,75.0,172.0,2025,3,14,1
163,2025-04-07,34,1500.0,0.5,1500,65.0,243.0,2.0,79.0,43.0,89.0,92.5,48.535210586404844,99.0,178.0,245.0,2025,4,15,2
163,2025-04-28,27,1500.0,0.0,1500,65.0,212.0,18.0,34.0,79.0,159.0,78.75,56.92319386682372,71.75,147.0,230.0,2025,4,18,2
163,2025-05-05,114,1500.0,0.0,1500,65.0,227.0,92.0,27.0,34.0,43.0,45.75,23.1138486626524,69.75,162.0,319.0,2025,5,19,2
163,2025-05-12,61,1500.0,0.0,1500,65.0,123.0,82.0,114.0,27.0,79.0,63.5,40.796241656963105,71.75,58.0,205.0,2025,5,20,2
163,2025-05-26,36,1500.0,1.0,1500,65.0,164.0,82.0,61.0,114.0,34.0,59.0,39.48839491968915,75.75,99.0,246.0,2025,5,22,2
163,2025-06-02,109,1500.0,1.0,1500,65.0,164.0,82.0,36.0,61.0,27.0,59.5,39.07684736515983,69.125,99.0,246.0,2025,6,23,2
163,2025-06-09,101,1500.0,1.0,1500,65.0,124.0,50.0,109.0,36.0,114.0,80.0,37.83296622435693,62.875,59.0,174.0,2025,6,24,2
163,2025-06-30,105,1500.0,0.25,1500,65.0,124.0,50.0,101.0,109.0,61.0,76.75,34.33535592747897,70.125,59.0,174.0,2025,6,27,2
163,2025-07-07,156,1500.0,0.5,1500,65.0,91.0,98.0,105.0,101.0,36.0,87.75,34.65424456926836,73.375,26.0,189.0,2025,7,28,3
163,2025-07-28,143,1500.0,0.25,1500,65.0,91.0,98.0,156.0,105.0,109.0,117.75,25.70829956777899,88.625,26.0,189.0,2025,7,31,3
163,2025-08-04,169,1500.0,0.5,1500,65.0,91.0,98.0,143.0,156.0,101.0,126.25,27.415020213987297,103.125,26.0,189.0,2025,8,32,3
163,2025-08-11,45,1500.0,0.75,1500,65.0,39.0,56.0,169.0,143.0,105.0,143.25,27.620946158063912,110.0,-26.0,95.0,2025,8,33,3
163,2025-09-01,68,1500.0,1.0,1500,65.0,39.0,56.0,45.0,169.0,156.0,128.25,56.505899397024606,108.0,-26.0,95.0,2025,9,36,3
163,2025-09-08,55,1500.0,0.0,1500,65.0,65.0,31.0,68.0,45.0,143.0,106.25,59.16854457113734,112.0,0.0,96.0,2025,9,37,3
163,2025-09-29,18,1500.0,0.0,1500,65.0,152.0,41.0,55.0,68.0,169.0,84.25,57.27928654118053,105.25,87.0,193.0,2025,9,40,3
163,2025-10-06,152,1500.0,0.0,1500,65.0,111.0,8.0,18.0,55.0,45.0,46.5,21.205345238091866,94.875,46.0,119.0,2025,10,41,4
163,2025-10-27,73,1500.0,0.5,1500,65.0,33.0,59.0,152.0,18.0,68.0,73.25,56.61198341929618,100.75,-32.0,92.0,2025,10,44,4
163,2025-11-03,20,1500.0,0.0,1500,65.0,120.0,96.0,73.0,152.0,55.0,74.5,56.512535482551705,90.375,55.0,216.0,2025,11,45,4
163,2025-11-10,31,1500.0,0.0,1500,65.0,210.0,65.0,20.0,73.0,18.0,65.75,62.888128185426744,75.0,145.0,275.0,2025,11,46,4
163,2025-12-01,73,1500.0,1.0,1500,65.0,194.0,42.0,31.0,20.0,152.0,69.0,59.860949986893225,57.75,129.0,236.0,2025,12,49,4
163,2025-12-08,76,1500.0,0.0,1500,65.0,216.0,14.0,73.0,31.0,73.0,49.25,27.78938646318048,61.25,151.0,230.0,2025,12,50,4
164,2024-12-30,95,0.0,0.0,350,0.0,0.0,0.0,0.0,0.0,0.0,0.0,0.0,0.0,0.0,0.0,2024,12,1,4
164,2025-01-06,128,250.0,0.5,350,81.0,0.0,0.0,95.0,0.0,0.0,95.0,0.0,95.0,0.0,0.0,2025,1,2,1
164,2025-02-03,237,250.0,0.6666666666666666,350,81.0,0.0,0.0,128.0,95.0,0.0,111.5,23.33452377915607,111.5,0.0,0.0,2025,2,6,1
164,2025-02-10,27,250.0,0.2857142857142857,350,81.0,162.0,73.0,237.0,128.0,0.0,153.33333333333334,74.31240363043933,153.33333333333334,81.0,235.0,2025,2,7,1
164,2025-02-24,94,250.0,0.0,350,81.0,69.0,100.0,27.0,237.0,95.0,121.75,87.58757522236435,121.75,-12.0,169.0,2025,2,9,1
164,2025-03-10,33,250.0,1.0,350,81.0,15.0,45.0,94.0,27.0,128.0,121.5,87.69074447549563,116.2,-66.0,60.0,2025,3,11,1
164,2025-03-31,202,250.0,1.0,350,81.0,64.0,36.0,33.0,94.0,237.0,97.75,97.64348416561138,102.33333333333333,-17.0,100.0,2025,3,14,1
164,2025-04-07,48,250.0,0.0,350,81.0,143.0,43.0,202.0,33.0,27.0,89.0,81.18702687827245,116.57142857142857,62.0,186.0,2025,4,15,2
164,2025-04-28,27,250.0,0.0,350,81.0,143.0,43.0,48.0,202.0,94.0,94.25,76.37789819923911,108.0,62.0,186.0,2025,4,18,2
164,2025-05-05,145,250.0,0.0,350,81.0,143.0,43.0,27.0,48.0,33.0,77.5,83.46855695410099,99.5,62.0,186.0,2025,5,19,2
164,2025-05-26,26,250.0,0.25,350,81.0,148.0,30.0,145.0,27.0,202.0,105.5,82.34277948510928,101.625,67.0,178.0,2025,5,22,2
164,2025-06-02,178,250.0,0.0,350,81.0,44.0,88.0,26.0,145.0,48.0,61.5,56.583271968547976,75.25,-37.0,132.0,2025,6,23,2
164,2025-06-09,48,250.0,0.6666666666666666,350,81.0,44.0,88.0,178.0,26.0,27.0,94.0,79.09909396868377,94.125,-37.0,132.0,2025,6,24,2
164,2025-06-30,87,250.0,0.0,350,81.0,148.0,90.0,48.0,178.0,145.0,99.25,73.68118258189581,88.375,67.0,238.0,2025,6,27,2
164,2025-07-07,93,250.0,0.3333333333333333,350,81.0,25.0,94.0,87.0,48.0,26.0,84.75,67.08887140701256,95.125,-56.0,119.0,2025,7,28,3
164,2025-07-28,59,250.0,0.0,350,81.0,78.0,0.0,93.0,87.0,178.0,101.5,54.76312628037227,81.5,-3.0,78.0,2025,7,31,3
164,2025-08-04,139,250.0,1.0,350,81.0,78.0,0.0,59.0,93.0,48.0,71.75,21.685248442201466,82.875,-3.0,78.0,2025,8,32,3
164,2025-08-11,34,250.0,0.25,350,81.0,247.0,44.0,139.0,59.0,87.0,94.5,33.16122233372387,96.875,166.0,291.0,2025,8,33,3
164,2025-09-01,50,250.0,1.0,350,81.0,247.0,44.0,34.0,139.0,93.0,81.25,45.46335520687697,83.0,166.0,291.0,2025,9,36,3
164,2025-09-08,120,250.0,0.0,350,81.0,243.0,41.0,50.0,34.0,59.0,70.5,46.822359331128695,86.0,162.0,284.0,2025,9,37,3
164,2025-09-29,126,250.0,0.3333333333333333,350,81.0,163.0,2.0,120.0,50.0,139.0,85.75,51.525883463232994,78.75,82.0,165.0,2025,9,40,3
164,2025-10-06,89,250.0,0.5,350,81.0,163.0,2.0,126.0,120.0,34.0,82.5,47.28283691432513,88.5,82.0,165.0,2025,10,41,4
164,2025-10-27,89,250.0,0.3333333333333333,350,81.0,194.0,30.0,89.0,126.0,50.0,96.25,34.83652297996075,88.75,113.0,224.0,2025,10,44,4
164,2025-11-03,333,250.0,0.5,350,81.0,194.0,30.0,89.0,89.0,120.0,106.0,19.78214683327704,88.25,113.0,224.0,2025,11,45,4
164,2025-11-10,26,250.0,0.3333333333333333,350,81.0,59.0,53.0,333.0,89.0,126.0,159.25,117.13916225299432,122.5,-22.0,112.0,2025,11,46,4
164,2025-12-01,169,250.0,0.0,350,81.0,59.0,53.0,26.0,333.0,89.0,134.25,135.7875178357716,108.375,-22.0,112.0,2025,12,49,4
164,2025-12-08,42,250.0,0.2,350,81.0,222.0,64.0,169.0,26.0,89.0,154.25,132.75886662165607,125.25,141.0,286.0,2025,12,50,4
165,2024-12-30,98,0.0,0.0,900,0.0,0.0,0.0,0.0,0.0,0.0,0.0,0.0,0.0,0.0,0.0,2024,12,1,4
165,2025-01-06,239,250.0,0.0,900,71.0,164.0,2.0,98.0,0.0,0.0,98.0,0.0,98.0,93.0,166.0,2025,1,2,1
165,2025-01-27,87,250.0,0.25,900,71.0,242.0,31.0,239.0,98.0,0.0,168.5,99.7020561473032,168.5,171.0,273.0,2025,1,5,1
165,2025-02-03,125,250.0,1.0,900,71.0,242.0,31.0,87.0,239.0,0.0,141.33333333333334,84.76044675043504,141.33333333333334,171.0,273.0,2025,2,6,1
165,2025-02-10,24,250.0,0.25,900,71.0,103.0,99.0,125.0,87.0,98.0,137.25,69.68679932383178,137.25,32.0,202.0,2025,2,7,1
165,2025-02-24,94,250.0,0.0,900,71.0,103.0,99.0,24.0,125.0,239.0,118.75,90.341481797308,114.6,32.0,202.0,2025,2,9,1
165,2025-03-03,89,250.0,0.5,900,71.0,103.0,99.0,94.0,24.0,87.0,82.5,42.35170205159016,111.16666666666667,32.0,202.0,2025,3,10,1
165,2025-03-10,70,250.0,0.25,900,71.0,172.0,24.0,89.0,94.0,125.0,83.0,42.4342628858646,108.0,101.0,196.0,2025,3,11,1
165,2025-03-31,82,250.0,0.5,900,71.0,172.0,24.0,70.0,89.0,24.0,69.25,31.889130854676264,103.25,101.0,196.0,2025,3,14,1
165,2025-04-07,162,250.0,0.3333333333333333,900,71.0,112.0,71.0,82.0,70.0,94.0,83.75,10.404326023342367,101.25,41.0,183.0,2025,4,15,2
165,2025-04-28,207,250.0,0.75,900,71.0,112.0,71.0,162.0,82.0,89.0,100.75,41.58024370619617,91.625,41.0,183.0,2025,4,18,2
165,2025-05-05,116,250.0,0.5,900,71.0,112.0,71.0,207.0,162.0,70.0,130.25,65.46436689782719,106.625,41.0,183.0,2025,5,19,2
165,2025-06-02,130,250.0,0.3333333333333333,900,71.0,186.0,55.0,116.0,207.0,82.0,141.75,54.469410375610515,105.5,115.0,241.0,2025,6,23,2
165,2025-06-09,42,250.0,1.0,900,71.0,225.0,19.0,130.0,116.0,162.0,153.75,40.38460927960881,118.75,154.0,244.0,2025,6,24,2
165,2025-06-30,69,250.0,1.0,900,71.0,225.0,19.0,42.0,130.0,207.0,123.75,67.60855468553271,112.25,154.0,244.0,2025,6,27,2
165,2025-07-07,106,250.0,0.5,900,71.0,233.0,91.0,69.0,42.0,116.0,89.25,40.90130397269341,109.75,162.0,324.0,2025,7,28,3
165,2025-08-04,289,250.0,0.5,900,71.0,102.0,60.0,106.0,69.0,130.0,86.75,38.981833375731995,114.25,31.0,162.0,2025,8,32,3
165,2025-08-11,82,250.0,0.4,900,71.0,141.0,72.0,289.0,106.0,42.0,126.5,111.46449359923245,140.125,70.0,213.0,2025,8,33,3
165,2025-09-01,86,250.0,0.0,900,71.0,214.0,55.0,82.0,289.0,69.0,136.5,102.81536850101739,130.125,143.0,269.0,2025,9,36,3
165,2025-09-08,35,250.0,0.5,900,71.0,214.0,55.0,86.0,82.0,106.0,140.75,99.38938575119579,115.0,143.0,269.0,2025,9,37,3
165,2025-09-29,79,250.0,0.0,900,71.0,104.0,73.0,35.0,86.0,289.0,123.0,113.06340404097753,104.875,33.0,177.0,2025,9,40,3
165,2025-10-06,80,250.0,1.0,900,71.0,81.0,29.0,79.0,35.0,82.0,70.5,23.83974272791828,98.5,10.0,110.0,2025,10,41,4
165,2025-10-27,63,250.0,0.0,900,71.0,81.0,29.0,80.0,79.0,86.0,70.0,23.53720459187962,103.25,10.0,110.0,2025,10,44,4
165,2025-11-03,126,250.0,0.5,900,71.0,16.0,27.0,63.0,80.0,35.0,64.25,20.99801577927462,102.5,-55.0,43.0,2025,11,45,4
165,2025-11-10,19,250.0,0.2,900,71.0,171.0,45.0,126.0,63.0,79.0,87.0,27.141603981096363,105.0,100.0,216.0,2025,11,46,4
165,2025-12-01,68,250.0,0.0,900,71.0,171.0,45.0,19.0,126.0,80.0,72.0,44.234225060089685,71.25,100.0,216.0,2025,12,49,4
165,2025-12-08,97,250.0,0.0,900,71.0,166.0,80.0,68.0,19.0,63.0,69.0,43.91658760271187,69.5,95.0,246.0,2025,12,50,4
166,2024-12-30,56,0.0,0.0,850,0.0,0.0,0.0,0.0,0.0,0.0,0.0,0.0,0.0,0.0,0.0,2024,12,1,4
166,2025-01-06,96,850.0,0.0,850,64.0,0.0,0.0,56.0,0.0,0.0,56.0,0.0,56.0,0.0,0.0,2025,1,2,1
166,2025-01-27,119,850.0,1.0,850,64.0,140.0,84.0,96.0,56.0,0.0,76.0,28.284271247461902,76.0,76.0,224.0,2025,1,5,1
166,2025-02-03,101,850.0,0.5,850,64.0,140.0,84.0,119.0,96.0,0.0,90.33333333333333,31.87998327059369,90.33333333333333,76.0,224.0,2025,2,6,1
166,2025-02-10,50,850.0,0.0,850,64.0,175.0,83.0,101.0,119.0,56.0,93.0,26.570660511172846,93.0,111.0,258.0,2025,2,7,1
166,2025-03-03,139,850.0,1.0,850,64.0,175.0,83.0,50.0,101.0,96.0,91.5,29.376861643136763,84.4,111.0,258.0,2025,3,10,1
166,2025-03-10,135,850.0,0.0,850,64.0,168.0,88.0,139.0,50.0,119.0,102.25,38.13462993133669,93.5,104.0,256.0,2025,3,11,1
166,2025-03-31,57,850.0,0.6666666666666666,850,64.0,197.0,86.0,135.0,139.0,101.0,106.25,41.19364837771312,99.42857142857143,133.0,283.0,2025,3,14,1
166,2025-04-07,74,850.0,0.5,850,64.0,41.0,88.0,57.0,135.0,50.0,95.25,48.320975431655626,94.125,-23.0,129.0,2025,4,15,2
166,2025-04-28,129,850.0,0.0,850,64.0,41.0,88.0,74.0,57.0,139.0,101.25,41.891725515508035,96.375,-23.0,129.0,2025,4,18,2
166,2025-05-05,178,850.0,0.3333333333333333,850,64.0,175.0,84.0,129.0,74.0,135.0,98.75,39.092838218783754,100.5,111.0,259.0,2025,5,19,2
166,2025-06-02,169,850.0,0.4,850,64.0,141.0,83.0,178.0,129.0,57.0,109.5,55.04240789306611,107.875,77.0,224.0,2025,6,23,2
166,2025-06-09,62,850.0,0.5,850,64.0,46.0,8.0,169.0,178.0,74.0,137.5,47.388465544546456,116.375,-18.0,54.0,2025,6,24,2
166,2025-06-30,144,850.0,0.5,850,64.0,154.0,58.0,62.0,169.0,129.0,134.5,52.817295147202174,117.875,90.0,212.0,2025,6,27,2
166,2025-07-07,105,850.0,0.2,850,64.0,211.0,26.0,144.0,62.0,178.0,138.25,52.82912706705144,118.5,147.0,237.0,2025,7,28,3
166,2025-07-28,40,850.0,0.3333333333333333,850,64.0,211.0,26.0,105.0,144.0,169.0,120.0,46.783187863447985,114.75,147.0,237.0,2025,7,31,3
166,2025-08-04,200,850.0,1.0,850,64.0,211.0,26.0,40.0,105.0,62.0,87.75,46.205158442176845,112.625,147.0,237.0,2025,8,32,3
166,2025-08-11,25,850.0,0.0,850,64.0,211.0,26.0,200.0,40.0,144.0,122.25,67.28236519822016,128.375,147.0,237.0,2025,8,33,3
166,2025-09-01,145,850.0,0.0,850,64.0,165.0,76.0,25.0,200.0,105.0,92.5,79.6345821026686,115.375,101.0,241.0,2025,9,36,3
166,2025-09-08,76,850.0,0.25,850,64.0,66.0,45.0,145.0,25.0,40.0,102.5,84.1130192063036,111.25,2.0,111.0,2025,9,37,3
166,2025-09-29,128,850.0,0.0,850,64.0,66.0,45.0,76.0,145.0,200.0,111.5,76.8049477572897,99.625,2.0,111.0,2025,9,40,3
166,2025-10-06,155,850.0,0.25,850,64.0,105.0,95.0,128.0,76.0,25.0,93.5,54.286278192559855,107.875,41.0,200.0,2025,10,41,4
166,2025-10-27,48,850.0,0.6666666666666666,850,64.0,142.0,10.0,155.0,128.0,145.0,126.0,35.14730904825195,109.25,78.0,152.0,2025,10,44,4
166,2025-11-03,118,850.0,0.0,850,64.0,22.0,52.0,48.0,155.0,76.0,101.75,48.568679894214405,102.125,-42.0,74.0,2025,11,45,4
166,2025-11-10,26,850.0,0.25,850,64.0,144.0,15.0,118.0,48.0,128.0,112.25,45.595138629755986,111.875,80.0,159.0,2025,11,46,4
166,2025-12-01,48,850.0,0.0,850,64.0,84.0,11.0,26.0,118.0,155.0,86.75,60.07425960148545,90.125,20.0,95.0,2025,12,49,4
166,2025-12-08,137,850.0,0.0,850,64.0,118.0,25.0,48.0,26.0,48.0,60.0,40.033319456006474,93.0,54.0,143.0,2025,12,50,4
167,2024-12-30,73,0.0,0.0,350,0.0,0.0,0.0,0.0,0.0,0.0,0.0,0.0,0.0,0.0,0.0,2024,12,1,4
167,2025-01-06,73,450.0,0.0,350,65.0,170.0,74.0,73.0,0.0,0.0,73.0,0.0,73.0,105.0,244.0,2025,1,2,1
167,2025-01-27,65,450.0,0.5,350,65.0,25.0,79.0,73.0,73.0,0.0,73.0,0.0,73.0,-40.0,104.0,2025,1,5,1
167,2025-02-03,142,450.0,0.0,350,65.0,25.0,79.0,65.0,73.0,0.0,70.33333333333333,4.618802153517004,70.33333333333333,-40.0,104.0,2025,2,6,1
167,2025-02-10,31,450.0,0.3333333333333333,350,65.0,176.0,9.0,142.0,65.0,73.0,88.25,36.03123644839294,88.25,111.0,185.0,2025,2,7,1
167,2025-02-24,41,450.0,0.0,350,65.0,119.0,13.0,31.0,142.0,73.0,77.75,46.542990879400946,76.8,54.0,132.0,2025,2,9,1
167,2025-03-03,210,450.0,0.0,350,65.0,128.0,83.0,41.0,31.0,65.0,69.75,50.235279767642716,70.83333333333333,63.0,211.0,2025,3,10,1
167,2025-03-10,26,450.0,0.6,350,65.0,117.0,74.0,210.0,41.0,142.0,106.0,85.56089449431128,90.71428571428571,52.0,191.0,2025,3,11,1
167,2025-03-31,84,450.0,0.0,350,65.0,142.0,51.0,26.0,210.0,31.0,77.0,88.88569438704222,82.625,77.0,193.0,2025,3,14,1
167,2025-04-07,99,450.0,0.0,350,65.0,132.0,87.0,84.0,26.0,41.0,90.25,83.53193002279629,84.0,67.0,219.0,2025,4,15,2
167,2025-04-28,84,450.0,0.0,350,65.0,67.0,90.0,99.0,84.0,210.0,104.75,76.90416113579292,87.25,2.0,157.0,2025,4,18,2
167,2025-05-05,173,450.0,0.0,350,65.0,216.0,24.0,84.0,99.0,26.0,73.25,32.283896914715875,89.625,151.0,240.0,2025,5,19,2
167,2025-05-26,28,450.0,0.75,350,65.0,139.0,63.0,173.0,84.0,84.0,110.0,42.59107887809372,93.5,74.0,202.0,2025,5,22,2
167,2025-06-02,145,450.0,0.0,350,65.0,139.0,63.0,28.0,173.0,99.0,96.0,59.73831824437869,93.125,74.0,202.0,2025,6,23,2
167,2025-06-09,48,450.0,0.0,350,65.0,144.0,4.0,145.0,28.0,84.0,107.5,64.72763448996625,106.125,79.0,148.0,2025,6,24,2
167,2025-06-30,37,450.0,0.5,350,65.0,36.0,34.0,48.0,145.0,173.0,98.5,71.2577481167253,85.875,-29.0,70.0,2025,6,27,2
167,2025-07-07,73,450.0,0.0,350,65.0,212.0,100.0,37.0,48.0,28.0,64.5,54.28627819255987,87.25,147.0,312.0,2025,7,28,3
167,2025-07-28,98,450.0,0.0,350,65.0,212.0,100.0,73.0,37.0,145.0,75.75,48.561816275753124,85.875,147.0,312.0,2025,7,31,3
167,2025-08-04,37,450.0,1.0,350,65.0,170.0,84.0,98.0,73.0,48.0,64.0,27.215191835933613,85.75,105.0,254.0,2025,8,32,3
167,2025-08-11,43,450.0,0.0,350,65.0,140.0,92.0,37.0,98.0,37.0,61.25,29.80352328165247,79.875,75.0,232.0,2025,8,33,3
167,2025-09-01,232,450.0,1.0,350,65.0,140.0,92.0,43.0,37.0,73.0,62.75,28.288690319631286,63.625,75.0,232.0,2025,9,36,3
167,2025-09-08,96,450.0,0.2857142857142857,350,65.0,118.0,0.0,232.0,43.0,98.0,102.5,90.59249417032296,89.125,53.0,118.0,2025,9,37,3
167,2025-09-29,24,450.0,0.0,350,65.0,44.0,17.0,96.0,232.0,37.0,102.0,90.6311204829776,83.0,-21.0,61.0,2025,9,40,3
167,2025-10-06,52,450.0,0.0,350,65.0,166.0,19.0,24.0,96.0,43.0,98.75,93.9126367073853,80.0,101.0,185.0,2025,10,41,4
167,2025-10-27,64,450.0,0.0,350,65.0,95.0,5.0,52.0,24.0,232.0,101.0,92.2243640982866,81.875,30.0,100.0,2025,10,44,4
167,2025-11-03,74,450.0,0.0,350,65.0,107.0,96.0,64.0,52.0,96.0,59.0,29.821692328460063,80.75,42.0,203.0,2025,11,45,4
167,2025-11-10,20,450.0,0.5,350,65.0,107.0,96.0,74.0,64.0,24.0,53.5,21.625602111078138,77.75,42.0,203.0,2025,11,46,4
167,2025-12-01,176,450.0,0.0,350,65.0,110.0,23.0,20.0,74.0,52.0,52.5,23.459184413217223,75.625,45.0,133.0,2025,12,49,4
167,2025-12-08,138,450.0,0.2,350,65.0,117.0,16.0,176.0,20.0,64.0,83.5,65.97726881282675,92.25,52.0,133.0,2025,12,50,4
168,2024-12-30,70,0.0,0.0,1500,0.0,0.0,0.0,0.0,0.0,0.0,0.0,0.0,0.0,0.0,0.0,2024,12,1,4
168,2025-01-06,57,650.0,0.5,1500,44.0,94.0,92.0,70.0,0.0,0.0,70.0,0.0,70.0,50.0,186.0,2025,1,2,1
168,2025-01-27,45,650.0,0.0,1500,44.0,94.0,92.0,57.0,70.0,0.0,63.5,9.192388155425117,63.5,50.0,186.0,2025,1,5,1
168,2025-02-03,97,650.0,0.0,1500,44.0,125.0,82.0,45.0,57.0,0.0,57.333333333333336,12.50333288900737,57.333333333333336,81.0,207.0,2025,2,6,1
168,2025-02-10,104,650.0,0.3333333333333333,1500,44.0,125.0,82.0,97.0,45.0,70.0,67.25,22.306576010973384,67.25,81.0,207.0,2025,2,7,1
168,2025-02-24,71,650.0,1.0,1500,44.0,172.0,31.0,104.0,97.0,57.0,75.75,29.136174537276965,74.6,128.0,203.0,2025,2,9,1
168,2025-03-03,104,650.0,1.0,1500,44.0,194.0,91.0,71.0,104.0,45.0,79.25,26.88710967483613,74.0,150.0,285.0,2025,3,10,1
168,2025-03-10,90,650.0,0.0,1500,44.0,56.0,17.0,104.0,71.0,97.0,94.0,15.684387141358119,78.28571428571429,12.0,73.0,2025,3,11,1
168,2025-03-31,27,650.0,1.0,1500,44.0,205.0,40.0,90.0,104.0,104.0,92.25,15.62849960808778,79.75,161.0,245.0,2025,3,14,1
168,2025-04-07,57,650.0,0.0,1500,44.0,205.0,40.0,27.0,90.0,71.0,73.0,33.51616525399845,74.375,161.0,245.0,2025,4,15,2
168,2025-04-28,94,650.0,0.0,1500,44.0,121.0,54.0,57.0,27.0,104.0,69.5,34.51086785347479,74.375,77.0,175.0,2025,4,18,2
168,2025-05-05,160,650.0,0.5,1500,44.0,147.0,48.0,94.0,57.0,90.0,67.0,31.40063693621516,80.5,103.0,195.0,2025,5,19,2
168,2025-06-02,91,650.0,0.5,1500,44.0,46.0,86.0,160.0,94.0,27.0,84.5,57.309103407166766,88.375,2.0,132.0,2025,6,23,2
168,2025-06-09,145,650.0,0.3333333333333333,1500,44.0,37.0,9.0,91.0,160.0,57.0,100.5,43.069710934716056,86.75,-7.0,46.0,2025,6,24,2
168,2025-06-30,68,650.0,0.0,1500,44.0,37.0,9.0,145.0,91.0,94.0,122.5,35.19943181359608,96.0,-7.0,46.0,2025,6,27,2
168,2025-07-07,59,650.0,0.0,1500,44.0,72.0,78.0,68.0,145.0,160.0,116.0,43.61192497471305,91.5,28.0,150.0,2025,7,28,3
168,2025-07-28,59,650.0,0.5,1500,44.0,217.0,50.0,59.0,68.0,91.0,90.75,38.595120589698034,87.625,173.0,267.0,2025,7,31,3
168,2025-08-04,90,650.0,0.5,1500,44.0,123.0,55.0,59.0,59.0,145.0,82.75,41.716303767232304,91.625,79.0,178.0,2025,8,32,3
168,2025-09-01,148,650.0,0.6666666666666666,1500,44.0,74.0,45.0,90.0,59.0,68.0,69.0,14.628738838327793,95.75,30.0,119.0,2025,9,36,3
168,2025-09-08,37,650.0,1.0,1500,44.0,84.0,21.0,148.0,90.0,59.0,89.0,41.960298696108765,102.5,40.0,105.0,2025,9,37,3
168,2025-09-29,205,650.0,0.0,1500,44.0,150.0,53.0,37.0,148.0,59.0,83.5,48.183676350675725,87.125,106.0,203.0,2025,9,40,3
168,2025-10-06,219,650.0,0.25,1500,44.0,214.0,71.0,205.0,37.0,90.0,120.0,72.56721022610694,101.375,170.0,285.0,2025,10,41,4
168,2025-11-10,74,650.0,0.4,1500,44.0,214.0,71.0,219.0,205.0,148.0,152.25,82.74206910635,110.625,170.0,285.0,2025,11,46,4
168,2025-12-01,80,650.0,0.5,1500,44.0,162.0,58.0,74.0,219.0,37.0,133.75,91.78734480671432,111.375,118.0,220.0,2025,12,49,4
168,2025-12-08,133,650.0,0.0,1500,44.0,162.0,58.0,80.0,74.0,205.0,144.5,78.18993967683225,114.0,118.0,220.0,2025,12,50,4
169,2024-12-30,17,0.0,0.0,900,0.0,0.0,0.0,0.0,0.0,0.0,0.0,0.0,0.0,0.0,0.0,2024,12,1,4
169,2025-01-06,216,250.0,0.0,900,22.0,108.0,5.0,17.0,0.0,0.0,17.0,0.0,17.0,86.0,113.0,2025,1,2,1
169,2025-01-27,46,250.0,0.4,900,22.0,142.0,92.0,216.0,17.0,0.0,116.5,140.71424945612296,116.5,120.0,234.0,2025,1,5,1
169,2025-02-03,137,250.0,0.0,900,22.0,123.0,62.0,46.0,216.0,0.0,93.0,107.50348831549607,93.0,101.0,185.0,2025,2,6,1
169,2025-02-10,48,250.0,0.25,900,22.0,90.0,65.0,137.0,46.0,17.0,104.0,90.49125187921022,104.0,68.0,155.0,2025,2,7,1
169,2025-03-03,107,250.0,0.0,900,22.0,90.0,65.0,48.0,137.0,216.0,111.75,81.43044066359133,92.8,68.0,155.0,2025,3,10,1
169,2025-03-10,76,250.0,0.5,900,22.0,205.0,68.0,107.0,48.0,46.0,84.5,45.00740679784458,95.16666666666667,183.0,273.0,2025,3,11,1
169,2025-03-31,151,250.0,0.5,900,22.0,205.0,68.0,76.0,107.0,137.0,92.0,38.47943173523573,92.42857142857143,183.0,273.0,2025,3,14,1
169,2025-04-07,229,250.0,0.5,900,22.0,154.0,68.0,151.0,76.0,48.0,95.5,44.15502991355194,99.75,132.0,222.0,2025,4,15,2
169,2025-04-28,46,250.0,0.4,900,22.0,210.0,10.0,229.0,151.0,107.0,140.75,66.39465339920075,126.25,188.0,220.0,2025,4,18,2
169,2025-05-05,176,250.0,0.0,900,22.0,39.0,80.0,46.0,229.0,76.0,125.5,81.92069335644078,105.0,17.0,119.0,2025,5,19,2
169,2025-05-12,53,250.0,0.0,900,22.0,70.0,44.0,176.0,46.0,151.0,150.5,76.8830280361017,121.25,48.0,114.0,2025,5,20,2
169,2025-06-02,123,250.0,0.0,900,22.0,70.0,44.0,53.0,176.0,229.0,126.0,90.99084203002704,110.75,48.0,114.0,2025,6,23,2
169,2025-06-30,94,250.0,0.3333333333333333,900,22.0,93.0,76.0,123.0,53.0,46.0,99.5,61.72249724911223,120.125,71.0,169.0,2025,6,27,2
169,2025-07-07,97,250.0,0.5,900,22.0,237.0,60.0,94.0,123.0,176.0,111.5,51.707510737480554,118.5,215.0,297.0,2025,7,28,3
169,2025-07-28,75,250.0,0.6666666666666666,900,22.0,46.0,33.0,97.0,94.0,53.0,91.75,28.929512036442418,121.125,24.0,79.0,2025,7,31,3
169,2025-08-04,148,250.0,0.0,900,22.0,46.0,33.0,75.0,97.0,123.0,97.25,19.737865470545017,111.625,24.0,79.0,2025,8,32,3
169,2025-09-01,128,250.0,0.3333333333333333,900,22.0,37.0,24.0,148.0,75.0,94.0,103.5,31.22498999199199,101.5,15.0,61.0,2025,9,36,3
169,2025-09-08,20,250.0,0.25,900,22.0,140.0,16.0,128.0,148.0,97.0,112.0,32.38312317653544,111.75,118.0,156.0,2025,9,37,3
169,2025-09-29,312,250.0,0.0,900,22.0,32.0,28.0,20.0,128.0,75.0,92.75,57.45360447062192,92.25,10.0,60.0,2025,9,40,3
169,2025-10-06,86,250.0,1.0,900,22.0,35.0,93.0,312.0,20.0,148.0,152.0,120.57639348838836,124.625,13.0,128.0,2025,10,41,4
169,2025-11-03,51,250.0,0.3333333333333333,900,22.0,129.0,93.0,86.0,312.0,128.0,136.5,125.15989773086265,120.0,107.0,222.0,2025,11,45,4
169,2025-12-01,102,250.0,0.0,900,22.0,67.0,72.0,51.0,86.0,20.0,117.25,132.6031045388204,114.625,45.0,139.0,2025,12,49,4
169,2025-12-08,121,250.0,0.0,900,22.0,104.0,82.0,102.0,51.0,312.0,137.75,118.10270953708047,115.25,82.0,186.0,2025,12,50,4
170,2024-12-30,115,0.0,0.0,600,0.0,0.0,0.0,0.0,0.0,0.0,0.0,0.0,0.0,0.0,0.0,2024,12,1,4
170,2025-01-27,81,250.0,0.3333333333333333,600,55.0,104.0,24.0,115.0,0.0,0.0,115.0,0.0,115.0,49.0,128.0,2025,1,5,1
170,2025-02-03,177,250.0,0.5,600,55.0,137.0,19.0,81.0,115.0,0.0,98.0,24.041630560342615,98.0,82.0,156.0,2025,2,6,1
170,2025-02-10,65,250.0,0.2,600,55.0,99.0,69.0,177.0,81.0,0.0,124.33333333333333,48.67579823005816,124.33333333333333,44.0,168.0,2025,2,7,1
170,2025-03-03,171,250.0,0.5,600,55.0,191.0,99.0,65.0,177.0,115.0,109.5,49.59502663238187,109.5,136.0,290.0,2025,3,10,1
170,2025-03-10,53,250.0,0.2,600,55.0,237.0,50.0,171.0,65.0,81.0,123.5,58.728187440104094,121.8,182.0,287.0,2025,3,11,1
170,2025-03-31,27,250.0,0.0,600,55.0,156.0,85.0,53.0,171.0,177.0,116.5,66.62081756728398,110.33333333333333,101.0,241.0,2025,3,14,1
170,2025-04-07,160,250.0,1.0,600,55.0,156.0,85.0,27.0,53.0,65.0,79.0,63.350874763757865,98.42857142857143,101.0,241.0,2025,4,15,2
170,2025-04-28,78,250.0,0.2,600,55.0,149.0,71.0,160.0,27.0,171.0,102.75,73.36836284575708,106.125,94.0,220.0,2025,4,18,2
170,2025-05-05,57,250.0,0.0,600,55.0,242.0,87.0,78.0,160.0,53.0,79.5,57.56445662617399,101.5,187.0,329.0,2025,5,19,2
170,2025-05-12,24,250.0,0.0,600,55.0,197.0,36.0,57.0,78.0,27.0,80.5,56.9824534396335,98.5,142.0,233.0,2025,5,20,2
170,2025-06-02,95,250.0,0.0,600,55.0,139.0,24.0,24.0,57.0,160.0,79.75,57.93315113128234,79.375,84.0,163.0,2025,6,23,2
170,2025-06-09,88,250.0,0.5,600,55.0,154.0,38.0,95.0,24.0,78.0,63.5,30.577769702841312,83.125,99.0,192.0,2025,6,24,2
170,2025-06-30,98,250.0,0.3333333333333333,600,55.0,229.0,29.0,88.0,95.0,57.0,66.0,32.506409624359726,72.75,174.0,258.0,2025,6,27,2
170,2025-07-07,208,250.0,0.6666666666666666,600,55.0,14.0,86.0,98.0,88.0,24.0,76.25,35.08442199419376,78.375,-41.0,100.0,2025,7,28,3
170,2025-07-28,16,250.0,0.25,600,55.0,14.0,86.0,208.0,98.0,95.0,122.25,57.32000814142766,101.0,-41.0,100.0,2025,7,31,3
170,2025-08-04,49,250.0,0.0,600,55.0,14.0,86.0,16.0,208.0,88.0,102.5,79.25276020429824,83.0,-41.0,100.0,2025,8,32,3
170,2025-09-01,216,250.0,0.0,600,55.0,14.0,86.0,49.0,16.0,98.0,92.75,83.89427870838392,79.375,-41.0,100.0,2025,9,36,3
170,2025-09-08,21,250.0,0.2,600,55.0,150.0,90.0,216.0,49.0,208.0,122.25,104.55740050326423,99.25,95.0,240.0,2025,9,37,3
170,2025-09-29,149,250.0,0.0,600,55.0,51.0,78.0,21.0,216.0,16.0,75.5,94.78572325689842,98.875,-4.0,129.0,2025,9,40,3
170,2025-10-06,128,250.0,0.0,600,55.0,12.0,15.0,149.0,21.0,49.0,108.75,90.17159567550453,105.625,-43.0,27.0,2025,10,41,4
170,2025-10-27,80,250.0,0.25,600,55.0,81.0,36.0,128.0,149.0,216.0,128.5,80.89705392245958,110.625,26.0,117.0,2025,10,44,4
170,2025-11-03,151,250.0,1.0,600,55.0,230.0,55.0,80.0,128.0,21.0,94.5,56.87706040223949,108.375,175.0,285.0,2025,11,45,4
170,2025-11-10,22,250.0,0.25,600,55.0,88.0,23.0,151.0,80.0,149.0,127.0,33.015148038438355,101.25,33.0,111.0,2025,11,46,4
170,2025-12-01,52,250.0,0.0,600,55.0,151.0,95.0,22.0,151.0,128.0,95.25,57.09276077869534,102.0,96.0,246.0,2025,12,49,4
170,2025-12-08,95,250.0,0.0,600,55.0,72.0,53.0,52.0,22.0,80.0,76.25,55.174722473248565,102.375,17.0,125.0,2025,12,50,4
171,2024-12-30,220,0.0,0.0,2200,0.0,0.0,0.0,0.0,0.0,0.0,0.0,0.0,0.0,0.0,0.0,2024,12,1,4
171,2025-01-06,173,700.0,0.75,2200,37.0,0.0,0.0,220.0,0.0,0.0,220.0,0.0,220.0,0.0,0.0,2025,1,2,1
171,2025-01-27,25,700.0,0.25,2200,37.0,204.0,44.0,173.0,220.0,0.0,196.5,33.23401871576773,196.5,167.0,248.0,2025,1,5,1
171,2025-02-03,109,700.0,0.0,2200,37.0,64.0,21.0,25.0,173.0,0.0,139.33333333333334,101.76607162180004,139.33333333333334,27.0,85.0,2025,2,6,1
171,2025-02-10,49,700.0,0.0,2200,37.0,139.0,78.0,109.0,25.0,220.0,131.75,84.46448957994123,131.75,102.0,217.0,2025,2,7,1
171,2025-02-24,21,700.0,0.0,2200,37.0,184.0,59.0,49.0,109.0,173.0,89.0,66.2117814289874,115.2,147.0,243.0,2025,2,9,1
171,2025-03-10,141,700.0,0.0,2200,37.0,125.0,86.0,21.0,49.0,25.0,51.0,40.59556626036888,99.5,88.0,211.0,2025,3,11,1
171,2025-03-31,51,700.0,0.3333333333333333,2200,37.0,158.0,16.0,141.0,21.0,109.0,80.0,54.78442601080469,105.42857142857143,121.0,174.0,2025,3,14,1
171,2025-04-07,89,700.0,0.0,2200,37.0,228.0,49.0,51.0,141.0,49.0,65.5,52.1632054229799,98.625,191.0,277.0,2025,4,15,2
171,2025-05-05,75,700.0,1.0,2200,37.0,126.0,69.0,89.0,51.0,21.0,75.5,51.77837386399847,82.25,89.0,195.0,2025,5,19,2
171,2025-06-02,129,700.0,1.0,2200,37.0,126.0,69.0,75.0,89.0,141.0,89.0,38.05259518088089,70.0,89.0,195.0,2025,6,23,2
171,2025-06-09,86,700.0,0.0,2200,37.0,226.0,86.0,129.0,75.0,51.0,86.0,32.68026927673638,83.0,189.0,312.0,2025,6,24,2
171,2025-06-30,81,700.0,0.0,2200,37.0,128.0,99.0,86.0,129.0,89.0,94.75,23.61320252175323,80.125,91.0,227.0,2025,6,27,2
171,2025-07-07,95,700.0,0.0,2200,37.0,128.0,99.0,81.0,86.0,75.0,92.75,24.581497106563706,84.125,91.0,227.0,2025,7,28,3
171,2025-07-28,83,700.0,0.0,2200,37.0,50.0,1.0,95.0,81.0,129.0,97.75,21.62367529661258,93.375,13.0,51.0,2025,7,31,3
171,2025-08-04,138,700.0,0.5,2200,37.0,27.0,17.0,83.0,95.0,86.0,86.25,6.184658438426461,86.125,-10.0,44.0,2025,8,32,3
171,2025-08-11,96,700.0,0.5,2200,37.0,111.0,38.0,138.0,83.0,81.0,99.25,26.56281862553997,97.0,74.0,149.0,2025,8,33,3
171,2025-09-01,148,700.0,0.5,2200,37.0,220.0,43.0,96.0,138.0,95.0,103.0,24.069344264714257,97.875,183.0,263.0,2025,9,36,3
171,2025-09-08,56,700.0,0.75,2200,37.0,247.0,48.0,148.0,96.0,83.0,116.25,31.60564295607141,107.0,210.0,295.0,2025,9,37,3
171,2025-09-29,110,700.0,0.0,2200,37.0,247.0,48.0,56.0,148.0,138.0,109.5,42.18609565563832,97.875,210.0,295.0,2025,9,40,3
171,2025-10-06,200,700.0,0.0,2200,37.0,152.0,11.0,110.0,56.0,96.0,102.5,37.99561378194418,100.875,115.0,163.0,2025,10,41,4
171,2025-10-27,39,700.0,0.16666666666666666,2200,37.0,164.0,93.0,200.0,110.0,148.0,128.5,60.802960454241045,115.75,127.0,257.0,2025,10,44,4
171,2025-11-03,199,700.0,0.0,2200,37.0,164.0,93.0,39.0,200.0,56.0,101.25,72.45860887430837,108.75,127.0,257.0,2025,11,45,4
171,2025-11-10,43,700.0,0.3333333333333333,2200,37.0,204.0,65.0,199.0,39.0,110.0,137.0,77.77317446695015,123.25,167.0,269.0,2025,11,46,4
171,2025-12-01,172,700.0,1.0,2200,37.0,204.0,65.0,43.0,199.0,200.0,120.25,91.52549735820432,111.375,167.0,269.0,2025,12,49,4
171,2025-12-08,108,700.0,0.0,2200,37.0,73.0,72.0,172.0,43.0,39.0,113.25,84.16798678832707,120.875,36.0,145.0,2025,12,50,4
172,2024-12-30,42,0.0,0.0,550,0.0,0.0,0.0,0.0,0.0,0.0,0.0,0.0,0.0,0.0,0.0,2024,12,1,4
172,2025-01-06,167,850.0,1.0,550,53.0,183.0,92.0,42.0,0.0,0.0,42.0,0.0,42.0,130.0,275.0,2025,1,2,1
172,2025-01-27,32,850.0,0.6666666666666666,550,53.0,41.0,65.0,167.0,42.0,0.0,104.5,88.38834764831844,104.5,-12.0,106.0,2025,1,5,1
172,2025-02-03,132,850.0,0.0,550,53.0,41.0,65.0,32.0,167.0,0.0,80.33333333333333,75.22189397597839,80.33333333333333,-12.0,106.0,2025,2,6,1
172,2025-02-10,21,850.0,0.2,550,53.0,216.0,38.0,132.0,32.0,42.0,93.25,66.63019835880225,93.25,163.0,254.0,2025,2,7,1
172,2025-03-03,172,850.0,0.0,550,53.0,216.0,38.0,21.0,132.0,167.0,88.0,72.57639653036883,78.8,163.0,254.0,2025,3,10,1
172,2025-03-10,116,850.0,0.6,550,53.0,73.0,5.0,172.0,21.0,32.0,89.25,74.41046073413783,94.33333333333333,20.0,78.0,2025,3,11,1
172,2025-03-31,101,850.0,0.6666666666666666,550,53.0,113.0,55.0,116.0,172.0,132.0,110.25,63.991535898637935,97.42857142857143,60.0,168.0,2025,3,14,1
172,2025-04-07,54,850.0,0.3333333333333333,550,53.0,236.0,78.0,101.0,116.0,21.0,102.5,62.33511583904106,97.875,183.0,314.0,2025,4,15,2
172,2025-04-28,81,850.0,0.5,550,53.0,242.0,16.0,54.0,101.0,172.0,110.75,48.63040886797753,99.375,189.0,258.0,2025,4,18,2
172,2025-05-05,99,850.0,0.0,550,53.0,242.0,16.0,81.0,54.0,116.0,88.0,26.8203902531886,88.625,189.0,258.0,2025,5,19,2
172,2025-06-02,153,850.0,0.25,550,53.0,154.0,44.0,99.0,81.0,101.0,83.75,21.777281740382584,97.0,101.0,198.0,2025,6,23,2
172,2025-06-09,81,850.0,0.0,550,53.0,95.0,13.0,153.0,99.0,54.0,96.75,41.81207959429907,99.625,42.0,108.0,2025,6,24,2
172,2025-06-30,55,850.0,0.5,550,53.0,202.0,21.0,81.0,153.0,81.0,103.5,34.07345007480165,107.125,149.0,223.0,2025,6,27,2
172,2025-07-07,51,850.0,0.0,550,53.0,133.0,49.0,55.0,81.0,99.0,97.0,41.47288270665545,92.5,80.0,182.0,2025,7,28,3
172,2025-07-28,19,850.0,0.0,550,53.0,88.0,34.0,51.0,55.0,153.0,85.0,47.24404724407087,84.375,35.0,122.0,2025,7,31,3
172,2025-08-04,90,850.0,0.0,550,53.0,88.0,34.0,19.0,51.0,81.0,51.5,25.423086620891134,74.125,35.0,122.0,2025,8,32,3
172,2025-08-11,53,850.0,0.3333333333333333,550,53.0,116.0,13.0,90.0,19.0,55.0,53.75,29.044506078315976,78.625,63.0,129.0,2025,8,33,3
172,2025-09-01,165,850.0,0.0,550,53.0,116.0,13.0,53.0,90.0,51.0,53.25,29.03302717021887,75.125,63.0,129.0,2025,9,36,3
172,2025-09-08,100,850.0,0.75,550,53.0,95.0,22.0,165.0,53.0,19.0,81.75,62.617223402724164,83.375,42.0,117.0,2025,9,37,3
172,2025-10-06,49,850.0,0.3333333333333333,550,53.0,116.0,40.0,100.0,165.0,90.0,102.0,46.611872593435535,76.75,63.0,156.0,2025,10,41,4
172,2025-11-03,34,850.0,0.5,550,53.0,139.0,75.0,49.0,100.0,53.0,91.75,54.045505517727065,72.75,86.0,214.0,2025,11,45,4
172,2025-11-10,110,850.0,1.0,550,53.0,37.0,78.0,34.0,49.0,165.0,87.0,59.177698502053964,70.125,-16.0,115.0,2025,11,46,4
172,2025-12-01,63,850.0,0.5,550,53.0,29.0,88.0,110.0,34.0,100.0,73.25,37.39318119657647,77.5,-24.0,117.0,2025,12,49,4
172,2025-12-08,120,850.0,0.5,550,53.0,74.0,0.0,63.0,110.0,49.0,64.0,32.873494895837695,83.0,21.0,74.0,2025,12,50,4
173,2024-12-30,54,0.0,0.0,2200,0.0,0.0,0.0,0.0,0.0,0.0,0.0,0.0,0.0,0.0,0.0,2024,12,1,4
173,2025-01-06,135,1200.0,0.0,2200,89.0,46.0,34.0,54.0,0.0,0.0,54.0,0.0,54.0,-43.0,80.0,2025,1,2,1
173,2025-01-27,20,1200.0,0.6666666666666666,2200,89.0,126.0,75.0,135.0,54.0,0.0,94.5,57.27564927611035,94.5,37.0,201.0,2025,1,5,1
173,2025-02-03,128,1200.0,0.0,2200,89.0,130.0,79.0,20.0,135.0,0.0,69.66666666666667,59.07904309764448,69.66666666666667,41.0,209.0,2025,2,6,1
173,2025-02-10,25,1200.0,1.0,2200,89.0,48.0,62.0,128.0,20.0,54.0,84.25,56.370057063420944,84.25,-41.0,110.0,2025,2,7,1
173,2025-02-24,24,1200.0,0.0,2200,89.0,220.0,30.0,25.0,128.0,135.0,77.0,63.02909381124456,72.4,131.0,250.0,2025,2,9,1
173,2025-03-03,94,1200.0,0.0,2200,89.0,220.0,30.0,24.0,25.0,20.0,49.25,52.54442564789025,64.33333333333333,131.0,250.0,2025,3,10,1
173,2025-03-10,150,1200.0,0.0,2200,89.0,62.0,60.0,94.0,24.0,128.0,67.75,51.83547691173167,68.57142857142857,-27.0,122.0,2025,3,11,1
173,2025-03-31,85,1200.0,0.3333333333333333,2200,89.0,62.0,60.0,150.0,94.0,25.0,73.25,60.758401339512986,78.75,-27.0,122.0,2025,3,14,1
173,2025-04-07,154,1200.0,0.5,2200,89.0,62.0,60.0,85.0,150.0,24.0,88.25,51.59053530768346,82.625,-27.0,122.0,2025,4,15,2
173,2025-04-28,28,1200.0,0.6666666666666666,2200,89.0,24.0,52.0,154.0,85.0,94.0,120.75,36.307712679264164,85.0,-65.0,76.0,2025,4,18,2
173,2025-05-05,61,1200.0,0.0,2200,89.0,24.0,52.0,28.0,154.0,150.0,104.25,59.86860613042532,86.0,-65.0,76.0,2025,5,19,2
173,2025-05-12,66,1200.0,0.5,2200,89.0,118.0,79.0,61.0,28.0,85.0,82.0,53.38539126015655,77.625,29.0,197.0,2025,5,20,2
173,2025-05-26,47,1200.0,1.0,2200,89.0,118.0,79.0,66.0,61.0,154.0,77.25,53.87253474638074,82.75,29.0,197.0,2025,5,22,2
173,2025-06-02,93,1200.0,0.0,2200,89.0,118.0,79.0,47.0,66.0,28.0,50.5,17.019596548292995,85.625,29.0,197.0,2025,6,23,2
173,2025-06-09,101,1200.0,0.0,2200,89.0,95.0,18.0,93.0,47.0,61.0,66.75,19.259196937221105,85.5,6.0,113.0,2025,6,24,2
173,2025-06-30,24,1200.0,0.5,2200,89.0,25.0,72.0,101.0,93.0,66.0,76.75,24.851223980587626,79.375,-64.0,97.0,2025,6,27,2
173,2025-07-07,175,1200.0,0.0,2200,89.0,15.0,5.0,24.0,101.0,47.0,66.25,36.87252816574059,71.75,-74.0,20.0,2025,7,28,3
173,2025-07-28,74,1200.0,0.2,2200,89.0,238.0,53.0,175.0,24.0,93.0,98.25,61.74881915200214,74.375,149.0,291.0,2025,7,31,3
173,2025-08-04,123,1200.0,0.0,2200,89.0,143.0,2.0,74.0,175.0,101.0,93.5,63.00529078312921,80.125,54.0,145.0,2025,8,32,3
173,2025-08-11,39,1200.0,0.2,2200,89.0,143.0,2.0,123.0,74.0,24.0,99.0,64.81255022498858,87.875,54.0,145.0,2025,8,33,3
173,2025-09-01,176,1200.0,1.0,2200,89.0,91.0,75.0,39.0,123.0,175.0,102.75,59.21922548182023,84.5,2.0,166.0,2025,9,36,3
173,2025-09-08,97,1200.0,0.6666666666666666,2200,89.0,91.0,75.0,176.0,39.0,74.0,103.0,59.626615980896766,100.625,2.0,166.0,2025,9,37,3
173,2025-10-06,160,1200.0,1.0,2200,89.0,191.0,94.0,97.0,176.0,123.0,108.75,56.94661242485515,101.125,102.0,285.0,2025,10,41,4
173,2025-11-03,212,1200.0,0.5,2200,89.0,200.0,30.0,160.0,97.0,39.0,118.0,62.74286147974657,108.5,111.0,230.0,2025,11,45,4
173,2025-11-10,48,1200.0,0.25,2200,89.0,121.0,20.0,212.0,160.0,176.0,161.25,48.03731188704602,132.0,32.0,141.0,2025,11,46,4
173,2025-12-01,241,1200.0,0.0,2200,89.0,227.0,88.0,48.0,212.0,97.0,129.25,71.72807446646443,116.125,138.0,315.0,2025,12,49,4
173,2025-12-08,65,1200.0,0.4,2200,89.0,227.0,88.0,241.0,48.0,160.0,165.25,85.04655587774656,137.0,138.0,315.0,2025,12,50,4
174,2024-12-30,103,0.0,0.0,250,0.0,0.0,0.0,0.0,0.0,0.0,0.0,0.0,0.0,0.0,0.0,2024,12,1,4
174,2025-01-06,29,650.0,0.6666666666666666,250,38.0,249.0,63.0,103.0,0.0,0.0,103.0,0.0,103.0,211.0,312.0,2025,1,2,1
174,2025-01-27,99,650.0,1.0,250,38.0,249.0,63.0,29.0,103.0,0.0,66.0,52.32590180780452,66.0,211.0,312.0,2025,1,5,1
174,2025-02-03,161,650.0,0.5,250,38.0,249.0,63.0,99.0,29.0,0.0,77.0,41.617304093369626,77.0,211.0,312.0,2025,2,6,1
174,2025-02-10,24,650.0,0.4,250,38.0,249.0,63.0,161.0,99.0,103.0,98.0,54.024685715575124,98.0,211.0,312.0,2025,2,7,1
174,2025-02-24,41,650.0,0.0,250,38.0,201.0,100.0,24.0,161.0,29.0,78.25,64.92752369629795,83.2,163.0,301.0,2025,2,9,1
174,2025-03-03,80,650.0,1.0,250,38.0,201.0,100.0,41.0,24.0,99.0,81.25,62.1094464098122,76.16666666666667,163.0,301.0,2025,3,10,1
174,2025-03-10,40,650.0,0.5,250,38.0,134.0,65.0,80.0,41.0,161.0,76.5,61.0163912403872,76.71428571428571,96.0,199.0,2025,3,11,1
174,2025-03-31,58,650.0,0.0,250,38.0,140.0,82.0,40.0,80.0,24.0,46.25,23.810011899759026,72.125,102.0,222.0,2025,3,14,1
174,2025-04-07,24,650.0,0.0,250,38.0,23.0,29.0,58.0,40.0,41.0,54.75,18.75055554732534,66.5,-15.0,52.0,2025,4,15,2
174,2025-04-28,67,650.0,0.0,250,38.0,24.0,59.0,24.0,58.0,80.0,50.5,24.076267706325797,65.875,-14.0,83.0,2025,4,18,2
174,2025-05-05,150,650.0,1.0,250,38.0,24.0,59.0,67.0,24.0,40.0,47.25,19.13765920900463,61.875,-14.0,83.0,2025,5,19,2
174,2025-05-12,55,650.0,1.0,250,38.0,135.0,12.0,150.0,67.0,58.0,74.75,53.47507207412939,60.5,97.0,147.0,2025,5,20,2
174,2025-06-02,151,650.0,1.0,250,38.0,55.0,67.0,55.0,150.0,24.0,74.0,53.80830171389294,64.375,17.0,122.0,2025,6,23,2
174,2025-06-09,78,650.0,1.0,250,38.0,108.0,99.0,151.0,55.0,67.0,105.75,51.90616533707725,78.125,70.0,207.0,2025,6,24,2
174,2025-06-30,114,650.0,0.5,250,38.0,221.0,45.0,78.0,151.0,150.0,108.5,49.399730093729595,77.875,183.0,266.0,2025,6,27,2
174,2025-07-07,35,650.0,0.3333333333333333,250,38.0,160.0,99.0,114.0,78.0,55.0,99.5,42.05155565889725,87.125,122.0,259.0,2025,7,28,3
174,2025-07-28,71,650.0,0.0,250,38.0,107.0,1.0,35.0,114.0,151.0,94.5,49.615185847345835,84.25,69.0,108.0,2025,7,31,3
174,2025-08-04,142,650.0,1.0,250,38.0,111.0,73.0,71.0,35.0,78.0,74.5,32.37797605369016,90.125,73.0,184.0,2025,8,32,3
174,2025-08-11,32,650.0,0.5,250,38.0,72.0,35.0,142.0,71.0,114.0,90.5,47.134559154262455,99.5,34.0,107.0,2025,8,33,3
174,2025-09-01,247,650.0,0.0,250,38.0,72.0,35.0,32.0,142.0,35.0,70.0,51.16639522186413,84.75,34.0,107.0,2025,9,36,3
174,2025-09-08,200,650.0,0.2,250,38.0,26.0,95.0,247.0,32.0,71.0,123.0,94.37866990657017,108.75,-12.0,121.0,2025,9,37,3
174,2025-09-29,105,650.0,0.25,250,38.0,186.0,51.0,200.0,247.0,142.0,155.25,92.71236882602737,114.875,148.0,237.0,2025,9,40,3
174,2025-10-06,107,650.0,0.3333333333333333,250,38.0,68.0,43.0,105.0,200.0,32.0,146.0,96.2531384769695,118.25,30.0,111.0,2025,10,41,4
174,2025-11-03,88,650.0,0.6666666666666666,250,38.0,90.0,25.0,107.0,105.0,247.0,164.75,70.50472797385055,117.375,52.0,115.0,2025,11,45,4
174,2025-11-10,51,650.0,0.5,250,38.0,90.0,25.0,88.0,107.0,200.0,125.0,50.721461598288606,124.0,52.0,115.0,2025,11,46,4
174,2025-12-01,70,650.0,1.0,250,38.0,110.0,31.0,51.0,88.0,105.0,87.75,25.94063736045562,121.5,72.0,141.0,2025,12,49,4
174,2025-12-08,70,650.0,0.0,250,38.0,117.0,59.0,70.0,51.0,107.0,79.0,24.013884872437156,112.5,79.0,176.0,2025,12,50,4
175,2024-12-30,158,0.0,0.0,1500,0.0,0.0,0.0,0.0,0.0,0.0,0.0,0.0,0.0,0.0,0.0,2024,12,1,4
175,2025-01-06,186,850.0,0.3333333333333333,1500,24.0,116.0,69.0,158.0,0.0,0.0,158.0,0.0,158.0,92.0,185.0,2025,1,2,1
175,2025-02-03,86,850.0,0.0,1500,24.0,248.0,50.0,186.0,158.0,0.0,172.0,19.79898987322333,172.0,224.0,298.0,2025,2,6,1
175,2025-02-10,146,850.0,0.0,1500,24.0,248.0,50.0,86.0,186.0,0.0,143.33333333333334,51.58811232574161,143.33333333333334,224.0,298.0,2025,2,7,1
175,2025-02-24,54,850.0,1.0,1500,24.0,139.0,58.0,146.0,86.0,158.0,144.0,42.14261501141096,144.0,115.0,197.0,2025,2,9,1
175,2025-03-03,44,850.0,0.0,1500,24.0,139.0,58.0,54.0,146.0,186.0,118.0,59.239626377394835,126.0,115.0,197.0,2025,3,10,1
175,2025-03-10,30,850.0,1.0,1500,24.0,125.0,75.0,44.0,54.0,86.0,82.5,45.96737973824482,112.33333333333333,101.0,200.0,2025,3,11,1
175,2025-03-31,80,850.0,0.0,1500,24.0,92.0,25.0,30.0,44.0,146.0,68.5,52.5959440768329,100.57142857142857,68.0,117.0,2025,3,14,1
175,2025-04-07,84,850.0,0.5,1500,24.0,35.0,17.0,80.0,30.0,54.0,52.0,21.102922388459234,98.0,11.0,52.0,2025,4,15,2
175,2025-04-28,59,850.0,0.6666666666666666,1500,24.0,100.0,71.0,84.0,80.0,44.0,59.5,26.65207934352091,88.75,76.0,171.0,2025,4,18,2
175,2025-05-05,89,850.0,0.5,1500,24.0,73.0,71.0,59.0,84.0,30.0,63.25,24.730210943971624,72.875,49.0,144.0,2025,5,19,2
175,2025-05-12,34,850.0,0.5,1500,24.0,181.0,94.0,89.0,59.0,80.0,78.0,13.19090595827294,73.25,157.0,275.0,2025,5,20,2
175,2025-06-02,151,850.0,0.0,1500,24.0,181.0,94.0,34.0,89.0,84.0,66.5,25.331140255951116,59.25,157.0,275.0,2025,6,23,2
175,2025-06-09,102,850.0,0.3333333333333333,1500,24.0,29.0,28.0,151.0,34.0,59.0,83.25,50.45377422287984,71.375,5.0,57.0,2025,6,24,2
175,2025-06-30,96,850.0,0.5,1500,24.0,209.0,80.0,102.0,151.0,89.0,94.0,48.09019304043879,78.625,185.0,289.0,2025,6,27,2
175,2025-07-07,114,850.0,0.3333333333333333,1500,24.0,61.0,61.0,96.0,102.0,34.0,95.75,47.97481978427156,86.875,37.0,122.0,2025,7,28,3
175,2025-07-28,22,850.0,0.25,1500,24.0,134.0,24.0,114.0,96.0,151.0,115.75,24.66272491027706,91.125,110.0,158.0,2025,7,31,3
175,2025-08-04,123,850.0,0.0,1500,24.0,134.0,24.0,22.0,114.0,102.0,83.5,41.67733196834942,83.375,110.0,158.0,2025,8,32,3
175,2025-08-11,23,850.0,0.3333333333333333,1500,24.0,56.0,92.0,123.0,22.0,96.0,88.75,45.89389937671455,91.375,32.0,148.0,2025,8,33,3
175,2025-09-01,19,850.0,0.0,1500,24.0,56.0,92.0,23.0,123.0,114.0,70.5,55.54877736428289,83.125,32.0,148.0,2025,9,36,3
175,2025-09-08,26,850.0,0.0,1500,24.0,56.0,92.0,19.0,23.0,22.0,46.75,50.86174069638855,81.25,32.0,148.0,2025,9,37,3
175,2025-09-29,126,850.0,0.0,1500,24.0,110.0,75.0,26.0,19.0,123.0,47.75,50.24854890110427,65.625,86.0,185.0,2025,9,40,3
175,2025-10-06,73,850.0,0.3333333333333333,1500,24.0,173.0,7.0,126.0,26.0,23.0,48.5,51.74617538201898,68.625,149.0,180.0,2025,10,41,4
175,2025-10-27,74,850.0,0.5,1500,24.0,201.0,59.0,73.0,126.0,19.0,61.0,49.52440475832766,65.75,177.0,260.0,2025,10,44,4
175,2025-11-03,69,850.0,1.0,1500,24.0,201.0,59.0,74.0,73.0,26.0,74.75,40.852376511858736,60.75,177.0,260.0,2025,11,45,4
175,2025-12-01,49,850.0,0.0,1500,24.0,201.0,59.0,69.0,74.0,126.0,85.5,27.086281890777613,66.625,177.0,260.0,2025,12,49,4
175,2025-12-08,49,850.0,0.0,1500,24.0,150.0,12.0,49.0,69.0,73.0,66.25,11.701139545645427,57.375,126.0,162.0,2025,12,50,4
176,2024-12-30,53,0.0,0.0,1500,0.0,0.0,0.0,0.0,0.0,0.0,0.0,0.0,0.0,0.0,0.0,2024,12,1,4
176,2025-01-06,152,1200.0,0.0,1500,42.0,114.0,74.0,53.0,0.0,0.0,53.0,0.0,53.0,72.0,188.0,2025,1,2,1
176,2025-01-27,56,1200.0,0.0,1500,42.0,114.0,74.0,152.0,53.0,0.0,102.5,70.0035713374682,102.5,72.0,188.0,2025,1,5,1
176,2025-02-03,93,1200.0,1.0,1500,42.0,62.0,88.0,56.0,152.0,0.0,87.0,56.31163290120435,87.0,20.0,150.0,2025,2,6,1
176,2025-02-10,85,1200.0,0.5,1500,42.0,62.0,88.0,93.0,56.0,53.0,88.5,46.07602413403309,88.5,20.0,150.0,2025,2,7,1
176,2025-02-24,42,1200.0,0.0,1500,42.0,114.0,36.0,85.0,93.0,152.0,96.5,40.26992260567019,87.8,72.0,150.0,2025,2,9,1
176,2025-03-03,124,1200.0,0.0,1500,42.0,193.0,14.0,42.0,85.0,56.0,69.0,24.013884872437167,80.16666666666667,151.0,207.0,2025,3,10,1
176,2025-03-10,42,1200.0,0.5,1500,42.0,163.0,63.0,124.0,42.0,93.0,86.0,33.81321240777535,86.42857142857143,121.0,226.0,2025,3,11,1
176,2025-03-31,90,1200.0,0.0,1500,42.0,163.0,63.0,42.0,124.0,85.0,73.25,39.44088403336484,80.875,121.0,226.0,2025,3,14,1
176,2025-04-07,113,1200.0,0.6666666666666666,1500,42.0,122.0,78.0,90.0,42.0,42.0,74.5,40.01249804748511,85.5,80.0,200.0,2025,4,15,2
176,2025-04-28,90,1200.0,0.3333333333333333,1500,42.0,139.0,88.0,113.0,90.0,124.0,92.25,36.37192140465866,80.625,97.0,227.0,2025,4,18,2
176,2025-05-05,55,1200.0,0.3333333333333333,1500,42.0,139.0,88.0,90.0,113.0,42.0,83.75,29.870554062487695,84.875,97.0,227.0,2025,5,19,2
176,2025-05-26,20,1200.0,0.0,1500,42.0,43.0,3.0,55.0,90.0,90.0,87.0,23.93045479439676,80.125,1.0,46.0,2025,5,22,2
176,2025-06-02,191,1200.0,0.0,1500,42.0,43.0,3.0,20.0,55.0,113.0,69.5,40.71445279832049,72.0,1.0,46.0,2025,6,23,2
176,2025-06-09,79,1200.0,0.0,1500,42.0,50.0,19.0,191.0,20.0,90.0,89.0,73.76087490442794,90.625,8.0,69.0,2025,6,24,2
176,2025-06-30,167,1200.0,0.0,1500,42.0,50.0,19.0,79.0,191.0,55.0,86.25,73.91605599146462,85.0,8.0,69.0,2025,6,27,2
176,2025-07-07,100,1200.0,0.25,1500,42.0,21.0,84.0,167.0,79.0,20.0,114.25,79.15964881175258,100.625,-21.0,105.0,2025,7,28,3
176,2025-07-28,48,1200.0,1.0,1500,42.0,21.0,84.0,100.0,167.0,191.0,134.25,53.287740929160556,101.875,-21.0,105.0,2025,7,31,3
176,2025-08-04,94,1200.0,0.0,1500,42.0,21.0,84.0,48.0,100.0,79.0,98.5,50.41494487418058,93.75,-21.0,105.0,2025,8,32,3
176,2025-08-11,20,1200.0,0.0,1500,42.0,21.0,84.0,94.0,48.0,167.0,102.25,49.01955392153897,94.25,-21.0,105.0,2025,8,33,3
176,2025-09-01,105,1200.0,0.0,1500,42.0,147.0,10.0,20.0,94.0,100.0,65.5,38.205584234070635,89.875,105.0,157.0,2025,9,36,3
176,2025-09-29,21,1200.0,0.3333333333333333,1500,42.0,217.0,9.0,105.0,20.0,48.0,66.75,39.76074278313556,100.5,175.0,226.0,2025,9,40,3
176,2025-10-06,213,1200.0,0.0,1500,42.0,217.0,9.0,21.0,105.0,94.0,60.0,45.83303030202854,79.25,175.0,226.0,2025,10,41,4
176,2025-10-27,42,1200.0,0.5,1500,42.0,54.0,17.0,213.0,21.0,20.0,89.75,91.31401863898007,96.0,12.0,71.0,2025,10,44,4
176,2025-11-03,109,1200.0,1.0,1500,42.0,207.0,95.0,42.0,213.0,105.0,95.25,86.23369411082886,80.375,165.0,302.0,2025,11,45,4
176,2025-11-10,55,1200.0,0.0,1500,42.0,198.0,56.0,109.0,42.0,21.0,96.25,86.40746495529191,81.5,156.0,254.0,2025,11,46,4
176,2025-12-01,83,1200.0,1.0,1500,42.0,244.0,82.0,55.0,109.0,213.0,104.75,77.77906744962512,82.375,202.0,326.0,2025,12,49,4
176,2025-12-08,23,1200.0,0.0,1500,42.0,20.0,24.0,83.0,55.0,42.0,72.25,29.881711240601106,81.0,-22.0,44.0,2025,12,50,4
177,2024-12-30,51,0.0,0.0,1800,0.0,0.0,0.0,0.0,0.0,0.0,0.0,0.0,0.0,0.0,0.0,2024,12,1,4
177,2025-01-06,23,650.0,0.5,1800,43.0,24.0,23.0,51.0,0.0,0.0,51.0,0.0,51.0,-19.0,47.0,2025,1,2,1
177,2025-01-27,33,650.0,0.0,1800,43.0,232.0,39.0,23.0,51.0,0.0,37.0,19.79898987322333,37.0,189.0,271.0,2025,1,5,1
177,2025-02-03,192,650.0,1.0,1800,43.0,133.0,56.0,33.0,23.0,0.0,35.666666666666664,14.189197769195175,35.666666666666664,90.0,189.0,2025,2,6,1
177,2025-02-10,39,650.0,0.75,1800,43.0,195.0,41.0,192.0,33.0,51.0,74.75,79.02056694304339,74.75,152.0,236.0,2025,2,7,1
177,2025-02-24,37,650.0,1.0,1800,43.0,195.0,41.0,39.0,192.0,23.0,71.75,80.43786421828965,67.6,152.0,236.0,2025,2,9,1
177,2025-03-03,113,650.0,0.0,1800,43.0,206.0,32.0,37.0,39.0,33.0,75.25,77.873294523861,62.5,163.0,238.0,2025,3,10,1
177,2025-03-10,22,650.0,0.0,1800,43.0,213.0,33.0,113.0,37.0,192.0,95.25,73.55893328934745,69.71428571428571,170.0,246.0,2025,3,11,1
177,2025-03-31,22,650.0,0.0,1800,43.0,77.0,19.0,22.0,113.0,39.0,52.75,40.876847562730035,63.75,34.0,96.0,2025,3,14,1
177,2025-04-07,133,650.0,0.0,1800,43.0,109.0,88.0,22.0,22.0,37.0,48.5,43.57751713900187,60.125,66.0,197.0,2025,4,15,2
177,2025-04-28,27,650.0,0.25,1800,43.0,18.0,7.0,133.0,22.0,113.0,72.5,58.881236400062136,73.875,-25.0,25.0,2025,4,18,2
177,2025-05-05,99,650.0,0.0,1800,43.0,79.0,62.0,27.0,133.0,22.0,51.0,54.717456081217826,73.125,36.0,141.0,2025,5,19,2
177,2025-05-26,22,650.0,0.0,1800,43.0,50.0,10.0,99.0,27.0,22.0,70.25,54.65879008296228,61.5,7.0,60.0,2025,5,22,2
177,2025-06-02,209,650.0,0.0,1800,43.0,50.0,10.0,22.0,99.0,133.0,70.25,54.65879008296228,59.375,7.0,60.0,2025,6,23,2
177,2025-06-09,29,650.0,0.4,1800,43.0,226.0,85.0,209.0,22.0,27.0,89.25,87.2405677805152,80.875,183.0,311.0,2025,6,24,2
177,2025-06-30,70,650.0,0.0,1800,43.0,210.0,66.0,29.0,209.0,99.0,89.75,86.76933021907377,70.375,167.0,276.0,2025,6,27,2
177,2025-07-07,159,650.0,0.0,1800,43.0,41.0,91.0,70.0,29.0,22.0,82.5,86.95017730478378,76.375,-2.0,132.0,2025,7,28,3
177,2025-07-28,40,650.0,0.4,1800,43.0,238.0,84.0,159.0,70.0,209.0,116.75,82.01778262466419,93.5,195.0,322.0,2025,7,31,3
177,2025-08-04,45,650.0,1.0,1800,43.0,137.0,27.0,40.0,159.0,29.0,74.5,58.93782034200678,81.875,94.0,164.0,2025,8,32,3
177,2025-08-11,27,650.0,0.0,1800,43.0,97.0,54.0,45.0,40.0,70.0,78.5,55.247926054589,84.125,54.0,151.0,2025,8,33,3
177,2025-09-01,207,650.0,1.0,1800,43.0,210.0,2.0,27.0,45.0,159.0,67.75,61.304567529671075,75.125,167.0,212.0,2025,9,36,3
177,2025-09-08,132,650.0,0.2,1800,43.0,194.0,83.0,207.0,27.0,40.0,79.75,85.17188503256226,98.25,151.0,277.0,2025,9,37,3
177,2025-09-29,65,650.0,0.0,1800,43.0,208.0,34.0,132.0,207.0,45.0,102.75,83.26013451826752,88.625,165.0,242.0,2025,9,40,3
177,2025-10-06,204,650.0,0.0,1800,43.0,208.0,34.0,65.0,132.0,27.0,107.75,79.13437938089868,93.125,165.0,242.0,2025,10,41,4
177,2025-10-27,96,650.0,0.25,1800,43.0,77.0,70.0,204.0,65.0,207.0,152.0,67.57218362610463,109.875,34.0,147.0,2025,10,44,4
177,2025-11-10,104,650.0,1.0,1800,43.0,77.0,70.0,96.0,204.0,132.0,124.25,59.80175582706583,102.0,34.0,147.0,2025,11,46,4
177,2025-12-01,142,650.0,0.5,1800,43.0,174.0,41.0,104.0,96.0,65.0,117.25,60.229422488791435,110.0,131.0,215.0,2025,12,49,4
178,2024-12-30,131,0.0,0.0,750,0.0,0.0,0.0,0.0,0.0,0.0,0.0,0.0,0.0,0.0,0.0,2024,12,1,4
178,2025-01-06,43,450.0,0.6666666666666666,750,73.0,140.0,52.0,131.0,0.0,0.0,131.0,0.0,131.0,67.0,192.0,2025,1,2,1
178,2025-01-27,65,450.0,0.0,750,73.0,140.0,52.0,43.0,131.0,0.0,87.0,62.22539674441618,87.0,67.0,192.0,2025,1,5,1
178,2025-02-03,46,450.0,1.0,750,73.0,140.0,52.0,65.0,43.0,0.0,79.66666666666667,45.79665198825492,79.66666666666667,67.0,192.0,2025,2,6,1
178,2025-02-10,90,450.0,0.0,750,73.0,140.0,52.0,46.0,65.0,131.0,71.25,41.00711320409342,71.25,67.0,192.0,2025,2,7,1
178,2025-03-03,78,450.0,0.5,750,73.0,17.0,19.0,90.0,46.0,43.0,61.0,21.648710508172687,75.0,-56.0,36.0,2025,3,10,1
178,2025-03-10,82,450.0,1.0,750,73.0,246.0,39.0,78.0,90.0,65.0,69.75,18.839232114570553,75.5,173.0,285.0,2025,3,11,1
178,2025-03-31,92,450.0,0.0,750,73.0,161.0,90.0,82.0,78.0,46.0,74.0,19.321835661585915,76.42857142857143,88.0,251.0,2025,3,14,1
178,2025-04-07,45,450.0,0.5,750,73.0,96.0,14.0,92.0,82.0,90.0,85.5,6.608075867199661,78.375,23.0,110.0,2025,4,15,2
178,2025-04-28,96,450.0,0.0,750,73.0,96.0,14.0,45.0,92.0,78.0,74.25,20.369503348551888,67.625,23.0,110.0,2025,4,18,2
178,2025-05-05,80,450.0,0.3333333333333333,750,73.0,70.0,16.0,96.0,45.0,82.0,78.75,23.25761524031788,74.25,-3.0,86.0,2025,5,19,2
178,2025-05-12,47,450.0,1.0,750,73.0,150.0,15.0,80.0,96.0,92.0,78.25,23.185843381971964,76.125,77.0,165.0,2025,5,20,2
178,2025-06-02,99,450.0,0.0,750,73.0,150.0,15.0,47.0,80.0,45.0,67.0,25.126347393390333,76.25,77.0,165.0,2025,6,23,2
178,2025-06-09,56,450.0,0.5,750,73.0,246.0,36.0,99.0,47.0,96.0,80.5,23.8397427279183,77.375,173.0,282.0,2025,6,24,2
178,2025-06-30,124,450.0,0.5,750,73.0,246.0,36.0,56.0,99.0,80.0,70.5,23.55843797877949,74.625,173.0,282.0,2025,6,27,2
178,2025-07-07,153,450.0,0.3333333333333333,750,73.0,59.0,43.0,124.0,56.0,47.0,81.5,36.29967860280125,79.875,-14.0,102.0,2025,7,28,3
178,2025-07-28,60,450.0,0.4,750,73.0,225.0,25.0,153.0,124.0,99.0,108.0,41.093389573831296,87.5,152.0,250.0,2025,7,31,3
178,2025-08-04,42,450.0,0.5,750,73.0,225.0,25.0,60.0,153.0,56.0,98.25,47.98871395095587,89.375,152.0,250.0,2025,8,32,3
178,2025-08-11,37,450.0,0.0,750,73.0,77.0,99.0,42.0,60.0,124.0,94.75,52.40467536394057,82.625,4.0,176.0,2025,8,33,3
178,2025-09-01,182,450.0,0.0,750,73.0,89.0,47.0,37.0,42.0,153.0,73.0,54.24020648928247,77.25,16.0,136.0,2025,9,36,3
178,2025-09-08,54,450.0,0.5,750,73.0,202.0,27.0,182.0,37.0,60.0,80.25,68.54864452829587,94.125,129.0,229.0,2025,9,37,3
178,2025-09-29,118,450.0,0.0,750,73.0,222.0,31.0,54.0,182.0,42.0,78.75,69.20199900773581,88.5,149.0,253.0,2025,9,40,3
178,2025-10-06,52,450.0,0.0,750,73.0,19.0,92.0,118.0,54.0,37.0,97.75,66.11290847229962,96.25,-54.0,111.0,2025,10,41,4
178,2025-10-27,16,450.0,0.0,750,73.0,19.0,92.0,52.0,118.0,182.0,101.5,61.80345189928041,87.25,-54.0,111.0,2025,10,44,4
178,2025-11-03,229,450.0,0.0,750,73.0,191.0,77.0,16.0,52.0,54.0,60.0,42.42640687119287,70.125,118.0,268.0,2025,11,45,4
178,2025-11-10,34,450.0,0.4,750,73.0,178.0,49.0,229.0,16.0,118.0,103.75,93.57483636106451,91.25,105.0,227.0,2025,11,46,4
178,2025-12-01,170,450.0,0.0,750,73.0,170.0,89.0,34.0,229.0,52.0,82.75,98.60147057726878,90.25,97.0,259.0,2025,12,49,4
178,2025-12-08,55,450.0,0.2,750,73.0,194.0,22.0,170.0,34.0,16.0,112.25,103.84724358402586,106.875,121.0,216.0,2025,12,50,4
179,2024-12-30,167,0.0,0.0,350,0.0,0.0,0.0,0.0,0.0,0.0,0.0,0.0,0.0,0.0,0.0,2024,12,1,4
179,2025-01-06,165,1200.0,0.3333333333333333,350,65.0,192.0,27.0,167.0,0.0,0.0,167.0,0.0,167.0,127.0,219.0,2025,1,2,1
179,2025-02-03,170,1200.0,0.25,350,65.0,30.0,10.0,165.0,167.0,0.0,166.0,1.4142135623730951,166.0,-35.0,40.0,2025,2,6,1
179,2025-02-10,35,1200.0,0.6,350,65.0,135.0,61.0,170.0,165.0,0.0,167.33333333333334,2.5166114784235796,167.33333333333334,70.0,196.0,2025,2,7,1
179,2025-02-24,27,1200.0,1.0,350,65.0,116.0,9.0,35.0,170.0,167.0,134.25,66.1985649391284,134.25,51.0,125.0,2025,2,9,1
179,2025-03-03,196,1200.0,0.0,350,65.0,116.0,9.0,27.0,35.0,165.0,99.25,78.90236582849296,112.8,51.0,125.0,2025,3,10,1
179,2025-03-10,134,1200.0,0.5,350,65.0,81.0,70.0,196.0,27.0,170.0,107.0,88.45714593330867,126.66666666666667,16.0,151.0,2025,3,11,1
179,2025-03-31,156,1200.0,0.0,350,65.0,200.0,99.0,134.0,196.0,35.0,98.0,81.4657392200345,127.71428571428571,135.0,299.0,2025,3,14,1
179,2025-04-07,81,1200.0,0.2,350,65.0,10.0,25.0,156.0,134.0,27.0,128.25,72.21437991609889,131.25,-55.0,35.0,2025,4,15,2
179,2025-04-28,34,1200.0,0.5,350,65.0,217.0,12.0,81.0,156.0,196.0,141.75,47.94701937208054,120.5,152.0,229.0,2025,4,18,2
179,2025-05-05,111,1200.0,1.0,350,65.0,217.0,12.0,34.0,81.0,134.0,101.25,54.78062309491073,104.125,152.0,229.0,2025,5,19,2
179,2025-05-26,25,1200.0,0.0,350,65.0,128.0,73.0,111.0,34.0,156.0,95.5,51.29327441292864,96.75,63.0,201.0,2025,5,22,2
179,2025-06-02,75,1200.0,0.0,350,65.0,30.0,26.0,25.0,111.0,81.0,62.75,40.46706479760217,95.5,-35.0,56.0,2025,6,23,2
179,2025-06-09,94,1200.0,0.3333333333333333,350,65.0,26.0,33.0,75.0,25.0,34.0,61.25,39.66841732831463,101.5,-39.0,59.0,2025,6,24,2
179,2025-06-30,23,1200.0,0.5,350,65.0,62.0,20.0,94.0,75.0,111.0,76.25,37.196550019233406,88.75,-3.0,82.0,2025,6,27,2
179,2025-07-07,83,1200.0,0.0,350,65.0,150.0,36.0,23.0,94.0,25.0,54.25,35.789896153337274,74.875,85.0,186.0,2025,7,28,3
179,2025-07-28,122,1200.0,0.5,350,65.0,150.0,36.0,83.0,23.0,75.0,68.75,31.47882886428061,65.75,85.0,186.0,2025,7,31,3
179,2025-08-04,218,1200.0,0.0,350,65.0,150.0,36.0,122.0,83.0,94.0,80.5,41.70131892398608,70.875,85.0,186.0,2025,8,32,3
179,2025-09-01,362,1200.0,0.16666666666666666,350,65.0,213.0,41.0,218.0,122.0,23.0,111.5,81.84741901856161,93.875,148.0,254.0,2025,9,36,3
179,2025-09-08,126,1200.0,0.5,350,65.0,222.0,24.0,362.0,218.0,83.0,196.25,124.210506801961,125.25,157.0,246.0,2025,9,37,3
179,2025-09-29,87,1200.0,0.25,350,65.0,221.0,77.0,126.0,362.0,122.0,207.0,112.44554237496477,137.875,156.0,298.0,2025,9,40,3
179,2025-10-06,71,1200.0,0.5,350,65.0,139.0,11.0,87.0,126.0,218.0,198.25,122.20304142423515,139.375,74.0,150.0,2025,10,41,4
179,2025-10-27,24,1200.0,0.0,350,65.0,139.0,11.0,71.0,87.0,362.0,161.5,135.64782833990867,136.5,74.0,150.0,2025,10,44,4
179,2025-11-03,48,1200.0,0.0,350,65.0,212.0,44.0,24.0,71.0,126.0,77.0,42.21374183841089,136.625,147.0,256.0,2025,11,45,4
179,2025-11-10,31,1200.0,1.0,350,65.0,219.0,10.0,48.0,24.0,87.0,57.5,27.477263328068208,132.25,154.0,229.0,2025,11,46,4
179,2025-12-01,210,1200.0,1.0,350,65.0,10.0,71.0,31.0,48.0,71.0,43.5,20.920484379350984,120.875,-55.0,81.0,2025,12,49,4
180,2024-12-30,51,0.0,0.0,850,0.0,0.0,0.0,0.0,0.0,0.0,0.0,0.0,0.0,0.0,0.0,2024,12,1,4
180,2025-01-06,34,250.0,0.0,850,83.0,0.0,0.0,51.0,0.0,0.0,51.0,0.0,51.0,0.0,0.0,2025,1,2,1
180,2025-01-27,27,250.0,0.0,850,83.0,158.0,26.0,34.0,51.0,0.0,42.5,12.020815280171307,42.5,75.0,184.0,2025,1,5,1
180,2025-02-03,158,250.0,0.0,850,83.0,158.0,26.0,27.0,34.0,0.0,37.333333333333336,12.342339054382414,37.333333333333336,75.0,184.0,2025,2,6,1
180,2025-02-10,18,250.0,0.3333333333333333,850,83.0,158.0,26.0,158.0,27.0,51.0,67.5,61.169164345008554,67.5,75.0,184.0,2025,2,7,1
180,2025-02-24,32,250.0,0.0,850,83.0,225.0,17.0,18.0,158.0,34.0,59.25,66.15826982824343,57.6,142.0,242.0,2025,2,9,1
180,2025-03-03,108,250.0,1.0,850,83.0,225.0,17.0,32.0,18.0,27.0,58.75,66.41975107852583,53.333333333333336,142.0,242.0,2025,3,10,1
180,2025-03-10,42,250.0,0.25,850,83.0,30.0,19.0,108.0,32.0,158.0,79.0,65.85843403341241,61.142857142857146,-53.0,49.0,2025,3,11,1
180,2025-03-31,108,250.0,0.0,850,83.0,156.0,8.0,42.0,108.0,18.0,50.0,39.89987468652,58.75,73.0,164.0,2025,3,14,1
180,2025-04-07,28,250.0,0.25,850,83.0,156.0,8.0,108.0,42.0,32.0,72.5,41.19465984809196,65.875,73.0,164.0,2025,4,15,2
180,2025-04-28,23,250.0,0.0,850,83.0,25.0,82.0,28.0,108.0,108.0,71.5,42.532340636273474,65.125,-58.0,107.0,2025,4,18,2
180,2025-05-05,172,250.0,0.0,850,83.0,25.0,82.0,23.0,28.0,42.0,50.25,39.33086150425219,64.625,-58.0,107.0,2025,5,19,2
180,2025-06-02,76,250.0,0.16666666666666666,850,83.0,215.0,52.0,172.0,23.0,108.0,82.75,71.11200086248921,66.375,132.0,267.0,2025,6,23,2
180,2025-06-09,43,250.0,0.0,850,83.0,155.0,85.0,76.0,172.0,28.0,74.75,69.09594778277523,73.625,72.0,240.0,2025,6,24,2
180,2025-06-30,97,250.0,0.0,850,83.0,155.0,85.0,43.0,76.0,23.0,78.5,66.05300901548695,75.0,72.0,240.0,2025,6,27,2
180,2025-07-07,46,250.0,0.0,850,83.0,53.0,79.0,97.0,43.0,172.0,97.0,54.71745608121782,73.625,-30.0,132.0,2025,7,28,3
180,2025-07-28,116,250.0,0.0,850,83.0,53.0,79.0,46.0,97.0,76.0,65.5,25.748786379167477,74.125,-30.0,132.0,2025,7,31,3
180,2025-08-04,202,250.0,1.0,850,83.0,53.0,79.0,116.0,46.0,43.0,75.5,36.646964403617396,75.125,-30.0,132.0,2025,8,32,3
180,2025-08-11,66,250.0,0.4,850,83.0,176.0,45.0,202.0,116.0,97.0,115.25,64.94805616798705,96.875,93.0,221.0,2025,8,33,3
180,2025-09-01,104,250.0,1.0,850,83.0,176.0,45.0,66.0,202.0,46.0,107.5,69.5389579061023,102.25,93.0,221.0,2025,9,36,3
180,2025-09-08,85,250.0,0.0,850,83.0,42.0,91.0,104.0,66.0,116.0,122.0,57.4340201158396,93.75,-41.0,133.0,2025,9,37,3
180,2025-09-29,118,250.0,0.3333333333333333,850,83.0,82.0,3.0,85.0,104.0,202.0,114.25,60.52203455491783,94.875,-1.0,85.0,2025,9,40,3
180,2025-10-06,59,250.0,0.25,850,83.0,147.0,63.0,118.0,85.0,66.0,93.25,22.647663602823755,104.25,64.0,210.0,2025,10,41,4
180,2025-11-03,168,250.0,0.0,850,83.0,44.0,64.0,59.0,118.0,104.0,91.5,25.540817005987385,99.5,-39.0,108.0,2025,11,45,4
180,2025-11-10,63,250.0,0.0,850,83.0,168.0,54.0,168.0,59.0,85.0,107.5,47.00709166356357,114.75,85.0,222.0,2025,11,46,4
180,2025-12-01,188,250.0,0.0,850,83.0,115.0,24.0,63.0,168.0,118.0,102.0,51.58165048412728,108.125,32.0,139.0,2025,12,49,4
181,2024-12-30,83,0.0,0.0,2200,0.0,0.0,0.0,0.0,0.0,0.0,0.0,0.0,0.0,0.0,0.0,2024,12,1,4
181,2025-01-06,83,450.0,0.3333333333333333,2200,73.0,26.0,89.0,83.0,0.0,0.0,83.0,0.0,83.0,-47.0,115.0,2025,1,2,1
181,2025-01-27,26,450.0,0.3333333333333333,2200,73.0,155.0,84.0,83.0,83.0,0.0,83.0,0.0,83.0,82.0,239.0,2025,1,5,1
181,2025-02-03,123,450.0,0.0,2200,73.0,60.0,89.0,26.0,83.0,0.0,64.0,32.90896534380867,64.0,-13.0,149.0,2025,2,6,1
181,2025-02-10,46,450.0,0.0,2200,73.0,20.0,5.0,123.0,26.0,83.0,78.75,39.90300740545755,78.75,-53.0,25.0,2025,2,7,1
181,2025-02-24,26,450.0,0.0,2200,73.0,49.0,61.0,46.0,123.0,83.0,69.5,42.7746030567984,72.2,-24.0,110.0,2025,2,9,1
181,2025-03-03,262,450.0,0.0,2200,73.0,98.0,96.0,26.0,46.0,26.0,55.25,46.14018494400154,64.5,25.0,194.0,2025,3,10,1
181,2025-03-10,103,450.0,0.25,2200,73.0,144.0,85.0,262.0,26.0,123.0,114.25,107.00895601147909,92.71428571428571,71.0,229.0,2025,3,11,1
181,2025-03-31,145,450.0,0.5,2200,73.0,54.0,88.0,103.0,262.0,46.0,109.25,106.93105255256772,94.0,-19.0,142.0,2025,3,14,1
181,2025-04-07,25,450.0,0.3333333333333333,2200,73.0,126.0,96.0,145.0,103.0,26.0,134.0,98.53933224860009,101.75,53.0,222.0,2025,4,15,2
181,2025-04-28,70,450.0,0.0,2200,73.0,126.0,96.0,25.0,145.0,262.0,133.75,98.90525769644401,94.5,53.0,222.0,2025,4,18,2
181,2025-05-05,170,450.0,0.0,2200,73.0,89.0,47.0,70.0,25.0,103.0,85.75,50.81584398590659,100.0,16.0,136.0,2025,5,19,2
181,2025-06-02,83,450.0,0.4,2200,73.0,33.0,6.0,170.0,70.0,145.0,102.5,66.89544080129825,105.875,-40.0,39.0,2025,6,23,2
181,2025-06-09,138,450.0,0.5,2200,73.0,66.0,44.0,83.0,170.0,25.0,87.0,60.657508466251166,110.5,-7.0,110.0,2025,6,24,2
181,2025-06-30,110,450.0,0.25,2200,73.0,113.0,88.0,138.0,83.0,70.0,115.25,46.91392828006055,124.5,40.0,201.0,2025,6,27,2
181,2025-07-07,94,450.0,0.3333333333333333,2200,73.0,113.0,88.0,110.0,138.0,170.0,125.25,37.339657202497165,105.5,40.0,201.0,2025,7,28,3
181,2025-07-28,19,450.0,0.3333333333333333,2200,73.0,37.0,77.0,94.0,110.0,83.0,106.25,23.89386253134191,104.375,-36.0,114.0,2025,7,31,3
181,2025-08-04,236,450.0,0.0,2200,73.0,32.0,86.0,19.0,94.0,138.0,90.25,50.86174069638852,88.625,-41.0,118.0,2025,8,32,3
181,2025-09-01,192,450.0,0.6666666666666666,2200,73.0,59.0,27.0,236.0,19.0,110.0,114.75,90.04211977365556,115.0,-14.0,86.0,2025,9,36,3
181,2025-09-08,77,450.0,0.75,2200,73.0,163.0,50.0,192.0,236.0,94.0,135.25,97.61617010857712,130.25,90.0,213.0,2025,9,37,3
181,2025-09-29,139,450.0,0.0,2200,73.0,163.0,50.0,77.0,192.0,19.0,131.0,100.34274595937,118.625,90.0,213.0,2025,9,40,3
181,2025-10-06,241,450.0,0.25,2200,73.0,211.0,32.0,139.0,77.0,236.0,161.0,68.61972505531239,125.625,138.0,243.0,2025,10,41,4
181,2025-10-27,33,450.0,0.3333333333333333,2200,73.0,211.0,32.0,241.0,139.0,192.0,162.25,70.46216478839311,138.5,138.0,243.0,2025,10,44,4
181,2025-11-03,54,450.0,1.0,2200,73.0,232.0,91.0,33.0,241.0,77.0,122.5,90.17575431714818,128.875,159.0,323.0,2025,11,45,4
181,2025-11-10,92,450.0,0.0,2200,73.0,157.0,14.0,54.0,33.0,139.0,116.75,94.66563966579075,123.875,84.0,171.0,2025,11,46,4
181,2025-12-01,115,450.0,1.0,2200,73.0,65.0,18.0,92.0,54.0,241.0,105.0,93.89710680668848,133.0,-8.0,83.0,2025,12,49,4
181,2025-12-08,45,450.0,1.0,2200,73.0,200.0,60.0,115.0,92.0,33.0,73.5,36.90076783302301,117.875,127.0,260.0,2025,12,50,4
182,2024-12-30,50,0.0,0.0,700,0.0,0.0,0.0,0.0,0.0,0.0,0.0,0.0,0.0,0.0,0.0,2024,12,1,4
182,2025-01-06,171,350.0,0.0,700,52.0,0.0,0.0,50.0,0.0,0.0,50.0,0.0,50.0,0.0,0.0,2025,1,2,1
182,2025-01-27,95,350.0,0.0,700,52.0,95.0,45.0,171.0,50.0,0.0,110.5,85.55992052357225,110.5,43.0,140.0,2025,1,5,1
182,2025-02-03,246,350.0,1.0,700,52.0,95.0,45.0,95.0,171.0,0.0,105.33333333333333,61.15826463637873,105.33333333333333,43.0,140.0,2025,2,6,1
182,2025-02-10,33,350.0,0.5,700,52.0,146.0,53.0,246.0,95.0,50.0,140.5,86.25736683514826,140.5,94.0,199.0,2025,2,7,1
182,2025-03-03,142,350.0,1.0,700,52.0,28.0,78.0,33.0,246.0,171.0,136.25,92.4026514771086,119.0,-24.0,106.0,2025,3,10,1
182,2025-03-10,68,350.0,0.5,700,52.0,171.0,29.0,142.0,33.0,95.0,129.0,89.8702768809948,122.83333333333333,119.0,200.0,2025,3,11,1
182,2025-03-31,28,350.0,1.0,700,52.0,119.0,44.0,68.0,142.0,246.0,122.25,94.18554383060423,115.0,67.0,163.0,2025,3,14,1
182,2025-04-07,158,350.0,0.0,700,52.0,119.0,44.0,28.0,68.0,33.0,67.75,52.60148920578836,104.125,67.0,163.0,2025,4,15,2
182,2025-04-28,92,350.0,0.3333333333333333,700,52.0,194.0,9.0,158.0,28.0,142.0,99.0,61.46001410131091,117.625,142.0,203.0,2025,4,18,2
182,2025-05-05,173,350.0,0.6666666666666666,700,52.0,194.0,9.0,92.0,158.0,68.0,86.5,54.48853090330114,107.75,142.0,203.0,2025,5,19,2
182,2025-05-12,22,350.0,0.25,700,52.0,55.0,96.0,173.0,92.0,28.0,112.75,66.56012319700139,117.5,3.0,151.0,2025,5,20,2
182,2025-06-02,121,350.0,0.0,700,52.0,55.0,96.0,22.0,173.0,158.0,111.25,69.12488698001613,89.5,3.0,151.0,2025,6,23,2
182,2025-06-09,198,350.0,1.0,700,52.0,14.0,31.0,121.0,22.0,92.0,102.0,62.98677109785305,100.5,-38.0,45.0,2025,6,24,2
182,2025-06-30,83,350.0,0.6666666666666666,700,52.0,90.0,20.0,198.0,121.0,173.0,128.5,77.90806547891347,107.5,38.0,110.0,2025,6,27,2
182,2025-07-07,117,350.0,0.0,700,52.0,90.0,20.0,83.0,198.0,22.0,106.0,73.65233646441007,109.375,38.0,110.0,2025,7,28,3
182,2025-07-28,31,350.0,0.3333333333333333,700,52.0,233.0,50.0,117.0,83.0,121.0,129.75,48.58926493235589,120.5,181.0,283.0,2025,7,31,3
182,2025-08-04,156,350.0,1.0,700,52.0,87.0,41.0,31.0,117.0,198.0,107.25,70.077932808172,104.625,35.0,128.0,2025,8,32,3
182,2025-08-11,83,350.0,0.5,700,52.0,50.0,14.0,156.0,31.0,83.0,96.75,53.01807867762344,112.625,-2.0,64.0,2025,8,33,3
182,2025-09-01,138,350.0,0.0,700,52.0,98.0,50.0,83.0,156.0,117.0,96.75,53.01807867762344,101.375,46.0,148.0,2025,9,36,3
182,2025-09-08,102,350.0,0.6666666666666666,700,52.0,31.0,99.0,138.0,83.0,31.0,102.0,56.609775363153226,115.875,-21.0,130.0,2025,9,37,3
182,2025-09-29,211,350.0,0.0,700,52.0,31.0,99.0,102.0,138.0,156.0,119.75,33.23025729662656,113.5,-21.0,130.0,2025,9,40,3
182,2025-10-06,97,350.0,0.4,700,52.0,52.0,17.0,211.0,102.0,83.0,133.5,56.47713401604821,115.125,0.0,69.0,2025,10,41,4
182,2025-11-03,232,350.0,0.3333333333333333,700,52.0,138.0,90.0,97.0,211.0,138.0,137.0,52.60544965432133,116.875,86.0,228.0,2025,11,45,4
182,2025-11-10,134,350.0,0.6,700,52.0,63.0,14.0,232.0,97.0,102.0,160.5,70.98591409568523,131.25,11.0,77.0,2025,11,46,4
182,2025-12-01,176,350.0,1.0,700,52.0,63.0,14.0,134.0,232.0,211.0,168.5,63.61603571427571,144.125,11.0,77.0,2025,12,49,4
182,2025-12-08,147,350.0,0.4,700,52.0,74.0,78.0,176.0,134.0,97.0,159.75,57.97916292370334,146.625,22.0,152.0,2025,12,50,4
183,2024-12-30,107,0.0,0.0,700,0.0,0.0,0.0,0.0,0.0,0.0,0.0,0.0,0.0,0.0,0.0,2024,12,1,4
183,2025-01-06,99,850.0,1.0,700,85.0,179.0,15.0,107.0,0.0,0.0,107.0,0.0,107.0,94.0,194.0,2025,1,2,1
183,2025-02-03,120,850.0,0.25,700,85.0,215.0,40.0,99.0,107.0,0.0,103.0,5.656854249492381,103.0,130.0,255.0,2025,2,6,1
183,2025-02-10,38,850.0,0.25,700,85.0,215.0,40.0,120.0,99.0,0.0,108.66666666666667,10.598742063723094,108.66666666666667,130.0,255.0,2025,2,7,1
183,2025-02-24,26,850.0,1.0,700,85.0,25.0,97.0,38.0,120.0,107.0,91.0,36.37764881535547,91.0,-60.0,122.0,2025,2,9,1
183,2025-03-03,218,850.0,0.0,700,85.0,18.0,4.0,26.0,38.0,99.0,70.75,45.82121051798319,78.0,-67.0,22.0,2025,3,10,1
183,2025-03-10,161,850.0,0.3333333333333333,700,85.0,229.0,92.0,218.0,26.0,120.0,100.5,88.77499647986475,101.33333333333333,144.0,321.0,2025,3,11,1
183,2025-03-31,99,850.0,0.3333333333333333,700,85.0,229.0,92.0,161.0,218.0,38.0,110.75,93.99069102842047,109.85714285714286,144.0,321.0,2025,3,14,1
183,2025-04-07,132,850.0,0.0,700,85.0,219.0,65.0,99.0,161.0,26.0,126.0,82.49848483457136,108.5,134.0,284.0,2025,4,15,2
183,2025-04-28,19,850.0,0.5,700,85.0,136.0,38.0,132.0,99.0,218.0,152.5,50.48101953539898,111.625,51.0,174.0,2025,4,18,2
183,2025-05-05,111,850.0,0.0,700,85.0,120.0,78.0,19.0,132.0,161.0,102.75,61.31000462132315,101.625,35.0,198.0,2025,5,19,2
183,2025-05-12,62,850.0,0.3333333333333333,700,85.0,242.0,75.0,111.0,19.0,99.0,90.25,49.41912585224469,100.5,157.0,317.0,2025,5,20,2
183,2025-06-02,237,850.0,0.0,700,85.0,67.0,36.0,62.0,111.0,132.0,81.0,50.68201521907615,103.5,-18.0,103.0,2025,6,23,2
183,2025-06-09,182,850.0,0.2,700,85.0,67.0,36.0,237.0,62.0,19.0,107.25,94.31286585968357,129.875,-18.0,103.0,2025,6,24,2
183,2025-06-30,202,850.0,0.5,700,85.0,88.0,12.0,182.0,237.0,111.0,148.0,77.11895573290222,125.375,3.0,100.0,2025,6,27,2
183,2025-07-07,23,850.0,0.25,700,85.0,239.0,41.0,202.0,182.0,62.0,170.75,75.97971220442116,130.5,154.0,280.0,2025,7,28,3
183,2025-07-28,27,850.0,0.0,700,85.0,69.0,46.0,23.0,202.0,237.0,161.0,94.7663794109845,121.0,-16.0,115.0,2025,7,31,3
183,2025-08-04,54,850.0,0.0,700,85.0,125.0,90.0,27.0,23.0,182.0,108.5,96.77637452739519,107.875,40.0,215.0,2025,8,32,3
183,2025-09-01,95,850.0,0.0,700,85.0,125.0,90.0,54.0,27.0,202.0,76.5,84.79190212907518,112.25,40.0,215.0,2025,9,36,3
183,2025-09-08,49,850.0,0.3333333333333333,700,85.0,210.0,78.0,95.0,54.0,23.0,49.75,33.159965822258194,110.25,125.0,288.0,2025,9,37,3
183,2025-09-29,86,850.0,0.0,700,85.0,34.0,94.0,49.0,95.0,27.0,56.25,28.371053323178973,108.625,-51.0,128.0,2025,9,40,3
183,2025-10-06,104,850.0,0.3333333333333333,700,85.0,123.0,0.0,86.0,49.0,54.0,71.0,22.90560339014593,89.75,38.0,123.0,2025,10,41,4
183,2025-10-27,190,850.0,0.25,700,85.0,94.0,22.0,104.0,86.0,95.0,83.5,24.14539293529923,80.0,9.0,116.0,2025,10,44,4
183,2025-11-03,142,850.0,0.5,700,85.0,94.0,22.0,190.0,104.0,49.0,107.25,59.72925023247262,78.5,9.0,116.0,2025,11,45,4
183,2025-11-10,82,850.0,0.6,700,85.0,184.0,38.0,142.0,190.0,86.0,130.5,46.02535533087529,93.375,99.0,222.0,2025,11,46,4
183,2025-12-01,103,850.0,0.0,700,85.0,91.0,52.0,82.0,142.0,104.0,129.5,47.33920151417847,100.25,6.0,143.0,2025,12,49,4
183,2025-12-08,43,850.0,0.0,700,85.0,247.0,50.0,103.0,82.0,190.0,129.25,47.52104796824242,106.375,162.0,297.0,2025,12,50,4
184,2024-12-30,162,0.0,0.0,600,0.0,0.0,0.0,0.0,0.0,0.0,0.0,0.0,0.0,0.0,0.0,2024,12,1,4
184,2025-01-06,142,450.0,0.25,600,33.0,193.0,64.0,162.0,0.0,0.0,162.0,0.0,162.0,160.0,257.0,2025,1,2,1
184,2025-01-27,88,450.0,0.2,600,33.0,193.0,64.0,142.0,162.0,0.0,152.0,14.142135623730951,152.0,160.0,257.0,2025,1,5,1
184,2025-02-03,93,450.0,0.5,600,33.0,198.0,27.0,88.0,142.0,0.0,130.66666666666666,38.279672586548244,130.66666666666666,165.0,225.0,2025,2,6,1
184,2025-02-10,73,450.0,0.3333333333333333,600,33.0,117.0,44.0,93.0,88.0,162.0,121.25,36.49086643714195,121.25,84.0,161.0,2025,2,7,1
184,2025-03-03,163,450.0,0.5,600,33.0,117.0,44.0,73.0,93.0,142.0,99.0,29.899832775452104,111.6,84.0,161.0,2025,3,10,1
184,2025-03-10,66,450.0,0.0,600,33.0,225.0,26.0,163.0,73.0,88.0,104.25,40.078048854703496,120.16666666666667,192.0,251.0,2025,3,11,1
184,2025-03-31,115,450.0,1.0,600,33.0,225.0,26.0,66.0,163.0,93.0,98.75,44.33489972170156,112.42857142857143,192.0,251.0,2025,3,14,1
184,2025-04-07,175,450.0,0.0,600,33.0,225.0,26.0,115.0,66.0,73.0,104.25,44.746508243660756,112.75,192.0,251.0,2025,4,15,2
184,2025-04-28,92,450.0,0.0,600,33.0,146.0,22.0,175.0,115.0,163.0,129.75,49.78202486842012,114.375,113.0,168.0,2025,4,18,2
184,2025-05-05,122,450.0,0.5,600,33.0,146.0,22.0,92.0,175.0,66.0,112.0,46.5259784063341,108.125,113.0,168.0,2025,5,19,2
184,2025-05-12,38,450.0,0.3333333333333333,600,33.0,33.0,98.0,122.0,92.0,115.0,126.0,35.09035954978708,112.375,0.0,131.0,2025,5,20,2
184,2025-05-26,16,450.0,1.0,600,33.0,33.0,98.0,38.0,122.0,175.0,106.75,57.256004051976944,105.5,0.0,131.0,2025,5,22,2
184,2025-06-02,131,450.0,0.0,600,33.0,205.0,23.0,16.0,38.0,92.0,67.0,48.620983124572874,98.375,172.0,228.0,2025,6,23,2
184,2025-06-09,47,450.0,0.25,600,33.0,205.0,23.0,131.0,16.0,122.0,76.75,58.26019224135808,94.375,172.0,228.0,2025,6,24,2
184,2025-06-30,58,450.0,0.0,600,33.0,205.0,23.0,47.0,131.0,38.0,58.0,50.37856687123999,92.0,172.0,228.0,2025,6,27,2
184,2025-07-07,127,450.0,0.0,600,33.0,173.0,17.0,58.0,47.0,16.0,63.0,48.69633798688905,84.875,140.0,190.0,2025,7,28,3
184,2025-07-28,95,450.0,0.3333333333333333,600,33.0,23.0,4.0,127.0,58.0,131.0,90.75,44.42503048207545,78.875,-10.0,27.0,2025,7,31,3
184,2025-08-04,38,450.0,0.5,600,33.0,23.0,4.0,95.0,127.0,47.0,81.75,36.49086643714195,79.25,-10.0,27.0,2025,8,32,3
184,2025-09-01,86,450.0,0.0,600,33.0,133.0,99.0,38.0,95.0,58.0,79.5,39.501054838236065,68.75,100.0,232.0,2025,9,36,3
184,2025-09-08,97,450.0,0.5,600,33.0,203.0,27.0,86.0,38.0,127.0,86.5,36.81032463861192,74.75,170.0,230.0,2025,9,37,3
184,2025-09-29,124,450.0,0.6666666666666666,600,33.0,125.0,46.0,97.0,86.0,95.0,79.0,27.74887385102321,84.875,92.0,171.0,2025,9,40,3
184,2025-10-06,269,450.0,0.0,600,33.0,63.0,30.0,124.0,97.0,38.0,86.25,35.9107690440254,84.0,30.0,93.0,2025,10,41,4
184,2025-10-27,45,450.0,0.4,600,33.0,52.0,99.0,269.0,124.0,86.0,144.0,84.84888528044038,111.75,19.0,151.0,2025,10,44,4
184,2025-11-03,190,450.0,1.0,600,33.0,52.0,99.0,45.0,269.0,97.0,133.75,95.94225693961272,110.125,19.0,151.0,2025,11,45,4
184,2025-11-10,114,450.0,0.4,600,33.0,215.0,69.0,190.0,45.0,124.0,157.0,95.33449882737447,118.0,182.0,284.0,2025,11,46,4
184,2025-12-01,68,450.0,0.3333333333333333,600,33.0,155.0,86.0,114.0,190.0,269.0,154.5,96.61090345642496,120.375,122.0,241.0,2025,12,49,4
184,2025-12-08,57,450.0,0.0,600,33.0,155.0,86.0,68.0,114.0,45.0,104.25,63.96027412907693,124.125,122.0,241.0,2025,12,50,4
185,2024-12-30,107,0.0,0.0,600,0.0,0.0,0.0,0.0,0.0,0.0,0.0,0.0,0.0,0.0,0.0,2024,12,1,4
185,2025-01-06,201,550.0,0.0,600,21.0,62.0,99.0,107.0,0.0,0.0,107.0,0.0,107.0,41.0,161.0,2025,1,2,1
185,2025-02-03,180,550.0,0.6,600,21.0,22.0,69.0,201.0,107.0,0.0,154.0,66.46803743153546,154.0,1.0,91.0,2025,2,6,1
185,2025-02-24,65,550.0,0.2,600,21.0,204.0,20.0,180.0,201.0,0.0,162.66666666666666,49.3389636426763,162.66666666666666,183.0,224.0,2025,2,9,1
185,2025-03-03,278,550.0,1.0,600,21.0,55.0,21.0,65.0,180.0,107.0,138.25,63.30547632972469,138.25,34.0,76.0,2025,3,10,1
185,2025-03-31,91,550.0,0.42857142857142855,600,21.0,105.0,9.0,278.0,65.0,201.0,181.0,88.06437039650788,166.2,84.0,114.0,2025,3,14,1
185,2025-04-07,56,550.0,0.3333333333333333,600,21.0,156.0,64.0,91.0,278.0,180.0,153.5,96.50733996265085,153.66666666666666,135.0,220.0,2025,4,15,2
185,2025-04-28,61,550.0,1.0,600,21.0,234.0,96.0,56.0,91.0,65.0,122.5,104.72344532147517,139.71428571428572,213.0,330.0,2025,4,18,2
185,2025-05-05,121,550.0,0.0,600,21.0,87.0,17.0,61.0,56.0,278.0,121.5,105.47195519821055,129.875,66.0,104.0,2025,5,19,2
185,2025-05-26,27,550.0,0.3333333333333333,600,21.0,90.0,22.0,121.0,61.0,91.0,82.25,30.103986446980745,131.625,69.0,112.0,2025,5,22,2
185,2025-06-02,198,550.0,1.0,600,21.0,90.0,22.0,27.0,121.0,56.0,66.25,39.457783347099806,109.875,69.0,112.0,2025,6,23,2
185,2025-06-09,21,550.0,0.25,600,21.0,231.0,84.0,198.0,27.0,61.0,101.75,75.0172202453099,112.125,210.0,315.0,2025,6,24,2
185,2025-06-30,155,550.0,0.0,600,21.0,154.0,42.0,21.0,198.0,121.0,91.75,84.3460135394673,106.625,133.0,196.0,2025,6,27,2
185,2025-07-07,99,550.0,0.3333333333333333,600,21.0,84.0,10.0,155.0,21.0,27.0,100.25,89.81230427953622,91.25,63.0,94.0,2025,7,28,3
185,2025-07-28,72,550.0,0.6666666666666666,600,21.0,84.0,10.0,99.0,155.0,198.0,118.25,76.46077425713135,92.25,63.0,94.0,2025,7,31,3
185,2025-08-04,110,550.0,0.0,600,21.0,171.0,95.0,72.0,99.0,21.0,86.75,55.82338219778518,94.25,150.0,266.0,2025,8,32,3
185,2025-08-11,31,550.0,0.25,600,21.0,171.0,95.0,110.0,72.0,155.0,109.0,34.573593005838035,100.375,150.0,266.0,2025,8,33,3
185,2025-09-01,102,550.0,1.0,600,21.0,171.0,95.0,31.0,110.0,99.0,78.0,35.16627171974115,89.125,150.0,266.0,2025,9,36,3
185,2025-09-08,202,550.0,0.3333333333333333,600,21.0,171.0,95.0,102.0,31.0,72.0,78.75,35.789896153337274,98.5,150.0,266.0,2025,9,37,3
185,2025-09-29,155,550.0,0.75,600,21.0,173.0,50.0,202.0,102.0,110.0,111.25,70.14924565999742,99.0,152.0,223.0,2025,9,40,3
185,2025-10-06,161,550.0,0.3333333333333333,600,21.0,109.0,10.0,155.0,202.0,31.0,122.5,73.41434918778934,115.75,88.0,119.0,2025,10,41,4
185,2025-11-03,121,550.0,0.6666666666666666,600,21.0,109.0,10.0,161.0,155.0,102.0,155.0,41.04469108991644,116.5,88.0,119.0,2025,11,45,4
185,2025-11-10,67,550.0,1.0,600,21.0,71.0,89.0,121.0,161.0,202.0,159.75,33.220224763437905,119.25,50.0,160.0,2025,11,46,4
185,2025-12-01,94,550.0,1.0,600,21.0,145.0,55.0,67.0,121.0,155.0,126.0,43.09679029038395,118.625,124.0,200.0,2025,12,49,4
185,2025-12-08,123,550.0,0.25,600,21.0,68.0,41.0,94.0,67.0,161.0,110.75,40.10299240705111,116.625,47.0,109.0,2025,12,50,4
186,2024-12-30,123,0.0,0.0,350,0.0,0.0,0.0,0.0,0.0,0.0,0.0,0.0,0.0,0.0,0.0,2024,12,1,4
186,2025-01-06,111,850.0,0.5,350,27.0,0.0,0.0,123.0,0.0,0.0,123.0,0.0,123.0,0.0,0.0,2025,1,2,1
186,2025-01-27,19,850.0,0.0,350,27.0,175.0,42.0,111.0,123.0,0.0,117.0,8.48528137423857,117.0,148.0,217.0,2025,1,5,1
186,2025-02-03,175,850.0,0.0,350,27.0,63.0,11.0,19.0,111.0,0.0,84.33333333333333,56.897568782271655,84.33333333333333,36.0,74.0,2025,2,6,1
186,2025-02-10,59,850.0,0.5,350,27.0,160.0,57.0,175.0,19.0,123.0,107.0,64.91019437140312,107.0,133.0,217.0,2025,2,7,1
186,2025-02-24,15,850.0,0.5,350,27.0,160.0,57.0,59.0,175.0,111.0,91.0,67.4882705858334,97.4,133.0,217.0,2025,2,9,1
186,2025-03-03,106,850.0,0.0,350,27.0,160.0,57.0,15.0,59.0,19.0,67.0,74.69047239552489,83.66666666666667,133.0,217.0,2025,3,10,1
186,2025-03-31,194,850.0,0.0,350,27.0,128.0,74.0,106.0,15.0,175.0,88.75,68.46105949126603,86.85714285714286,101.0,202.0,2025,3,14,1
186,2025-04-07,109,850.0,0.6666666666666666,350,27.0,181.0,55.0,194.0,106.0,59.0,93.5,76.61374985383934,100.25,154.0,236.0,2025,4,15,2
186,2025-04-28,23,850.0,0.0,350,27.0,232.0,75.0,109.0,194.0,15.0,106.0,73.10722718491427,98.5,205.0,307.0,2025,4,18,2
186,2025-05-05,173,850.0,0.0,350,27.0,232.0,75.0,23.0,109.0,106.0,108.0,69.82358722762196,87.5,205.0,307.0,2025,5,19,2
186,2025-05-12,95,850.0,0.2,350,27.0,27.0,5.0,173.0,23.0,194.0,124.75,76.86514164431104,106.75,0.0,32.0,2025,5,20,2
186,2025-06-02,73,850.0,1.0,350,27.0,130.0,40.0,95.0,173.0,109.0,100.0,61.54673021371647,96.75,103.0,170.0,2025,6,23,2
186,2025-06-09,80,850.0,0.3333333333333333,350,27.0,26.0,6.0,73.0,95.0,23.0,91.0,62.417946137308945,98.5,-1.0,32.0,2025,6,24,2
186,2025-06-30,65,850.0,0.3333333333333333,350,27.0,26.0,6.0,80.0,73.0,173.0,105.25,46.08958667638494,106.625,-1.0,32.0,2025,6,27,2
186,2025-07-07,169,850.0,0.0,350,27.0,26.0,6.0,65.0,80.0,95.0,78.25,12.737739202857025,101.5,-1.0,32.0,2025,7,28,3
186,2025-07-28,54,850.0,1.0,350,27.0,135.0,82.0,169.0,65.0,73.0,96.75,48.554951687066215,98.375,108.0,217.0,2025,7,31,3
186,2025-08-04,155,850.0,0.0,350,27.0,218.0,50.0,54.0,169.0,80.0,92.0,52.427728032660994,91.5,191.0,268.0,2025,8,32,3
186,2025-08-11,25,850.0,0.6,350,27.0,75.0,61.0,155.0,54.0,65.0,110.75,59.623121913119135,108.0,48.0,136.0,2025,8,33,3
186,2025-09-01,107,850.0,0.0,350,27.0,240.0,63.0,25.0,155.0,169.0,100.75,71.93689364065331,89.5,213.0,303.0,2025,9,36,3
186,2025-09-08,29,850.0,0.3333333333333333,350,27.0,148.0,64.0,107.0,25.0,54.0,85.25,57.57531299668867,91.0,121.0,212.0,2025,9,37,3
186,2025-09-29,37,850.0,0.0,350,27.0,166.0,97.0,29.0,107.0,155.0,79.0,63.18227599572526,85.5,139.0,263.0,2025,9,40,3
186,2025-10-06,166,850.0,0.0,350,27.0,166.0,97.0,37.0,29.0,25.0,49.5,38.65660788705256,80.125,139.0,263.0,2025,10,41,4
186,2025-10-27,35,850.0,0.5,350,27.0,107.0,76.0,166.0,37.0,107.0,84.75,64.51033508929662,92.75,80.0,183.0,2025,10,44,4
186,2025-11-03,125,850.0,1.0,350,27.0,77.0,80.0,35.0,166.0,29.0,66.75,66.2539307010032,76.0,50.0,157.0,2025,11,45,4
186,2025-11-10,67,850.0,0.25,350,27.0,216.0,83.0,125.0,35.0,37.0,90.75,65.40323641329483,84.875,189.0,299.0,2025,11,46,4
186,2025-12-01,139,850.0,0.5,350,27.0,222.0,60.0,67.0,125.0,166.0,98.25,58.545566299535736,73.875,195.0,282.0,2025,12,49,4
186,2025-12-08,54,850.0,0.0,350,27.0,34.0,77.0,139.0,67.0,35.0,91.5,48.891035306417216,88.125,7.0,111.0,2025,12,50,4
187,2024-12-30,87,0.0,0.0,1200,0.0,0.0,0.0,0.0,0.0,0.0,0.0,0.0,0.0,0.0,0.0,2024,12,1,4
187,2025-01-06,109,450.0,0.0,1200,78.0,0.0,0.0,87.0,0.0,0.0,87.0,0.0,87.0,0.0,0.0,2025,1,2,1
187,2025-01-27,58,450.0,0.6666666666666666,1200,78.0,0.0,0.0,109.0,87.0,0.0,98.0,15.556349186104045,98.0,0.0,0.0,2025,1,5,1
187,2025-02-03,198,450.0,1.0,1200,78.0,0.0,0.0,58.0,109.0,0.0,84.66666666666667,25.57994005726623,84.66666666666667,0.0,0.0,2025,2,6,1
187,2025-02-10,77,450.0,0.0,1200,78.0,34.0,44.0,198.0,58.0,87.0,113.0,60.39315634517982,113.0,-44.0,78.0,2025,2,7,1
187,2025-02-24,41,450.0,0.0,1200,78.0,34.0,44.0,77.0,198.0,109.0,110.5,62.013439403621746,105.8,-44.0,78.0,2025,2,9,1
187,2025-03-03,317,450.0,0.0,1200,78.0,34.0,44.0,41.0,77.0,58.0,93.5,71.20159174250718,95.0,-44.0,78.0,2025,3,10,1
187,2025-03-10,76,450.0,0.4,1200,78.0,229.0,44.0,317.0,41.0,198.0,158.25,125.34053614054793,126.71428571428571,151.0,273.0,2025,3,11,1
187,2025-03-31,126,450.0,1.0,1200,78.0,229.0,44.0,76.0,317.0,77.0,127.75,127.27234577864903,120.375,151.0,273.0,2025,3,14,1
187,2025-04-07,153,450.0,0.0,1200,78.0,59.0,88.0,126.0,76.0,41.0,140.0,123.04741633478805,125.25,-19.0,147.0,2025,4,15,2
187,2025-04-28,85,450.0,0.3333333333333333,1200,78.0,33.0,31.0,153.0,126.0,317.0,168.0,104.32960589720766,130.75,-45.0,64.0,2025,4,18,2
187,2025-05-05,131,450.0,0.0,1200,78.0,151.0,18.0,85.0,153.0,76.0,110.0,35.990739549686026,134.125,73.0,169.0,2025,5,19,2
187,2025-05-26,20,450.0,0.25,1200,78.0,236.0,82.0,131.0,85.0,126.0,123.75,28.371053323179016,125.75,158.0,318.0,2025,5,22,2
187,2025-06-02,71,450.0,0.0,1200,78.0,164.0,93.0,20.0,131.0,153.0,97.25,58.77853916751136,118.625,86.0,257.0,2025,6,23,2
187,2025-06-30,113,450.0,0.0,1200,78.0,164.0,93.0,71.0,20.0,85.0,76.75,45.69737410398983,122.375,86.0,257.0,2025,6,27,2
187,2025-07-07,92,450.0,0.0,1200,78.0,94.0,91.0,113.0,71.0,131.0,83.75,49.37863910639904,96.875,16.0,185.0,2025,7,28,3
187,2025-07-28,42,450.0,1.0,1200,78.0,170.0,94.0,92.0,113.0,20.0,74.0,39.87480407475378,98.875,92.0,264.0,2025,7,31,3
187,2025-08-04,129,450.0,0.0,1200,78.0,85.0,20.0,42.0,92.0,71.0,79.5,30.315012782448246,88.375,7.0,105.0,2025,8,32,3
187,2025-09-01,116,450.0,0.5,1200,78.0,93.0,87.0,129.0,42.0,113.0,94.0,37.83296622435695,85.375,15.0,180.0,2025,9,36,3
187,2025-09-08,67,450.0,0.0,1200,78.0,93.0,87.0,116.0,129.0,92.0,94.75,38.36122173932074,89.25,15.0,180.0,2025,9,37,3
187,2025-09-29,21,450.0,0.0,1200,78.0,38.0,5.0,67.0,116.0,42.0,88.5,40.91047135718027,81.25,-40.0,43.0,2025,9,40,3
187,2025-10-06,97,450.0,0.0,1200,78.0,38.0,5.0,21.0,67.0,129.0,83.25,49.344874776076466,81.375,-40.0,43.0,2025,10,41,4
187,2025-10-27,188,450.0,0.0,1200,78.0,228.0,1.0,97.0,21.0,116.0,75.25,41.41155233345723,84.625,150.0,229.0,2025,10,44,4
187,2025-11-03,135,450.0,0.5,1200,78.0,228.0,1.0,188.0,97.0,67.0,93.25,70.47635537303746,94.0,150.0,229.0,2025,11,45,4
187,2025-11-10,52,450.0,0.3333333333333333,1200,78.0,181.0,32.0,135.0,188.0,21.0,110.25,70.23472550431636,99.375,103.0,213.0,2025,11,46,4
187,2025-12-01,60,450.0,0.0,1200,78.0,225.0,63.0,52.0,135.0,97.0,118.0,57.69459824512749,100.625,147.0,288.0,2025,12,49,4
187,2025-12-08,109,450.0,0.5,1200,78.0,157.0,40.0,60.0,52.0,188.0,108.75,64.72184072372066,92.0,79.0,197.0,2025,12,50,4
188,2024-12-30,302,0.0,0.0,999,0.0,0.0,0.0,0.0,0.0,0.0,0.0,0.0,0.0,0.0,0.0,2024,12,1,4
188,2025-01-06,107,550.0,0.25,999,57.0,24.0,0.0,302.0,0.0,0.0,302.0,0.0,302.0,-33.0,24.0,2025,1,2,1
188,2025-01-27,40,550.0,0.6666666666666666,999,57.0,24.0,0.0,107.0,302.0,0.0,204.5,137.88582233137677,204.5,-33.0,24.0,2025,1,5,1
188,2025-02-03,184,550.0,1.0,999,57.0,98.0,98.0,40.0,107.0,0.0,149.66666666666666,136.11147392241895,149.66666666666666,41.0,196.0,2025,2,6,1
188,2025-02-10,53,550.0,0.75,999,57.0,14.0,30.0,184.0,40.0,302.0,158.25,112.4525825996599,158.25,-43.0,44.0,2025,2,7,1
188,2025-02-24,81,550.0,0.0,999,57.0,14.0,30.0,53.0,184.0,107.0,96.0,65.44717972023955,137.2,-43.0,44.0,2025,2,9,1
188,2025-03-03,106,550.0,0.5,999,57.0,129.0,11.0,81.0,53.0,40.0,89.5,65.28144197753805,127.83333333333333,72.0,140.0,2025,3,10,1
188,2025-03-10,62,550.0,0.3333333333333333,999,57.0,37.0,41.0,106.0,81.0,184.0,106.0,56.326429557239535,124.71428571428571,-20.0,78.0,2025,3,11,1
188,2025-03-31,57,550.0,0.5,999,57.0,37.0,41.0,62.0,106.0,53.0,75.5,23.44497103147426,116.875,-20.0,78.0,2025,3,14,1
188,2025-04-07,165,550.0,0.5,999,57.0,162.0,46.0,57.0,62.0,81.0,76.5,22.218610817660657,86.25,105.0,208.0,2025,4,15,2
188,2025-04-28,67,550.0,0.25,999,57.0,246.0,4.0,165.0,57.0,106.0,97.5,50.096573402446076,93.5,189.0,250.0,2025,4,18,2
188,2025-05-05,187,550.0,0.0,999,57.0,246.0,4.0,67.0,165.0,62.0,87.75,51.66155888730679,96.875,189.0,250.0,2025,5,19,2
188,2025-05-12,46,550.0,0.2,999,57.0,167.0,20.0,187.0,67.0,57.0,119.0,66.5532368358845,97.25,110.0,187.0,2025,5,20,2
188,2025-05-26,29,550.0,1.0,999,57.0,122.0,45.0,46.0,187.0,165.0,116.25,70.10171181932722,96.375,65.0,167.0,2025,5,22,2
188,2025-06-02,103,550.0,0.0,999,57.0,66.0,47.0,29.0,46.0,67.0,82.25,71.54194573814722,89.875,9.0,113.0,2025,6,23,2
188,2025-06-09,91,550.0,0.0,999,57.0,189.0,85.0,103.0,29.0,187.0,91.25,71.24780698379425,89.5,132.0,274.0,2025,6,24,2
188,2025-06-30,66,550.0,0.5,999,57.0,194.0,14.0,91.0,103.0,46.0,67.25,35.38714455844101,93.125,137.0,208.0,2025,6,27,2
188,2025-07-07,115,550.0,1.0,999,57.0,130.0,46.0,66.0,91.0,29.0,72.25,32.69429104089379,94.25,73.0,176.0,2025,7,28,3
188,2025-07-28,32,550.0,0.0,999,57.0,25.0,34.0,115.0,66.0,103.0,93.75,20.934421415458345,88.0,-32.0,59.0,2025,7,31,3
188,2025-08-04,234,550.0,0.0,999,57.0,25.0,34.0,32.0,115.0,91.0,76.0,35.5058680596133,83.625,-32.0,59.0,2025,8,32,3
188,2025-08-11,21,550.0,0.4,999,57.0,102.0,34.0,234.0,32.0,66.0,111.75,88.33411949335697,89.5,45.0,136.0,2025,8,33,3
188,2025-09-01,89,550.0,0.0,999,57.0,82.0,91.0,21.0,234.0,115.0,100.5,98.39546059990099,86.375,25.0,173.0,2025,9,36,3
188,2025-09-08,86,550.0,0.0,999,57.0,242.0,39.0,89.0,21.0,32.0,94.0,97.97618758317418,93.875,185.0,281.0,2025,9,37,3
188,2025-09-29,105,550.0,0.0,999,57.0,201.0,83.0,86.0,89.0,234.0,107.5,89.97962732381889,91.75,144.0,284.0,2025,9,40,3
188,2025-10-06,171,550.0,0.5,999,57.0,201.0,83.0,105.0,86.0,21.0,75.25,37.11580974912624,93.5,144.0,284.0,2025,10,41,4
188,2025-10-27,45,550.0,0.0,999,57.0,214.0,19.0,171.0,105.0,89.0,112.75,39.71880327166637,106.625,157.0,233.0,2025,10,44,4
188,2025-11-03,214,550.0,0.5,999,57.0,214.0,19.0,45.0,171.0,86.0,101.75,52.519044164950316,97.875,157.0,233.0,2025,11,45,4
188,2025-11-10,84,550.0,0.4,999,57.0,138.0,90.0,214.0,45.0,105.0,133.75,74.23105818995175,120.625,81.0,228.0,2025,11,46,4
188,2025-12-01,169,550.0,0.5,999,57.0,180.0,11.0,84.0,214.0,171.0,128.5,77.607989279455,101.875,123.0,191.0,2025,12,49,4
188,2025-12-08,78,550.0,0.5,999,57.0,179.0,34.0,169.0,84.0,45.0,128.0,77.2485167063636,120.375,122.0,213.0,2025,12,50,4
189,2024-12-30,71,0.0,0.0,1200,0.0,0.0,0.0,0.0,0.0,0.0,0.0,0.0,0.0,0.0,0.0,2024,12,1,4
189,2025-01-06,125,650.0,0.5,1200,33.0,51.0,45.0,71.0,0.0,0.0,71.0,0.0,71.0,18.0,96.0,2025,1,2,1
189,2025-01-27,62,650.0,0.25,1200,33.0,226.0,38.0,125.0,71.0,0.0,98.0,38.18376618407357,98.0,193.0,264.0,2025,1,5,1
189,2025-02-03,27,650.0,1.0,1200,33.0,66.0,25.0,62.0,125.0,0.0,86.0,34.07345007480164,86.0,33.0,91.0,2025,2,6,1
189,2025-02-10,76,650.0,0.0,1200,33.0,66.0,25.0,27.0,62.0,71.0,71.25,40.549352645880795,71.25,33.0,91.0,2025,2,7,1
189,2025-02-24,21,650.0,0.5,1200,33.0,66.0,25.0,76.0,27.0,125.0,72.5,40.616088766234824,72.2,33.0,91.0,2025,2,9,1
189,2025-03-03,15,650.0,0.0,1200,33.0,66.0,25.0,21.0,76.0,62.0,46.5,26.714540360385516,63.666666666666664,33.0,91.0,2025,3,10,1
189,2025-03-10,62,650.0,0.0,1200,33.0,12.0,46.0,15.0,21.0,27.0,34.75,27.932955446926844,56.714285714285715,-21.0,58.0,2025,3,11,1
189,2025-03-31,159,650.0,0.5,1200,33.0,12.0,46.0,62.0,15.0,76.0,43.5,30.094296248071107,57.375,-21.0,58.0,2025,3,14,1
189,2025-04-07,152,650.0,0.0,1200,33.0,210.0,10.0,159.0,62.0,21.0,64.25,66.53006839016476,68.375,177.0,220.0,2025,4,15,2
189,2025-04-28,49,650.0,0.75,1200,33.0,210.0,10.0,152.0,159.0,15.0,97.0,70.28039081659502,71.75,177.0,220.0,2025,4,18,2
189,2025-05-05,215,650.0,0.0,1200,33.0,111.0,1.0,49.0,152.0,62.0,105.5,58.04883001979167,70.125,78.0,112.0,2025,5,19,2
189,2025-05-12,26,650.0,0.3333333333333333,1200,33.0,111.0,1.0,215.0,49.0,159.0,143.75,69.17309207102619,93.625,78.0,112.0,2025,5,20,2
189,2025-05-26,18,650.0,0.0,1200,33.0,111.0,1.0,26.0,215.0,152.0,110.5,88.62843787408192,87.375,78.0,112.0,2025,5,22,2
189,2025-06-02,143,650.0,0.0,1200,33.0,111.0,1.0,18.0,26.0,49.0,77.0,92.93366810078393,87.0,78.0,112.0,2025,6,23,2
189,2025-06-09,51,650.0,0.0,1200,33.0,178.0,13.0,143.0,18.0,215.0,100.5,95.34673565466203,103.0,145.0,191.0,2025,6,24,2
189,2025-06-30,82,650.0,0.0,1200,33.0,131.0,16.0,51.0,143.0,26.0,59.5,57.41370335846081,101.625,98.0,147.0,2025,6,27,2
189,2025-07-07,101,650.0,0.3333333333333333,1200,33.0,203.0,43.0,82.0,51.0,18.0,73.5,53.19461125590324,92.0,170.0,246.0,2025,7,28,3
189,2025-08-04,47,650.0,0.0,1200,33.0,167.0,83.0,101.0,82.0,143.0,94.25,38.482680086847736,85.625,134.0,250.0,2025,8,32,3
189,2025-08-11,53,650.0,0.0,1200,33.0,167.0,15.0,47.0,101.0,51.0,70.25,25.785978101803067,85.375,134.0,182.0,2025,8,33,3
189,2025-09-01,78,650.0,0.0,1200,33.0,127.0,80.0,53.0,47.0,82.0,70.75,25.303161857760003,65.125,94.0,207.0,2025,9,36,3
189,2025-09-08,184,650.0,0.0,1200,33.0,231.0,83.0,78.0,53.0,101.0,69.75,24.78406746278747,71.625,198.0,314.0,2025,9,37,3
189,2025-09-29,168,650.0,0.75,1200,33.0,234.0,8.0,184.0,78.0,47.0,90.5,63.762580458029355,92.375,201.0,242.0,2025,9,40,3
189,2025-10-06,73,650.0,0.5,1200,33.0,96.0,23.0,168.0,184.0,53.0,120.75,64.93779074365456,95.5,63.0,119.0,2025,10,41,4
189,2025-11-03,126,650.0,0.0,1200,33.0,14.0,70.0,73.0,168.0,78.0,125.75,58.42587896928324,98.25,-19.0,84.0,2025,11,45,4
189,2025-11-10,37,650.0,0.25,1200,33.0,242.0,25.0,126.0,73.0,184.0,137.75,49.614346043592406,103.75,209.0,267.0,2025,11,46,4
189,2025-12-01,24,650.0,1.0,1200,33.0,242.0,25.0,37.0,126.0,168.0,101.0,57.71770381203096,95.75,209.0,267.0,2025,12,49,4
189,2025-12-08,148,650.0,0.0,1200,33.0,79.0,80.0,24.0,37.0,73.0,65.0,45.64354645876384,92.875,46.0,159.0,2025,12,50,4
190,2024-12-30,132,0.0,0.0,1800,0.0,0.0,0.0,0.0,0.0,0.0,0.0,0.0,0.0,0.0,0.0,2024,12,1,4
190,2025-01-06,95,350.0,0.6666666666666666,1800,60.0,241.0,60.0,132.0,0.0,0.0,132.0,0.0,132.0,181.0,301.0,2025,1,2,1
190,2025-01-27,137,350.0,1.0,1800,60.0,241.0,60.0,95.0,132.0,0.0,113.5,26.16295090390226,113.5,181.0,301.0,2025,1,5,1
190,2025-02-03,77,350.0,0.5,1800,60.0,162.0,66.0,137.0,95.0,0.0,121.33333333333333,22.94195574342635,121.33333333333333,102.0,228.0,2025,2,6,1
190,2025-02-10,24,350.0,0.0,1800,60.0,167.0,10.0,77.0,137.0,132.0,110.25,29.0215437218629,110.25,107.0,177.0,2025,2,7,1
190,2025-02-24,26,350.0,0.0,1800,60.0,167.0,10.0,24.0,77.0,95.0,83.25,46.82146943443787,93.0,107.0,177.0,2025,2,9,1
190,2025-03-03,155,350.0,0.0,1800,60.0,140.0,12.0,26.0,24.0,137.0,66.0,53.31041174104736,81.83333333333333,80.0,152.0,2025,3,10,1
190,2025-03-10,93,350.0,0.3333333333333333,1800,60.0,11.0,72.0,155.0,26.0,77.0,70.5,61.44102863722254,92.28571428571429,-49.0,83.0,2025,3,11,1
190,2025-03-31,73,350.0,1.0,1800,60.0,110.0,3.0,93.0,155.0,24.0,74.5,62.51666444503684,92.375,50.0,113.0,2025,3,14,1
190,2025-04-07,158,350.0,0.0,1800,60.0,100.0,10.0,73.0,93.0,26.0,86.75,53.46883827676329,85.0,40.0,110.0,2025,4,15,2
190,2025-04-28,46,350.0,0.3333333333333333,1800,60.0,100.0,10.0,158.0,73.0,155.0,119.75,43.23096883793685,92.875,40.0,110.0,2025,4,18,2
190,2025-05-05,104,350.0,0.0,1800,60.0,146.0,63.0,46.0,158.0,93.0,92.5,47.72490614623215,81.5,86.0,209.0,2025,5,19,2
190,2025-05-26,33,350.0,0.0,1800,60.0,16.0,16.0,104.0,46.0,73.0,95.25,48.07892816331635,84.875,-44.0,32.0,2025,5,22,2
190,2025-06-02,53,350.0,1.0,1800,60.0,109.0,55.0,33.0,104.0,158.0,85.25,57.48840462794795,86.0,49.0,164.0,2025,6,23,2
190,2025-06-09,119,350.0,0.0,1800,60.0,230.0,53.0,53.0,33.0,46.0,59.0,31.123410267299874,89.375,170.0,283.0,2025,6,24,2
190,2025-06-30,225,350.0,1.0,1800,60.0,207.0,57.0,119.0,53.0,104.0,77.25,40.84421623681865,84.875,147.0,264.0,2025,6,27,2
190,2025-07-07,86,350.0,0.75,1800,60.0,227.0,37.0,225.0,119.0,33.0,107.5,86.52359986346693,101.375,167.0,264.0,2025,7,28,3
190,2025-07-28,124,350.0,0.3333333333333333,1800,60.0,137.0,78.0,86.0,225.0,53.0,120.75,74.54025757937788,103.0,77.0,215.0,2025,7,31,3
190,2025-08-04,197,350.0,1.0,1800,60.0,137.0,78.0,124.0,86.0,119.0,138.5,60.08050155139076,98.75,77.0,215.0,2025,8,32,3
190,2025-09-01,117,350.0,0.8,1800,60.0,182.0,40.0,197.0,124.0,225.0,158.0,64.1612551830672,117.625,122.0,222.0,2025,9,36,3
190,2025-09-08,32,350.0,0.3333333333333333,1800,60.0,142.0,92.0,117.0,197.0,86.0,131.0,46.99645376692445,119.25,82.0,234.0,2025,9,37,3
190,2025-09-29,148,350.0,0.0,1800,60.0,142.0,92.0,32.0,117.0,124.0,117.5,67.51049301158056,119.125,82.0,234.0,2025,9,40,3
190,2025-10-06,169,350.0,0.0,1800,60.0,142.0,92.0,148.0,32.0,197.0,123.5,69.32291588404709,131.0,82.0,234.0,2025,10,41,4
190,2025-10-27,28,350.0,0.3333333333333333,1800,60.0,246.0,70.0,169.0,148.0,117.0,116.5,60.24671498651746,137.25,186.0,316.0,2025,10,44,4
190,2025-11-03,124,350.0,0.0,1800,60.0,246.0,70.0,28.0,169.0,32.0,94.25,74.70107094279172,112.625,186.0,316.0,2025,11,45,4
190,2025-11-10,73,350.0,0.25,1800,60.0,246.0,70.0,124.0,28.0,148.0,117.25,62.27559714687609,117.375,186.0,316.0,2025,11,46,4
190,2025-12-01,108,350.0,0.5,1800,60.0,194.0,33.0,73.0,124.0,169.0,98.5,61.21274377121157,111.0,134.0,227.0,2025,12,49,4
191,2024-12-30,169,0.0,0.0,2200,0.0,0.0,0.0,0.0,0.0,0.0,0.0,0.0,0.0,0.0,0.0,2024,12,1,4
191,2025-01-06,92,1500.0,0.0,2200,32.0,80.0,69.0,169.0,0.0,0.0,169.0,0.0,169.0,48.0,149.0,2025,1,2,1
191,2025-01-27,41,1500.0,0.3333333333333333,2200,32.0,247.0,52.0,92.0,169.0,0.0,130.5,54.44722215136416,130.5,215.0,299.0,2025,1,5,1
191,2025-02-03,154,1500.0,1.0,2200,32.0,247.0,52.0,41.0,92.0,0.0,100.66666666666667,64.43860126766668,100.66666666666667,215.0,299.0,2025,2,6,1
191,2025-02-10,128,1500.0,0.2,2200,32.0,135.0,5.0,154.0,41.0,169.0,114.0,58.98587401516853,114.0,103.0,140.0,2025,2,7,1
191,2025-03-03,151,1500.0,0.0,2200,32.0,102.0,87.0,128.0,154.0,92.0,103.75,48.95150661624216,116.8,70.0,189.0,2025,3,10,1
191,2025-03-10,21,1500.0,0.2,2200,32.0,33.0,56.0,151.0,128.0,41.0,118.5,52.95595654252063,122.5,1.0,89.0,2025,3,11,1
191,2025-03-31,52,1500.0,0.0,2200,32.0,33.0,56.0,21.0,151.0,154.0,113.5,62.75083000779087,108.0,1.0,89.0,2025,3,14,1
191,2025-04-07,49,1500.0,0.0,2200,32.0,10.0,71.0,52.0,21.0,128.0,88.0,61.51964455900787,101.0,-22.0,81.0,2025,4,15,2
191,2025-04-28,29,1500.0,0.0,2200,32.0,183.0,9.0,49.0,52.0,151.0,68.25,56.90562362368064,86.0,151.0,192.0,2025,4,18,2
191,2025-05-05,43,1500.0,0.0,2200,32.0,236.0,0.0,29.0,49.0,21.0,37.75,15.12999228904852,78.125,204.0,236.0,2025,5,19,2
191,2025-05-26,20,1500.0,0.0,2200,32.0,233.0,8.0,43.0,29.0,52.0,43.25,10.210288928331117,78.375,201.0,241.0,2025,5,22,2
191,2025-06-02,48,1500.0,0.0,2200,32.0,233.0,8.0,20.0,43.0,49.0,35.25,13.175102782647821,61.625,201.0,241.0,2025,6,23,2
191,2025-06-09,91,1500.0,0.0,2200,32.0,59.0,14.0,48.0,20.0,29.0,35.0,12.832251036613478,51.625,27.0,73.0,2025,6,24,2
191,2025-06-30,133,1500.0,0.5,2200,32.0,105.0,10.0,91.0,48.0,43.0,50.5,29.625439518539935,44.125,73.0,115.0,2025,6,27,2
191,2025-07-07,121,1500.0,0.0,2200,32.0,190.0,86.0,133.0,91.0,20.0,73.0,49.52440475832766,58.125,158.0,276.0,2025,7,28,3
191,2025-07-28,49,1500.0,0.3333333333333333,2200,32.0,79.0,56.0,121.0,133.0,48.0,98.25,37.87149323699821,66.75,47.0,135.0,2025,7,31,3
191,2025-08-04,152,1500.0,0.0,2200,32.0,239.0,86.0,49.0,121.0,91.0,98.5,37.42993454442582,66.75,207.0,325.0,2025,8,32,3
191,2025-08-11,25,1500.0,0.4,2200,32.0,239.0,86.0,152.0,49.0,133.0,113.75,45.01388674620312,82.125,207.0,325.0,2025,8,33,3
191,2025-09-01,320,1500.0,0.0,2200,32.0,239.0,86.0,25.0,152.0,121.0,86.75,59.634302209382824,79.875,207.0,325.0,2025,9,36,3
191,2025-09-08,33,1500.0,0.75,2200,32.0,154.0,22.0,320.0,25.0,49.0,136.5,134.16532090422373,117.375,122.0,176.0,2025,9,37,3
191,2025-09-29,106,1500.0,1.0,2200,32.0,154.0,22.0,33.0,320.0,152.0,132.5,137.8320233714454,115.5,122.0,176.0,2025,9,40,3
191,2025-10-06,154,1500.0,0.0,2200,32.0,154.0,22.0,106.0,33.0,25.0,121.0,137.58149100321114,117.375,122.0,176.0,2025,10,41,4
191,2025-10-27,27,1500.0,0.25,2200,32.0,79.0,60.0,154.0,106.0,320.0,153.25,121.79046213339805,120.0,47.0,139.0,2025,10,44,4
191,2025-11-03,118,1500.0,0.0,2200,32.0,79.0,60.0,27.0,154.0,33.0,80.0,61.01912268570675,108.25,47.0,139.0,2025,11,45,4
191,2025-11-10,119,1500.0,0.0,2200,32.0,83.0,29.0,118.0,27.0,106.0,101.25,53.53737012592231,116.875,51.0,112.0,2025,11,46,4
191,2025-12-01,43,1500.0,0.5,2200,32.0,10.0,84.0,119.0,118.0,154.0,104.5,54.3108337872534,112.75,-22.0,94.0,2025,12,49,4
191,2025-12-08,98,1500.0,0.0,2200,32.0,12.0,100.0,43.0,119.0,27.0,76.75,48.650967787564774,115.0,-20.0,112.0,2025,12,50,4
192,2024-12-30,72,0.0,0.0,750,0.0,0.0,0.0,0.0,0.0,0.0,0.0,0.0,0.0,0.0,0.0,2024,12,1,4
192,2025-01-06,134,1500.0,0.0,750,76.0,79.0,10.0,72.0,0.0,0.0,72.0,0.0,72.0,3.0,89.0,2025,1,2,1
192,2025-01-27,125,1500.0,0.25,750,76.0,79.0,10.0,134.0,72.0,0.0,103.0,43.840620433565945,103.0,3.0,89.0,2025,1,5,1
192,2025-02-03,91,1500.0,0.5,750,76.0,79.0,10.0,125.0,134.0,0.0,110.33333333333333,33.50124375800596,110.33333333333333,3.0,89.0,2025,2,6,1
192,2025-03-03,93,1500.0,0.5,750,76.0,85.0,100.0,91.0,125.0,72.0,105.5,29.011491975882016,105.5,9.0,185.0,2025,3,10,1
192,2025-03-10,27,1500.0,0.5,750,76.0,85.0,100.0,93.0,91.0,134.0,110.75,21.975364995072702,103.0,9.0,185.0,2025,3,11,1
192,2025-03-31,106,1500.0,0.0,750,76.0,85.0,100.0,27.0,93.0,125.0,84.0,41.069047550030504,90.33333333333333,9.0,185.0,2025,3,14,1
192,2025-04-07,153,1500.0,0.25,750,76.0,85.0,100.0,106.0,27.0,91.0,79.25,35.462421425127374,92.57142857142857,9.0,185.0,2025,4,15,2
192,2025-04-28,19,1500.0,0.0,750,76.0,18.0,62.0,153.0,106.0,93.0,94.75,52.002403790594144,100.125,-58.0,80.0,2025,4,18,2
192,2025-05-05,285,1500.0,0.0,750,76.0,23.0,43.0,19.0,153.0,27.0,76.25,64.4948318342899,93.5,-53.0,66.0,2025,5,19,2
192,2025-05-26,43,1500.0,0.16666666666666666,750,76.0,238.0,24.0,285.0,19.0,106.0,140.75,111.03865693231945,112.375,162.0,262.0,2025,5,22,2
192,2025-06-02,161,1500.0,1.0,750,76.0,238.0,24.0,43.0,285.0,153.0,125.0,121.57850687244573,102.125,162.0,262.0,2025,6,23,2
192,2025-06-30,191,1500.0,0.5,750,76.0,238.0,24.0,161.0,43.0,19.0,127.0,122.25656083281038,110.875,162.0,262.0,2025,6,27,2
192,2025-07-07,100,1500.0,0.25,750,76.0,234.0,85.0,191.0,161.0,285.0,170.0,99.79311933528616,123.125,158.0,319.0,2025,7,28,3
192,2025-08-04,267,1500.0,0.3333333333333333,750,76.0,191.0,76.0,100.0,191.0,43.0,123.75,65.81476531397293,132.25,115.0,267.0,2025,8,32,3
192,2025-08-11,79,1500.0,0.5,750,76.0,167.0,34.0,267.0,100.0,161.0,179.75,69.4040104508858,152.375,91.0,201.0,2025,8,33,3
192,2025-09-01,22,1500.0,0.0,750,76.0,167.0,34.0,79.0,267.0,191.0,159.25,86.73474889954237,143.125,91.0,201.0,2025,9,36,3
192,2025-09-08,78,1500.0,0.0,750,76.0,167.0,34.0,22.0,79.0,100.0,117.0,105.29007550571896,143.5,91.0,201.0,2025,9,37,3
192,2025-09-29,20,1500.0,0.0,750,76.0,182.0,83.0,78.0,22.0,267.0,111.5,107.03426242719354,117.625,106.0,265.0,2025,9,40,3
192,2025-10-06,226,1500.0,0.0,750,76.0,184.0,16.0,20.0,78.0,79.0,49.75,33.210189199501194,114.75,108.0,200.0,2025,10,41,4
192,2025-10-27,97,1500.0,0.3333333333333333,750,76.0,177.0,99.0,226.0,20.0,22.0,86.5,96.80736886552937,122.875,101.0,276.0,2025,10,44,4
192,2025-11-10,24,1500.0,1.0,750,76.0,177.0,99.0,97.0,226.0,78.0,105.25,86.90751789498228,111.125,101.0,276.0,2025,11,46,4
192,2025-12-01,162,1500.0,0.0,750,76.0,19.0,89.0,24.0,97.0,20.0,91.75,96.24404743497992,101.625,-57.0,108.0,2025,12,49,4
192,2025-12-08,132,1500.0,0.75,750,76.0,16.0,44.0,162.0,24.0,226.0,127.25,86.66939098282238,88.5,-60.0,60.0,2025,12,50,4
193,2024-12-30,89,0.0,0.0,750,0.0,0.0,0.0,0.0,0.0,0.0,0.0,0.0,0.0,0.0,0.0,2024,12,1,4
193,2025-01-06,192,999.0,0.25,750,56.0,40.0,38.0,89.0,0.0,0.0,89.0,0.0,89.0,-16.0,78.0,2025,1,2,1
193,2025-01-27,52,999.0,0.6,750,56.0,40.0,38.0,192.0,89.0,0.0,140.5,72.8319984622144,140.5,-16.0,78.0,2025,1,5,1
193,2025-02-03,132,999.0,1.0,750,56.0,40.0,38.0,52.0,192.0,0.0,111.0,72.54653678846427,111.0,-16.0,78.0,2025,2,6,1
193,2025-02-10,94,999.0,0.3333333333333333,750,56.0,123.0,75.0,132.0,52.0,89.0,116.25,60.157432347688065,116.25,67.0,198.0,2025,2,7,1
193,2025-02-24,15,999.0,1.0,750,56.0,123.0,75.0,94.0,132.0,192.0,117.5,59.450259320993155,111.8,67.0,198.0,2025,2,9,1
193,2025-03-03,289,999.0,0.0,750,56.0,123.0,75.0,15.0,94.0,52.0,73.25,50.750205254100536,95.66666666666667,67.0,198.0,2025,3,10,1
193,2025-03-10,37,999.0,0.5,750,56.0,218.0,31.0,289.0,15.0,132.0,132.5,115.15352071618712,123.28571428571429,162.0,249.0,2025,3,11,1
193,2025-03-31,113,999.0,1.0,750,56.0,218.0,31.0,37.0,289.0,94.0,108.75,124.6926220752455,112.5,162.0,249.0,2025,3,14,1
193,2025-04-07,228,999.0,0.0,750,56.0,218.0,31.0,113.0,37.0,15.0,113.5,124.30473308231937,115.5,162.0,249.0,2025,4,15,2
193,2025-04-28,55,999.0,0.5,750,56.0,126.0,23.0,228.0,113.0,289.0,166.75,113.16764849844087,120.0,70.0,149.0,2025,4,18,2
193,2025-05-05,109,999.0,1.0,750,56.0,126.0,23.0,55.0,228.0,37.0,108.25,86.16795614766934,120.375,70.0,149.0,2025,5,19,2
193,2025-06-02,156,999.0,1.0,750,56.0,99.0,100.0,109.0,55.0,113.0,126.25,72.80739431312362,117.5,43.0,199.0,2025,6,23,2
193,2025-06-30,156,999.0,1.0,750,56.0,126.0,99.0,156.0,109.0,228.0,137.0,73.37120234351713,125.25,70.0,225.0,2025,6,27,2
193,2025-07-07,66,999.0,0.2,750,56.0,126.0,99.0,156.0,156.0,55.0,119.0,48.076328201447886,142.875,70.0,225.0,2025,7,28,3
193,2025-07-28,48,999.0,0.0,750,56.0,198.0,23.0,66.0,156.0,109.0,121.75,43.26950427263987,115.0,142.0,221.0,2025,7,31,3
193,2025-08-04,57,999.0,0.5,750,56.0,10.0,2.0,48.0,66.0,156.0,106.5,57.62811813689564,116.375,-46.0,12.0,2025,8,32,3
193,2025-08-11,58,999.0,0.0,750,56.0,10.0,2.0,57.0,48.0,156.0,81.75,50.04248195283683,109.375,-46.0,12.0,2025,8,33,3
193,2025-09-01,160,999.0,0.0,750,56.0,125.0,27.0,58.0,57.0,66.0,57.25,7.365459931328117,88.125,69.0,152.0,2025,9,36,3
193,2025-09-08,44,999.0,0.2,750,56.0,38.0,50.0,160.0,58.0,48.0,80.75,53.0243654684649,101.25,-18.0,88.0,2025,9,37,3
193,2025-09-29,144,999.0,0.5,750,56.0,176.0,85.0,44.0,160.0,57.0,79.75,53.87872183586639,93.125,120.0,261.0,2025,9,40,3
193,2025-10-06,162,999.0,0.3333333333333333,750,56.0,176.0,85.0,144.0,44.0,58.0,101.5,58.95478493444502,91.625,120.0,261.0,2025,10,41,4
193,2025-10-27,56,999.0,0.25,750,56.0,196.0,23.0,162.0,144.0,160.0,127.5,56.24648137143039,92.375,140.0,219.0,2025,10,44,4
193,2025-11-03,190,999.0,0.0,750,56.0,66.0,59.0,56.0,162.0,44.0,101.5,60.11932578907828,91.125,10.0,125.0,2025,11,45,4
193,2025-11-10,35,999.0,0.5,750,56.0,213.0,22.0,190.0,56.0,144.0,138.0,57.85038173311102,108.875,157.0,235.0,2025,11,46,4
193,2025-12-01,139,999.0,1.0,750,56.0,213.0,22.0,35.0,190.0,162.0,110.75,76.68713494887304,106.125,157.0,235.0,2025,12,49,4
193,2025-12-08,142,999.0,0.0,750,56.0,206.0,27.0,139.0,35.0,56.0,105.0,72.30029967664956,116.25,150.0,233.0,2025,12,50,4
194,2024-12-30,129,0.0,0.0,450,0.0,0.0,0.0,0.0,0.0,0.0,0.0,0.0,0.0,0.0,0.0,2024,12,1,4
194,2025-01-06,141,350.0,0.25,450,50.0,196.0,42.0,129.0,0.0,0.0,129.0,0.0,129.0,146.0,238.0,2025,1,2,1
194,2025-01-27,62,350.0,0.5,450,50.0,136.0,49.0,141.0,129.0,0.0,135.0,8.48528137423857,135.0,86.0,185.0,2025,1,5,1
194,2025-02-03,141,350.0,1.0,450,50.0,136.0,49.0,62.0,141.0,0.0,110.66666666666667,42.5715084690845,110.66666666666667,86.0,185.0,2025,2,6,1
194,2025-02-10,21,350.0,0.5,450,50.0,46.0,63.0,141.0,62.0,129.0,118.25,37.9242666376029,118.25,-4.0,109.0,2025,2,7,1
194,2025-02-24,56,350.0,0.0,450,50.0,46.0,63.0,21.0,141.0,141.0,91.25,59.83519031473035,98.8,-4.0,109.0,2025,2,9,1
194,2025-03-03,261,350.0,1.0,450,50.0,46.0,63.0,56.0,21.0,62.0,70.0,50.66885960166593,91.66666666666667,-4.0,109.0,2025,3,10,1
194,2025-03-10,22,350.0,0.8,450,50.0,57.0,85.0,261.0,56.0,141.0,119.75,106.80004681646913,115.85714285714286,7.0,142.0,2025,3,11,1
194,2025-03-31,181,350.0,0.0,450,50.0,57.0,85.0,22.0,261.0,21.0,90.0,115.15496805030457,104.125,7.0,142.0,2025,3,14,1
194,2025-04-07,64,350.0,0.75,450,50.0,227.0,37.0,181.0,22.0,56.0,130.0,110.90837058881834,110.625,177.0,264.0,2025,4,15,2
194,2025-04-28,66,350.0,1.0,450,50.0,227.0,37.0,64.0,181.0,261.0,132.0,109.1879114188013,101.0,177.0,264.0,2025,4,18,2
194,2025-05-05,74,350.0,0.0,450,50.0,129.0,2.0,66.0,64.0,22.0,83.25,68.25137361255084,101.5,79.0,131.0,2025,5,19,2
194,2025-05-26,22,350.0,0.0,450,50.0,177.0,16.0,74.0,66.0,181.0,96.25,56.66495095441861,93.125,127.0,193.0,2025,5,22,2
194,2025-06-02,218,350.0,0.0,450,50.0,177.0,16.0,22.0,74.0,64.0,56.5,23.4022790912908,93.25,127.0,193.0,2025,6,23,2
194,2025-06-09,131,350.0,0.6,450,50.0,227.0,81.0,218.0,22.0,66.0,95.0,85.1273555719116,113.5,177.0,308.0,2025,6,24,2
194,2025-06-30,58,350.0,0.5,450,50.0,227.0,81.0,131.0,218.0,74.0,111.25,83.94194422337381,97.25,177.0,308.0,2025,6,27,2
194,2025-07-07,76,350.0,1.0,450,50.0,62.0,91.0,58.0,131.0,22.0,107.25,86.64631171223235,101.75,12.0,153.0,2025,7,28,3
194,2025-07-28,75,350.0,0.3333333333333333,450,50.0,62.0,91.0,76.0,58.0,218.0,120.75,71.88590496984324,88.625,12.0,153.0,2025,7,31,3
194,2025-08-04,65,350.0,0.5,450,50.0,62.0,91.0,75.0,76.0,131.0,85.0,31.759513010540118,90.0,12.0,153.0,2025,8,32,3
194,2025-09-01,154,350.0,0.5,450,50.0,209.0,34.0,65.0,75.0,58.0,68.5,8.582928793055855,89.875,159.0,243.0,2025,9,36,3
194,2025-09-08,105,350.0,0.2,450,50.0,20.0,38.0,154.0,65.0,76.0,92.5,41.299717513158214,99.875,-30.0,58.0,2025,9,37,3
194,2025-09-29,30,350.0,0.5,450,50.0,20.0,38.0,105.0,154.0,75.0,99.75,39.961439747169614,110.25,-30.0,58.0,2025,9,40,3
194,2025-10-06,48,350.0,0.0,450,50.0,28.0,22.0,30.0,105.0,65.0,88.5,53.3447904360554,86.75,-22.0,50.0,2025,10,41,4
194,2025-10-27,90,350.0,0.0,450,50.0,115.0,0.0,48.0,30.0,154.0,84.25,56.42915912894681,76.375,65.0,115.0,2025,10,44,4
194,2025-11-03,137,350.0,0.5,450,50.0,115.0,0.0,90.0,48.0,105.0,68.25,35.10341863693621,80.375,65.0,115.0,2025,11,45,4
194,2025-11-10,65,350.0,0.0,450,50.0,233.0,24.0,137.0,90.0,30.0,76.25,47.668123520860355,88.0,183.0,257.0,2025,11,46,4
194,2025-12-01,36,350.0,0.5,450,50.0,201.0,33.0,65.0,137.0,48.0,85.0,38.72122587591119,86.75,151.0,234.0,2025,12,49,4
194,2025-12-08,81,350.0,1.0,450,50.0,250.0,23.0,36.0,65.0,90.0,82.0,42.794080587545444,83.125,200.0,273.0,2025,12,50,4
195,2024-12-30,116,0.0,0.0,550,0.0,0.0,0.0,0.0,0.0,0.0,0.0,0.0,0.0,0.0,0.0,2024,12,1,4
195,2025-01-06,215,650.0,0.25,550,44.0,175.0,27.0,116.0,0.0,0.0,116.0,0.0,116.0,131.0,202.0,2025,1,2,1
195,2025-01-27,30,650.0,0.4,550,44.0,175.0,27.0,215.0,116.0,0.0,165.5,70.0035713374682,165.5,131.0,202.0,2025,1,5,1
195,2025-02-03,183,650.0,0.0,550,44.0,120.0,79.0,30.0,215.0,0.0,120.33333333333333,92.57609482654436,120.33333333333333,76.0,199.0,2025,2,6,1
195,2025-02-10,109,650.0,0.6666666666666666,550,44.0,134.0,61.0,183.0,30.0,116.0,136.0,81.82501654954513,136.0,90.0,195.0,2025,2,7,1
195,2025-02-24,56,650.0,1.0,550,44.0,134.0,61.0,109.0,183.0,215.0,134.25,82.46767043312589,130.6,90.0,195.0,2025,2,9,1
195,2025-03-03,131,650.0,0.5,550,44.0,177.0,37.0,56.0,109.0,30.0,94.5,67.54011153874909,118.16666666666667,133.0,214.0,2025,3,10,1
195,2025-03-31,138,650.0,0.25,550,44.0,223.0,60.0,131.0,56.0,183.0,119.75,52.620496640251,120.0,179.0,283.0,2025,3,14,1
195,2025-04-07,186,650.0,0.3333333333333333,550,44.0,114.0,47.0,138.0,131.0,109.0,108.5,37.11693234450642,122.25,70.0,161.0,2025,4,15,2
195,2025-04-28,93,650.0,0.5,550,44.0,47.0,64.0,186.0,138.0,56.0,127.75,53.71762590931708,131.0,3.0,111.0,2025,4,18,2
195,2025-05-05,118,650.0,0.0,550,44.0,161.0,43.0,93.0,186.0,131.0,137.0,38.18376618407357,115.75,117.0,204.0,2025,5,19,2
195,2025-06-02,76,650.0,0.5,550,44.0,37.0,19.0,118.0,93.0,138.0,133.75,39.39860403618382,126.75,-7.0,56.0,2025,6,23,2
195,2025-06-09,44,650.0,0.3333333333333333,550,44.0,187.0,99.0,76.0,118.0,186.0,118.25,48.34856081967005,113.375,143.0,286.0,2025,6,24,2
195,2025-06-30,63,650.0,0.0,550,44.0,187.0,99.0,44.0,76.0,93.0,82.75,31.0631078076014,105.25,143.0,286.0,2025,6,27,2
195,2025-07-07,106,650.0,0.5,550,44.0,187.0,99.0,63.0,44.0,118.0,75.25,31.383382014478094,106.125,143.0,286.0,2025,7,28,3
195,2025-07-28,96,650.0,0.0,550,44.0,107.0,3.0,106.0,63.0,76.0,72.25,26.056029372616756,103.0,63.0,110.0,2025,7,31,3
195,2025-08-04,19,650.0,0.3333333333333333,550,44.0,107.0,3.0,96.0,106.0,44.0,77.25,28.79091291825716,97.75,63.0,110.0,2025,8,32,3
195,2025-08-11,52,650.0,0.0,550,44.0,107.0,3.0,19.0,96.0,63.0,71.0,39.234338701363804,76.875,63.0,110.0,2025,8,33,3
195,2025-09-01,151,650.0,1.0,550,44.0,107.0,3.0,52.0,19.0,106.0,68.25,40.35157989472036,71.75,63.0,110.0,2025,9,36,3
195,2025-09-08,191,650.0,0.5,550,44.0,107.0,3.0,151.0,52.0,96.0,79.5,57.15767664977295,75.875,63.0,110.0,2025,9,37,3
195,2025-09-29,130,650.0,0.5,550,44.0,107.0,3.0,191.0,151.0,19.0,103.25,81.04474073004367,90.25,63.0,110.0,2025,9,40,3
195,2025-10-06,156,650.0,0.0,550,44.0,44.0,63.0,130.0,191.0,52.0,131.0,58.42944463196617,101.0,0.0,107.0,2025,10,41,4
195,2025-10-27,45,650.0,0.75,550,44.0,121.0,25.0,156.0,130.0,151.0,157.0,25.311394008759503,112.625,77.0,146.0,2025,10,44,4
195,2025-11-03,149,650.0,1.0,550,44.0,121.0,25.0,45.0,156.0,191.0,130.5,62.238787477477956,105.0,77.0,146.0,2025,11,45,4
195,2025-11-10,121,650.0,0.2,550,44.0,228.0,12.0,149.0,45.0,130.0,120.0,51.1924473596122,111.625,184.0,240.0,2025,11,46,4
195,2025-12-01,148,650.0,1.0,550,44.0,228.0,12.0,121.0,149.0,156.0,117.75,50.80272302413195,124.375,184.0,240.0,2025,12,49,4
195,2025-12-08,84,650.0,0.25,550,44.0,222.0,64.0,148.0,121.0,45.0,115.75,48.91744746679518,136.375,178.0,286.0,2025,12,50,4
196,2024-12-30,68,0.0,0.0,999,0.0,0.0,0.0,0.0,0.0,0.0,0.0,0.0,0.0,0.0,0.0,2024,12,1,4
196,2025-01-06,205,550.0,0.0,999,71.0,0.0,0.0,68.0,0.0,0.0,68.0,0.0,68.0,0.0,0.0,2025,1,2,1
196,2025-01-27,22,550.0,0.4,999,71.0,180.0,76.0,205.0,68.0,0.0,136.5,96.87362902255701,136.5,109.0,256.0,2025,1,5,1
196,2025-02-03,108,550.0,0.0,999,71.0,157.0,64.0,22.0,205.0,0.0,98.33333333333333,95.19628844305504,98.33333333333333,86.0,221.0,2025,2,6,1
196,2025-02-10,105,550.0,0.6666666666666666,999,71.0,132.0,55.0,108.0,22.0,68.0,100.75,77.87757486379931,100.75,61.0,187.0,2025,2,7,1
196,2025-03-03,85,550.0,0.3333333333333333,999,71.0,132.0,55.0,105.0,108.0,205.0,110.0,74.828693248869,101.6,61.0,187.0,2025,3,10,1
196,2025-03-10,24,550.0,0.3333333333333333,999,71.0,249.0,10.0,85.0,105.0,22.0,80.0,39.99166579843021,98.83333333333333,178.0,259.0,2025,3,11,1
196,2025-03-31,108,550.0,0.0,999,71.0,249.0,10.0,24.0,85.0,108.0,80.5,39.02563260217571,88.14285714285714,178.0,259.0,2025,3,14,1
196,2025-04-07,148,550.0,0.0,999,71.0,249.0,10.0,108.0,24.0,105.0,80.5,39.02563260217571,90.625,178.0,259.0,2025,4,15,2
196,2025-04-28,76,550.0,0.6666666666666666,999,71.0,155.0,39.0,148.0,108.0,85.0,91.25,51.84190711512582,100.625,84.0,194.0,2025,4,18,2
196,2025-05-05,74,550.0,0.5,999,71.0,48.0,42.0,76.0,148.0,24.0,89.0,52.395928595009494,84.5,-23.0,90.0,2025,5,19,2
196,2025-05-12,29,550.0,0.0,999,71.0,65.0,37.0,74.0,76.0,108.0,101.5,34.69389955981695,91.0,-6.0,102.0,2025,5,20,2
196,2025-05-26,118,550.0,0.0,999,71.0,246.0,89.0,29.0,74.0,148.0,81.75,49.209585787053044,81.125,175.0,335.0,2025,5,22,2
196,2025-06-02,179,550.0,1.0,999,71.0,246.0,89.0,118.0,29.0,76.0,74.25,36.3535876267162,82.75,175.0,335.0,2025,6,23,2
196,2025-06-09,82,550.0,0.3333333333333333,999,71.0,246.0,3.0,179.0,118.0,74.0,100.0,63.98437309218556,94.5,175.0,249.0,2025,6,24,2
196,2025-06-30,98,550.0,0.0,999,71.0,246.0,3.0,82.0,179.0,29.0,102.0,63.01851579760771,101.75,175.0,249.0,2025,6,27,2
196,2025-07-07,138,550.0,0.0,999,71.0,246.0,3.0,98.0,82.0,118.0,119.25,42.4686158631681,100.5,175.0,249.0,2025,7,28,3
196,2025-07-28,40,550.0,1.0,999,71.0,89.0,16.0,138.0,98.0,179.0,124.25,43.43865406140787,99.25,18.0,105.0,2025,7,31,3
196,2025-08-04,221,550.0,0.0,999,71.0,248.0,67.0,40.0,138.0,82.0,89.5,40.54215912684802,94.75,177.0,315.0,2025,8,32,3
196,2025-08-11,97,550.0,0.42857142857142855,999,71.0,68.0,12.0,221.0,40.0,98.0,124.25,76.01918617471952,113.125,-3.0,80.0,2025,8,33,3
196,2025-09-01,191,550.0,0.5,999,71.0,79.0,18.0,97.0,221.0,138.0,124.0,76.13584350794747,121.625,8.0,97.0,2025,9,36,3
196,2025-09-08,177,550.0,0.25,999,71.0,50.0,58.0,191.0,97.0,40.0,137.25,83.62764694365933,130.75,-21.0,108.0,2025,9,37,3
196,2025-09-29,104,550.0,0.6666666666666666,999,71.0,180.0,3.0,177.0,191.0,221.0,171.5,52.94966162938785,130.5,109.0,183.0,2025,9,40,3
196,2025-10-06,157,550.0,0.0,999,71.0,180.0,3.0,104.0,177.0,97.0,142.25,48.63040886797753,133.25,109.0,183.0,2025,10,41,4
196,2025-10-27,51,550.0,0.5,999,71.0,53.0,10.0,157.0,104.0,191.0,157.25,38.14336989132799,140.625,-18.0,63.0,2025,10,44,4
196,2025-11-03,209,550.0,0.0,999,71.0,53.0,10.0,51.0,157.0,177.0,122.25,56.61198341929619,129.75,-18.0,63.0,2025,11,45,4
196,2025-11-10,166,550.0,0.16666666666666666,999,71.0,166.0,41.0,209.0,51.0,104.0,130.25,68.03614235585867,150.875,95.0,207.0,2025,11,46,4
196,2025-12-01,81,550.0,1.0,999,71.0,166.0,41.0,166.0,209.0,157.0,145.75,67.11867599011967,144.0,95.0,207.0,2025,12,49,4
196,2025-12-08,86,550.0,0.25,999,71.0,191.0,58.0,81.0,166.0,51.0,126.75,73.34109807377216,142.0,120.0,249.0,2025,12,50,4
197,2024-12-30,73,0.0,0.0,900,0.0,0.0,0.0,0.0,0.0,0.0,0.0,0.0,0.0,0.0,0.0,2024,12,1,4
197,2025-01-06,179,350.0,0.3333333333333333,900,49.0,0.0,0.0,73.0,0.0,0.0,73.0,0.0,73.0,0.0,0.0,2025,1,2,1
197,2025-01-27,25,350.0,0.2,900,49.0,157.0,6.0,179.0,73.0,0.0,126.0,74.95331880577403,126.0,108.0,163.0,2025,1,5,1
197,2025-02-03,282,350.0,0.0,900,49.0,157.0,6.0,25.0,179.0,0.0,92.33333333333333,78.79932317814243,92.33333333333333,108.0,163.0,2025,2,6,1
197,2025-02-10,101,350.0,0.2857142857142857,900,49.0,226.0,11.0,282.0,25.0,73.0,139.75,114.59893833132428,139.75,177.0,237.0,2025,2,7,1
197,2025-02-24,33,350.0,0.5,900,49.0,226.0,11.0,101.0,282.0,179.0,146.75,109.92232105749345,132.0,177.0,237.0,2025,2,9,1
197,2025-03-03,34,350.0,0.0,900,49.0,226.0,11.0,33.0,101.0,25.0,110.25,119.46931265670975,115.5,177.0,237.0,2025,3,10,1
197,2025-03-10,68,350.0,1.0,900,49.0,36.0,70.0,34.0,33.0,282.0,112.5,117.39534346245027,103.85714285714286,-13.0,106.0,2025,3,11,1
197,2025-04-07,213,350.0,0.5,900,49.0,36.0,70.0,68.0,34.0,101.0,59.0,32.38312317653544,99.375,-13.0,106.0,2025,4,15,2
197,2025-04-28,124,350.0,0.3333333333333333,900,49.0,216.0,48.0,213.0,68.0,33.0,87.0,85.56089449431128,116.875,167.0,264.0,2025,4,18,2
197,2025-05-05,122,350.0,0.3333333333333333,900,49.0,216.0,48.0,124.0,213.0,34.0,109.75,78.19793262399375,110.0,167.0,264.0,2025,5,19,2
197,2025-06-02,85,350.0,0.25,900,49.0,216.0,48.0,122.0,124.0,68.0,131.75,60.057611230106936,122.125,167.0,264.0,2025,6,23,2
197,2025-06-09,41,350.0,0.0,900,49.0,116.0,69.0,85.0,122.0,213.0,136.0,54.375239463074244,97.5,67.0,185.0,2025,6,24,2
197,2025-07-07,200,350.0,0.5,900,49.0,108.0,34.0,41.0,85.0,124.0,93.0,39.029903065897216,90.0,59.0,142.0,2025,7,28,3
197,2025-07-28,33,350.0,0.2,900,49.0,118.0,77.0,200.0,41.0,122.0,112.0,67.36467917239716,110.875,69.0,195.0,2025,7,31,3
197,2025-08-04,82,350.0,0.0,900,49.0,118.0,77.0,33.0,200.0,85.0,89.75,76.9734802816312,110.75,69.0,195.0,2025,8,32,3
197,2025-09-01,82,350.0,0.0,900,49.0,229.0,98.0,82.0,33.0,41.0,89.0,77.04976746666188,112.5,180.0,327.0,2025,9,36,3
197,2025-09-08,77,350.0,0.0,900,49.0,90.0,96.0,82.0,82.0,200.0,99.25,71.02757680413058,96.125,41.0,186.0,2025,9,37,3
197,2025-10-06,148,350.0,0.0,900,49.0,46.0,61.0,77.0,82.0,33.0,68.5,23.783747952470957,90.25,-3.0,107.0,2025,10,41,4
197,2025-11-03,234,350.0,0.5,900,49.0,55.0,59.0,148.0,77.0,82.0,97.25,33.915335764223244,93.5,6.0,114.0,2025,11,45,4
197,2025-11-10,40,350.0,0.16666666666666666,900,49.0,139.0,26.0,234.0,148.0,82.0,135.25,73.3547317264992,112.125,90.0,165.0,2025,11,46,4
197,2025-12-01,72,350.0,0.0,900,49.0,139.0,26.0,40.0,234.0,77.0,124.75,85.51559312000747,112.0,90.0,165.0,2025,12,49,4
197,2025-12-08,68,350.0,0.0,900,49.0,197.0,25.0,72.0,40.0,148.0,123.5,86.47735734476011,96.0,148.0,222.0,2025,12,50,4
198,2024-12-30,170,0.0,0.0,2200,0.0,0.0,0.0,0.0,0.0,0.0,0.0,0.0,0.0,0.0,0.0,2024,12,1,4
198,2025-01-06,87,1200.0,0.6666666666666666,2200,27.0,70.0,1.0,170.0,0.0,0.0,170.0,0.0,170.0,43.0,71.0,2025,1,2,1
198,2025-01-27,26,1200.0,0.0,2200,27.0,237.0,30.0,87.0,170.0,0.0,128.5,58.68986283848344,128.5,210.0,267.0,2025,1,5,1
198,2025-02-03,128,1200.0,0.0,2200,27.0,237.0,30.0,26.0,87.0,0.0,94.33333333333333,72.27954989714127,94.33333333333333,210.0,267.0,2025,2,6,1
198,2025-02-10,74,1200.0,0.75,2200,27.0,222.0,65.0,128.0,26.0,170.0,102.75,61.369780837151445,102.75,195.0,287.0,2025,2,7,1
198,2025-02-24,62,1200.0,0.0,2200,27.0,42.0,64.0,74.0,128.0,87.0,78.75,42.026777178365705,97.0,15.0,106.0,2025,2,9,1
198,2025-03-03,81,1200.0,0.0,2200,27.0,128.0,5.0,62.0,74.0,26.0,72.5,42.24926034855522,91.16666666666667,101.0,133.0,2025,3,10,1
198,2025-03-31,87,1200.0,0.3333333333333333,2200,27.0,37.0,95.0,81.0,62.0,128.0,86.25,28.917987481842513,89.71428571428571,10.0,132.0,2025,3,14,1
198,2025-04-07,156,1200.0,0.25,2200,27.0,164.0,77.0,87.0,81.0,74.0,76.0,10.739335795724687,89.375,137.0,241.0,2025,4,15,2
198,2025-04-28,90,1200.0,0.25,2200,27.0,157.0,18.0,156.0,87.0,62.0,96.5,41.0731055558257,87.625,130.0,175.0,2025,4,18,2
198,2025-05-05,163,1200.0,0.3333333333333333,2200,27.0,146.0,24.0,90.0,156.0,81.0,103.5,35.199431813596085,88.0,119.0,170.0,2025,5,19,2
198,2025-05-26,43,1200.0,0.3333333333333333,2200,27.0,92.0,50.0,163.0,90.0,87.0,124.0,41.10960958218893,105.125,65.0,142.0,2025,5,22,2
198,2025-06-02,108,1200.0,1.0,2200,27.0,62.0,11.0,43.0,163.0,156.0,113.0,57.09057131727912,94.5,35.0,73.0,2025,6,23,2
198,2025-06-09,140,1200.0,0.3333333333333333,2200,27.0,62.0,11.0,108.0,43.0,90.0,101.0,49.59166596650422,98.75,35.0,73.0,2025,6,24,2
198,2025-06-30,47,1200.0,0.3333333333333333,2200,27.0,157.0,13.0,140.0,108.0,163.0,113.5,52.13124462994018,108.5,130.0,170.0,2025,6,27,2
198,2025-07-07,31,1200.0,0.0,2200,27.0,235.0,28.0,47.0,140.0,43.0,84.5,47.47279922931306,104.25,208.0,263.0,2025,7,28,3
198,2025-07-28,47,1200.0,0.0,2200,27.0,91.0,16.0,31.0,47.0,108.0,81.5,51.20221349381945,97.25,64.0,107.0,2025,7,31,3
198,2025-08-04,25,1200.0,0.0,2200,27.0,91.0,16.0,47.0,31.0,140.0,66.25,49.741833500585805,83.625,64.0,107.0,2025,8,32,3
198,2025-08-11,55,1200.0,0.0,2200,27.0,91.0,16.0,25.0,47.0,47.0,37.5,11.239810200058248,75.5,64.0,107.0,2025,8,33,3
198,2025-09-01,86,1200.0,0.0,2200,27.0,91.0,16.0,55.0,25.0,31.0,39.5,13.89244398944981,62.0,64.0,107.0,2025,9,36,3
198,2025-09-08,54,1200.0,0.6666666666666666,2200,27.0,120.0,94.0,86.0,55.0,47.0,53.25,25.250412537884078,67.375,93.0,214.0,2025,9,37,3
198,2025-09-29,42,1200.0,0.0,2200,27.0,207.0,44.0,54.0,86.0,25.0,55.0,24.91318258807306,60.625,180.0,251.0,2025,9,40,3
198,2025-10-06,22,1200.0,0.0,2200,27.0,207.0,44.0,42.0,54.0,55.0,59.25,18.786076404259266,48.375,180.0,251.0,2025,10,41,4
198,2025-10-27,25,1200.0,0.0,2200,27.0,247.0,90.0,22.0,42.0,86.0,51.0,26.807959017177467,45.25,220.0,337.0,2025,10,44,4
198,2025-11-03,128,1200.0,0.0,2200,27.0,240.0,91.0,25.0,22.0,54.0,35.75,15.01943185787443,44.5,213.0,331.0,2025,11,45,4
198,2025-11-10,65,1200.0,0.3333333333333333,2200,27.0,152.0,49.0,128.0,25.0,42.0,54.25,49.94914080008451,54.625,125.0,201.0,2025,11,46,4
198,2025-12-01,38,1200.0,0.0,2200,27.0,152.0,49.0,65.0,128.0,22.0,60.0,49.389607543827815,59.625,125.0,201.0,2025,12,49,4
198,2025-12-08,155,1200.0,0.0,2200,27.0,51.0,63.0,38.0,65.0,25.0,64.0,45.803929962395145,57.5,24.0,114.0,2025,12,50,4
199,2024-12-30,80,0.0,0.0,600,0.0,0.0,0.0,0.0,0.0,0.0,0.0,0.0,0.0,0.0,0.0,2024,12,1,4
199,2025-01-06,200,650.0,0.3333333333333333,600,29.0,0.0,0.0,80.0,0.0,0.0,80.0,0.0,80.0,0.0,0.0,2025,1,2,1
199,2025-01-27,98,650.0,0.3333333333333333,600,29.0,69.0,98.0,200.0,80.0,0.0,140.0,84.8528137423857,140.0,40.0,167.0,2025,1,5,1
199,2025-02-03,111,650.0,0.5,600,29.0,175.0,44.0,98.0,200.0,0.0,126.0,64.71475874945375,126.0,146.0,219.0,2025,2,6,1
199,2025-02-10,23,650.0,0.3333333333333333,600,29.0,229.0,43.0,111.0,98.0,80.0,122.25,53.3689984916337,122.25,200.0,272.0,2025,2,7,1
199,2025-02-24,53,650.0,0.0,600,29.0,67.0,22.0,23.0,111.0,200.0,108.0,72.56721022610694,102.4,38.0,89.0,2025,2,9,1
199,2025-03-03,80,650.0,0.5,600,29.0,56.0,52.0,53.0,23.0,98.0,71.25,40.64787817340531,94.16666666666667,27.0,108.0,2025,3,10,1
199,2025-03-10,66,650.0,0.0,600,29.0,198.0,79.0,80.0,53.0,111.0,66.75,37.579914848227105,92.14285714285714,169.0,277.0,2025,3,11,1
199,2025-03-31,49,650.0,0.5,600,29.0,234.0,57.0,66.0,80.0,23.0,55.5,24.31049156228643,88.875,205.0,291.0,2025,3,14,1
199,2025-04-07,91,650.0,0.0,600,29.0,83.0,66.0,49.0,66.0,53.0,62.0,14.023789311975076,85.0,54.0,149.0,2025,4,15,2
199,2025-04-28,59,650.0,0.0,600,29.0,52.0,49.0,91.0,49.0,80.0,71.5,18.15672510852842,71.375,23.0,101.0,2025,4,18,2
199,2025-05-05,43,650.0,0.0,600,29.0,34.0,40.0,59.0,91.0,66.0,66.25,17.914147109663535,66.5,5.0,74.0,2025,5,19,2
199,2025-05-12,28,650.0,0.0,600,29.0,219.0,98.0,43.0,59.0,49.0,60.5,21.377558326431945,58.0,190.0,317.0,2025,5,20,2
199,2025-05-26,23,650.0,0.0,600,29.0,219.0,98.0,28.0,43.0,91.0,55.25,26.986107537027262,58.625,190.0,317.0,2025,5,22,2
199,2025-06-02,86,650.0,1.0,600,29.0,219.0,98.0,23.0,28.0,59.0,38.25,16.235249715767637,54.875,190.0,317.0,2025,6,23,2
199,2025-06-09,70,650.0,0.5,600,29.0,178.0,78.0,86.0,23.0,43.0,45.0,28.62399925470466,55.625,149.0,256.0,2025,6,24,2
199,2025-06-30,125,650.0,1.0,600,29.0,89.0,8.0,70.0,86.0,28.0,51.75,31.073836797752108,56.125,60.0,97.0,2025,6,27,2
199,2025-07-07,182,650.0,0.0,600,29.0,89.0,8.0,125.0,70.0,23.0,76.0,42.21374183841087,65.625,60.0,97.0,2025,7,28,3
199,2025-07-28,126,650.0,0.5,600,29.0,237.0,2.0,182.0,125.0,86.0,115.75,49.84225115301274,77.0,208.0,239.0,2025,7,31,3
199,2025-08-04,183,650.0,0.0,600,29.0,184.0,81.0,126.0,182.0,70.0,125.75,45.72654225574755,85.375,155.0,265.0,2025,8,32,3
199,2025-09-01,96,650.0,0.5,600,29.0,184.0,81.0,183.0,126.0,125.0,154.0,32.91402943021916,102.875,155.0,265.0,2025,9,36,3
199,2025-09-08,80,650.0,1.0,600,29.0,44.0,2.0,96.0,183.0,182.0,146.75,43.06100323959022,111.375,15.0,46.0,2025,9,37,3
199,2025-09-29,100,650.0,0.3333333333333333,600,29.0,204.0,64.0,80.0,96.0,126.0,121.25,45.36794022214365,118.5,175.0,268.0,2025,9,40,3
199,2025-10-06,261,650.0,0.0,600,29.0,27.0,41.0,100.0,80.0,183.0,114.75,46.31324504573898,120.25,-2.0,68.0,2025,10,41,4
199,2025-10-27,47,650.0,0.8,600,29.0,25.0,59.0,261.0,100.0,96.0,134.25,84.94066556524423,144.125,-4.0,84.0,2025,10,44,4
199,2025-11-03,129,650.0,0.0,600,29.0,25.0,59.0,47.0,261.0,80.0,122.0,95.2085430340506,134.375,-4.0,84.0,2025,11,45,4
199,2025-12-01,179,650.0,0.25,600,29.0,42.0,77.0,129.0,47.0,100.0,134.25,91.065452651742,127.75,13.0,119.0,2025,12,49,4
199,2025-12-08,193,650.0,0.2,600,29.0,247.0,32.0,179.0,129.0,261.0,154.0,89.71807695962578,134.375,218.0,279.0,2025,12,50,4
200,2024-12-30,152,0.0,0.0,600,0.0,0.0,0.0,0.0,0.0,0.0,0.0,0.0,0.0,0.0,0.0,2024,12,1,4
200,2025-01-06,130,850.0,0.5,600,97.0,185.0,40.0,152.0,0.0,0.0,152.0,0.0,152.0,88.0,225.0,2025,1,2,1
200,2025-01-27,75,850.0,1.0,600,97.0,241.0,22.0,130.0,152.0,0.0,141.0,15.556349186104045,141.0,144.0,263.0,2025,1,5,1
200,2025-02-03,176,850.0,0.0,600,97.0,96.0,26.0,75.0,130.0,0.0,119.0,39.66106403010388,119.0,-1.0,122.0,2025,2,6,1
200,2025-02-10,104,850.0,0.4,600,97.0,216.0,36.0,176.0,75.0,152.0,133.25,43.138343346339425,133.25,119.0,252.0,2025,2,7,1
200,2025-02-24,90,850.0,0.3333333333333333,600,97.0,153.0,52.0,104.0,176.0,130.0,121.25,42.85926582043452,127.4,56.0,205.0,2025,2,9,1
200,2025-03-03,81,850.0,0.5,600,97.0,205.0,57.0,90.0,104.0,75.0,111.25,44.76140450581654,121.16666666666667,108.0,262.0,2025,3,10,1
200,2025-03-10,52,850.0,0.0,600,97.0,205.0,57.0,81.0,90.0,176.0,112.75,43.215545042650255,115.42857142857143,108.0,262.0,2025,3,11,1
200,2025-03-31,110,850.0,1.0,600,97.0,75.0,79.0,52.0,81.0,104.0,81.75,21.975364995072706,107.5,-22.0,154.0,2025,3,14,1
200,2025-04-07,21,850.0,0.3333333333333333,600,97.0,105.0,3.0,110.0,52.0,90.0,83.25,24.102212899787165,102.25,8.0,108.0,2025,4,15,2
200,2025-04-28,69,850.0,0.0,600,97.0,114.0,23.0,21.0,110.0,81.0,66.0,38.21866908549625,88.625,17.0,137.0,2025,4,18,2
200,2025-05-05,209,850.0,1.0,600,97.0,51.0,64.0,69.0,21.0,52.0,63.0,37.10345895825168,87.875,-46.0,115.0,2025,5,19,2
200,2025-05-12,19,850.0,0.25,600,97.0,125.0,72.0,209.0,69.0,110.0,102.25,79.92235815673442,92.0,28.0,197.0,2025,5,20,2
200,2025-06-02,165,850.0,0.0,600,97.0,125.0,72.0,19.0,209.0,21.0,79.5,89.37374707746491,81.375,28.0,197.0,2025,6,23,2
200,2025-06-09,115,850.0,0.0,600,97.0,58.0,86.0,165.0,19.0,69.0,115.5,86.92333787117627,90.75,-39.0,144.0,2025,6,24,2
200,2025-06-30,108,850.0,0.5,600,97.0,101.0,78.0,115.0,165.0,209.0,127.0,81.6006535921537,95.0,4.0,179.0,2025,6,27,2
200,2025-07-07,77,850.0,0.25,600,97.0,110.0,67.0,108.0,115.0,19.0,101.75,60.72547515938705,102.0,13.0,177.0,2025,7,28,3
200,2025-07-28,71,850.0,0.5,600,97.0,107.0,30.0,77.0,108.0,165.0,116.25,36.45430930173643,97.875,10.0,137.0,2025,7,31,3
200,2025-08-04,106,850.0,0.0,600,97.0,245.0,90.0,71.0,77.0,115.0,92.75,21.975364995072713,104.125,148.0,335.0,2025,8,32,3
200,2025-09-01,62,850.0,0.0,600,97.0,30.0,13.0,106.0,71.0,108.0,90.5,19.226717521892997,108.75,-67.0,43.0,2025,9,36,3
200,2025-09-08,107,850.0,0.0,600,97.0,46.0,66.0,62.0,106.0,77.0,79.0,19.02629759044046,90.375,-51.0,112.0,2025,9,37,3
200,2025-09-29,116,850.0,0.3333333333333333,600,97.0,115.0,10.0,107.0,62.0,71.0,86.5,23.38803112705301,101.375,18.0,125.0,2025,9,40,3
200,2025-10-06,45,850.0,0.0,600,97.0,149.0,64.0,116.0,107.0,106.0,97.75,24.253865671269818,95.25,52.0,213.0,2025,10,41,4
200,2025-11-03,118,850.0,0.0,600,97.0,106.0,17.0,45.0,116.0,62.0,82.5,34.394767043839686,86.5,9.0,123.0,2025,11,45,4
200,2025-11-10,65,850.0,0.6666666666666666,600,97.0,143.0,40.0,118.0,45.0,107.0,96.5,34.66506406552088,87.75,46.0,183.0,2025,11,46,4
200,2025-12-08,69,850.0,0.5,600,97.0,53.0,69.0,65.0,118.0,116.0,86.0,36.724197290977884,86.25,-44.0,122.0,2025,12,50,4
201,2024-12-30,219,0.0,0.0,700,0.0,0.0,0.0,0.0,0.0,0.0,0.0,0.0,0.0,0.0,0.0,2024,12,1,4
201,2025-01-06,121,850.0,0.2,700,93.0,235.0,76.0,219.0,0.0,0.0,219.0,0.0,219.0,142.0,311.0,2025,1,2,1
201,2025-01-27,17,850.0,0.0,700,93.0,27.0,3.0,121.0,219.0,0.0,170.0,69.29646455628166,170.0,-66.0,30.0,2025,1,5,1
201,2025-02-03,132,850.0,0.0,700,93.0,27.0,3.0,17.0,121.0,0.0,119.0,101.01485039339512,119.0,-66.0,30.0,2025,2,6,1
201,2025-02-10,96,850.0,0.25,700,93.0,203.0,66.0,132.0,17.0,219.0,122.25,82.73401154704555,122.25,110.0,269.0,2025,2,7,1
201,2025-02-24,25,850.0,0.5,700,93.0,203.0,66.0,96.0,132.0,121.0,91.5,51.90054591877302,117.0,110.0,269.0,2025,2,9,1
201,2025-03-03,173,850.0,0.0,700,93.0,203.0,66.0,25.0,96.0,17.0,67.5,55.76438528905942,101.66666666666667,110.0,269.0,2025,3,10,1
201,2025-03-10,103,850.0,0.16666666666666666,700,93.0,49.0,8.0,173.0,25.0,132.0,106.5,62.782694006124544,111.85714285714286,-44.0,57.0,2025,3,11,1
201,2025-03-31,179,850.0,1.0,700,93.0,49.0,8.0,103.0,173.0,96.0,99.25,60.48897971256142,110.75,-44.0,57.0,2025,3,14,1
201,2025-04-07,24,850.0,0.5,700,93.0,156.0,30.0,179.0,103.0,25.0,120.0,72.12026991999775,105.75,63.0,186.0,2025,4,15,2
201,2025-04-28,106,850.0,0.0,700,93.0,28.0,7.0,24.0,179.0,173.0,119.75,72.55974549753236,93.625,-65.0,35.0,2025,4,18,2
201,2025-05-05,67,850.0,0.5,700,93.0,150.0,99.0,106.0,24.0,103.0,103.0,63.31403214664713,104.75,57.0,249.0,2025,5,19,2
201,2025-06-02,103,850.0,0.5,700,93.0,178.0,66.0,67.0,106.0,179.0,94.0,65.82299496883036,96.625,85.0,244.0,2025,6,23,2
201,2025-06-09,118,850.0,0.0,700,93.0,13.0,12.0,103.0,67.0,24.0,75.0,38.34057902536163,97.5,-80.0,25.0,2025,6,24,2
201,2025-06-30,48,850.0,0.3333333333333333,700,93.0,39.0,71.0,118.0,103.0,106.0,98.5,21.977260975835918,109.125,-54.0,110.0,2025,6,27,2
201,2025-07-07,62,850.0,0.0,700,93.0,249.0,69.0,48.0,118.0,67.0,84.0,32.155870381627054,93.5,156.0,318.0,2025,7,28,3
201,2025-07-28,192,850.0,0.0,700,93.0,193.0,62.0,62.0,48.0,103.0,82.75,33.11973228555247,88.375,100.0,255.0,2025,7,31,3
201,2025-08-04,166,850.0,0.3333333333333333,700,93.0,226.0,9.0,192.0,62.0,118.0,105.0,65.41151784408207,90.0,133.0,235.0,2025,8,32,3
201,2025-08-11,59,850.0,0.0,700,93.0,108.0,44.0,166.0,192.0,48.0,117.0,72.5993572056025,107.75,15.0,152.0,2025,8,33,3
201,2025-09-01,144,850.0,0.5,700,93.0,48.0,28.0,59.0,166.0,62.0,119.75,69.24533678643398,101.875,-45.0,76.0,2025,9,36,3
201,2025-09-08,174,850.0,0.5,700,93.0,80.0,12.0,144.0,59.0,192.0,140.25,57.61003963430911,111.5,-13.0,92.0,2025,9,37,3
201,2025-09-29,82,850.0,0.5,700,93.0,199.0,65.0,174.0,144.0,166.0,135.75,52.71543101091621,120.375,106.0,264.0,2025,9,40,3
201,2025-10-06,151,850.0,0.0,700,93.0,223.0,5.0,82.0,174.0,59.0,114.75,53.37524394948155,115.875,130.0,228.0,2025,10,41,4
201,2025-10-27,34,850.0,0.25,700,93.0,40.0,15.0,151.0,82.0,144.0,137.75,39.31390763245665,128.75,-53.0,55.0,2025,10,44,4
201,2025-11-03,198,850.0,1.0,700,93.0,40.0,15.0,34.0,151.0,174.0,110.25,64.12682745934029,125.25,-53.0,55.0,2025,11,45,4
201,2025-11-10,19,850.0,0.0,700,93.0,40.0,15.0,198.0,34.0,82.0,116.25,72.6378000768195,126.0,-53.0,55.0,2025,11,46,4
201,2025-12-01,106,850.0,0.0,700,93.0,202.0,98.0,19.0,198.0,151.0,100.5,87.78952101475437,107.625,109.0,300.0,2025,12,49,4
201,2025-12-08,35,850.0,0.0,700,93.0,127.0,74.0,106.0,19.0,34.0,89.25,81.84283719422244,113.5,34.0,201.0,2025,12,50,4
202,2024-12-30,110,0.0,0.0,750,0.0,0.0,0.0,0.0,0.0,0.0,0.0,0.0,0.0,0.0,0.0,2024,12,1,4
202,2025-01-06,157,550.0,0.0,750,76.0,212.0,88.0,110.0,0.0,0.0,110.0,0.0,110.0,136.0,300.0,2025,1,2,1
202,2025-01-27,23,550.0,0.3333333333333333,750,76.0,49.0,57.0,157.0,110.0,0.0,133.5,33.23401871576773,133.5,-27.0,106.0,2025,1,5,1
202,2025-02-03,207,550.0,0.0,750,76.0,87.0,8.0,23.0,157.0,0.0,96.66666666666667,67.98774399355617,96.66666666666667,11.0,95.0,2025,2,6,1
202,2025-02-10,38,550.0,0.25,750,76.0,21.0,42.0,207.0,23.0,110.0,124.25,78.26184681354425,124.25,-55.0,63.0,2025,2,7,1
202,2025-02-24,26,550.0,1.0,750,76.0,21.0,42.0,38.0,207.0,157.0,106.25,90.02731067107729,107.0,-55.0,63.0,2025,2,9,1
202,2025-03-03,243,550.0,0.0,750,76.0,140.0,61.0,26.0,38.0,23.0,73.5,89.23564310296643,93.5,64.0,201.0,2025,3,10,1
202,2025-03-10,92,550.0,0.2,750,76.0,160.0,72.0,243.0,26.0,207.0,128.5,112.50037036976072,114.85714285714286,84.0,232.0,2025,3,11,1
202,2025-03-31,185,550.0,0.0,750,76.0,160.0,72.0,92.0,243.0,38.0,99.75,99.72086040543371,112.0,84.0,232.0,2025,3,14,1
202,2025-04-07,82,550.0,0.25,750,76.0,110.0,18.0,185.0,92.0,26.0,136.5,96.41058033224361,121.375,34.0,128.0,2025,4,15,2
202,2025-04-28,38,550.0,0.0,750,76.0,88.0,30.0,82.0,185.0,243.0,150.5,77.16000691204391,112.0,12.0,118.0,2025,4,18,2
202,2025-05-05,118,550.0,1.0,750,76.0,183.0,90.0,38.0,82.0,92.0,99.25,61.79198977213794,113.875,107.0,273.0,2025,5,19,2
202,2025-06-02,254,550.0,0.3333333333333333,750,76.0,106.0,1.0,118.0,38.0,185.0,105.75,62.14163928746435,102.75,30.0,107.0,2025,6,23,2
202,2025-06-09,53,550.0,0.3333333333333333,750,76.0,106.0,1.0,254.0,118.0,82.0,123.0,93.25949460153285,129.75,30.0,107.0,2025,6,24,2
202,2025-06-30,157,550.0,0.5,750,76.0,100.0,88.0,53.0,254.0,38.0,115.75,98.48984719248985,133.125,24.0,188.0,2025,6,27,2
202,2025-07-07,230,550.0,0.5,750,76.0,100.0,88.0,157.0,53.0,118.0,145.5,84.09716602438714,122.375,24.0,188.0,2025,7,28,3
202,2025-07-28,71,550.0,0.75,750,76.0,131.0,5.0,230.0,157.0,254.0,173.5,90.30503861911582,139.625,55.0,136.0,2025,7,31,3
202,2025-08-04,124,550.0,0.5,750,76.0,220.0,3.0,71.0,230.0,53.0,127.75,81.891696770796,125.375,144.0,223.0,2025,8,32,3
202,2025-08-11,52,550.0,1.0,750,76.0,192.0,17.0,124.0,71.0,157.0,145.5,66.54572362919599,130.625,116.0,209.0,2025,8,33,3
202,2025-09-01,196,550.0,0.0,750,76.0,235.0,10.0,52.0,124.0,230.0,119.25,79.87229390303833,132.375,159.0,245.0,2025,9,36,3
202,2025-09-08,189,550.0,0.3333333333333333,750,76.0,235.0,10.0,196.0,52.0,71.0,110.75,64.48449426024833,142.125,159.0,245.0,2025,9,37,3
202,2025-09-29,178,550.0,0.6666666666666666,750,76.0,59.0,81.0,189.0,196.0,124.0,140.25,67.17328337962944,134.0,-17.0,140.0,2025,9,40,3
202,2025-10-06,155,550.0,0.6,750,76.0,59.0,81.0,178.0,189.0,52.0,153.75,68.2367203197809,149.625,-17.0,140.0,2025,10,41,4
202,2025-10-27,33,550.0,0.25,750,76.0,59.0,81.0,155.0,178.0,196.0,179.5,17.935068069752816,149.375,-17.0,140.0,2025,10,44,4
202,2025-11-03,107,550.0,1.0,750,76.0,59.0,81.0,33.0,155.0,189.0,138.75,71.90908612036915,124.75,-17.0,140.0,2025,11,45,4
202,2025-12-01,174,550.0,0.25,750,76.0,191.0,30.0,107.0,33.0,178.0,118.25,64.06962358767738,129.25,115.0,221.0,2025,12,49,4
202,2025-12-08,29,550.0,0.4,750,76.0,83.0,91.0,174.0,107.0,155.0,117.25,62.84571054044448,135.5,7.0,174.0,2025,12,50,4
203,2024-12-30,69,0.0,0.0,750,0.0,0.0,0.0,0.0,0.0,0.0,0.0,0.0,0.0,0.0,0.0,2024,12,1,4
203,2025-02-03,137,550.0,0.0,750,41.0,0.0,0.0,69.0,0.0,0.0,69.0,0.0,69.0,0.0,0.0,2025,2,6,1
203,2025-02-10,18,550.0,0.25,750,41.0,245.0,85.0,137.0,69.0,0.0,103.0,48.08326112068523,103.0,204.0,330.0,2025,2,7,1
203,2025-03-03,157,550.0,0.0,750,41.0,198.0,74.0,18.0,137.0,0.0,74.66666666666667,59.70203793283219,74.66666666666667,157.0,272.0,2025,3,10,1
203,2025-03-10,55,550.0,0.5,750,41.0,69.0,75.0,157.0,18.0,69.0,95.25,63.80373552282551,95.25,28.0,144.0,2025,3,11,1
203,2025-03-31,154,550.0,0.5,750,41.0,246.0,7.0,55.0,157.0,137.0,91.75,66.06751597166846,87.2,205.0,253.0,2025,3,14,1
203,2025-04-07,190,550.0,0.3333333333333333,750,41.0,61.0,80.0,154.0,55.0,18.0,96.0,70.35623639735144,98.33333333333333,20.0,141.0,2025,4,15,2
203,2025-04-28,160,550.0,0.2,750,41.0,155.0,98.0,190.0,154.0,157.0,139.0,58.32666628567074,111.42857142857143,114.0,253.0,2025,4,18,2
203,2025-05-05,168,550.0,0.0,750,41.0,129.0,46.0,160.0,190.0,55.0,139.75,58.653644388051454,117.5,88.0,175.0,2025,5,19,2
203,2025-06-02,268,550.0,0.6666666666666666,750,41.0,244.0,17.0,168.0,160.0,154.0,168.0,15.748015748023622,129.875,203.0,261.0,2025,6,23,2
203,2025-06-09,102,550.0,0.16666666666666666,750,41.0,168.0,83.0,268.0,168.0,190.0,196.5,49.3254498205541,146.25,127.0,251.0,2025,6,24,2
203,2025-06-30,33,550.0,0.0,750,41.0,190.0,30.0,102.0,268.0,160.0,174.5,68.92266197219412,156.75,149.0,220.0,2025,6,27,2
203,2025-07-07,112,550.0,0.0,750,41.0,199.0,75.0,33.0,102.0,168.0,142.75,100.05123687391375,141.25,158.0,274.0,2025,7,28,3
203,2025-07-28,27,550.0,0.5,750,41.0,74.0,72.0,112.0,33.0,268.0,128.75,99.25514260396453,148.375,33.0,146.0,2025,7,31,3
203,2025-08-04,277,550.0,0.0,750,41.0,74.0,72.0,27.0,112.0,102.0,68.5,44.71017781221632,132.5,33.0,146.0,2025,8,32,3
203,2025-08-11,23,550.0,0.6,750,41.0,110.0,35.0,277.0,27.0,33.0,112.25,116.4627980658774,143.375,69.0,145.0,2025,8,33,3
203,2025-09-01,118,550.0,0.0,750,41.0,83.0,83.0,23.0,277.0,112.0,109.75,118.81463153444808,126.25,42.0,166.0,2025,9,36,3
203,2025-09-29,62,550.0,0.0,750,41.0,169.0,29.0,118.0,23.0,27.0,111.25,118.89035565034982,120.0,128.0,198.0,2025,9,40,3
203,2025-10-06,25,550.0,0.5,750,41.0,126.0,61.0,62.0,118.0,277.0,120.0,111.69303171341234,94.25,85.0,187.0,2025,10,41,4
203,2025-10-27,31,550.0,0.0,750,41.0,245.0,66.0,25.0,62.0,23.0,57.0,44.44472222135416,84.625,204.0,311.0,2025,10,44,4
203,2025-11-03,90,550.0,1.0,750,41.0,245.0,66.0,31.0,25.0,118.0,59.0,42.544094772365284,84.375,204.0,311.0,2025,11,45,4
203,2025-12-01,71,550.0,0.0,750,41.0,235.0,10.0,90.0,31.0,62.0,52.0,30.07767721528153,81.625,194.0,245.0,2025,12,49,4
203,2025-12-08,45,550.0,0.0,750,41.0,201.0,81.0,71.0,90.0,25.0,54.25,31.38338201447807,87.125,160.0,282.0,2025,12,50,4
204,2024-12-30,75,0.0,0.0,1200,0.0,0.0,0.0,0.0,0.0,0.0,0.0,0.0,0.0,0.0,0.0,2024,12,1,4
204,2025-01-06,166,1500.0,0.0,1200,98.0,0.0,0.0,75.0,0.0,0.0,75.0,0.0,75.0,0.0,0.0,2025,1,2,1
204,2025-02-03,148,1500.0,0.4,1200,98.0,0.0,0.0,166.0,75.0,0.0,120.5,64.34671708797582,120.5,0.0,0.0,2025,2,6,1
204,2025-02-10,82,1500.0,0.0,1200,98.0,232.0,3.0,148.0,166.0,0.0,129.66666666666666,48.19059382631981,129.66666666666666,134.0,235.0,2025,2,7,1
204,2025-02-24,67,1500.0,0.0,1200,98.0,232.0,3.0,82.0,148.0,75.0,117.75,46.00271731104588,117.75,134.0,235.0,2025,2,9,1
204,2025-03-03,138,1500.0,0.0,1200,98.0,232.0,3.0,67.0,82.0,166.0,115.75,48.58240422210494,107.6,134.0,235.0,2025,3,10,1
204,2025-03-31,91,1500.0,0.25,1200,98.0,232.0,3.0,138.0,67.0,148.0,108.75,40.22747817102136,112.66666666666667,134.0,235.0,2025,3,14,1
204,2025-04-07,108,1500.0,0.3333333333333333,1200,98.0,72.0,78.0,91.0,138.0,82.0,94.5,30.643106892089126,109.57142857142857,-26.0,150.0,2025,4,15,2
204,2025-04-28,108,1500.0,0.6666666666666666,1200,98.0,58.0,70.0,108.0,91.0,67.0,101.0,29.85520613449744,109.375,-40.0,128.0,2025,4,18,2
204,2025-05-05,126,1500.0,1.0,1200,98.0,58.0,70.0,108.0,108.0,138.0,111.25,19.551214796017156,113.5,-40.0,128.0,2025,5,19,2
204,2025-05-12,40,1500.0,0.6666666666666666,1200,98.0,97.0,27.0,126.0,108.0,91.0,108.25,14.291605927956457,108.5,-1.0,124.0,2025,5,20,2
204,2025-05-26,22,1500.0,1.0,1200,98.0,97.0,27.0,40.0,126.0,108.0,95.5,37.960505792204614,95.0,-1.0,124.0,2025,5,22,2
204,2025-06-02,156,1500.0,0.0,1200,98.0,97.0,27.0,22.0,40.0,108.0,74.0,50.72803301265814,87.5,-1.0,124.0,2025,6,23,2
204,2025-06-09,72,1500.0,0.2,1200,98.0,249.0,9.0,156.0,22.0,126.0,86.0,65.09480265991543,98.625,151.0,258.0,2025,6,24,2
204,2025-06-30,86,1500.0,0.5,1200,98.0,182.0,4.0,72.0,156.0,40.0,72.5,59.38293806585637,90.375,84.0,186.0,2025,6,27,2
204,2025-07-07,60,1500.0,0.0,1200,98.0,182.0,4.0,86.0,72.0,22.0,84.0,55.30521373854971,89.75,84.0,186.0,2025,7,28,3
204,2025-07-28,53,1500.0,0.0,1200,98.0,154.0,97.0,60.0,86.0,156.0,93.5,43.00000000000001,83.75,56.0,251.0,2025,7,31,3
204,2025-08-04,236,1500.0,0.0,1200,98.0,154.0,97.0,53.0,60.0,72.0,67.75,14.47699324215267,76.875,56.0,251.0,2025,8,32,3
204,2025-08-11,41,1500.0,0.5,1200,98.0,197.0,83.0,236.0,53.0,86.0,108.75,86.01308040059953,90.625,99.0,280.0,2025,8,33,3
204,2025-09-01,147,1500.0,0.0,1200,98.0,59.0,81.0,41.0,236.0,60.0,97.5,92.66606714434363,90.75,-39.0,140.0,2025,9,36,3
204,2025-09-08,83,1500.0,0.25,1200,98.0,124.0,72.0,147.0,41.0,53.0,119.25,91.12765771158612,106.375,26.0,196.0,2025,9,37,3
204,2025-09-29,24,1500.0,0.5,1200,98.0,193.0,84.0,83.0,147.0,236.0,126.75,84.87785341300759,97.25,95.0,277.0,2025,9,40,3
204,2025-10-06,90,1500.0,0.0,1200,98.0,229.0,90.0,24.0,83.0,41.0,73.75,54.768451989565456,91.25,131.0,319.0,2025,10,41,4
204,2025-10-27,24,1500.0,0.0,1200,98.0,176.0,26.0,90.0,24.0,147.0,86.0,50.29910535983719,91.75,78.0,202.0,2025,10,44,4
204,2025-11-03,49,1500.0,0.0,1200,98.0,141.0,72.0,24.0,90.0,83.0,55.25,36.19737559547657,87.25,43.0,213.0,2025,11,45,4
204,2025-11-10,84,1500.0,0.0,1200,98.0,141.0,72.0,49.0,24.0,24.0,46.75,31.14883625434509,86.75,43.0,213.0,2025,11,46,4
204,2025-12-01,405,1500.0,0.0,1200,98.0,141.0,72.0,84.0,49.0,90.0,61.75,30.987900864692378,67.75,43.0,213.0,2025,12,49,4
204,2025-12-08,59,1500.0,0.5714285714285714,1200,98.0,165.0,30.0,405.0,84.0,24.0,140.5,178.0421298457194,113.25,67.0,195.0,2025,12,50,4
205,2024-12-30,92,0.0,0.0,550,0.0,0.0,0.0,0.0,0.0,0.0,0.0,0.0,0.0,0.0,0.0,2024,12,1,4
205,2025-01-06,163,1200.0,0.0,550,83.0,104.0,21.0,92.0,0.0,0.0,92.0,0.0,92.0,21.0,125.0,2025,1,2,1
205,2025-01-27,21,1200.0,1.0,550,83.0,73.0,76.0,163.0,92.0,0.0,127.5,50.204581464244875,127.5,-10.0,149.0,2025,1,5,1
205,2025-02-03,61,1200.0,0.0,550,83.0,73.0,76.0,21.0,163.0,0.0,92.0,71.0,92.0,-10.0,149.0,2025,2,6,1
205,2025-02-10,50,1200.0,0.0,550,83.0,73.0,76.0,61.0,21.0,92.0,84.25,60.00763840267893,84.25,-10.0,149.0,2025,2,7,1
205,2025-02-24,75,1200.0,0.5,550,83.0,73.0,76.0,50.0,61.0,163.0,73.75,61.845910670525875,77.4,-10.0,149.0,2025,2,9,1
205,2025-03-03,107,1200.0,0.0,550,83.0,47.0,71.0,75.0,50.0,21.0,51.75,22.911059920192837,77.0,-36.0,118.0,2025,3,10,1
205,2025-03-10,58,1200.0,0.25,550,83.0,37.0,86.0,107.0,75.0,61.0,73.25,24.716728478232444,81.28571428571429,-46.0,123.0,2025,3,11,1
205,2025-03-31,180,1200.0,0.5,550,83.0,208.0,22.0,58.0,107.0,50.0,72.5,25.25206262202489,78.375,125.0,230.0,2025,3,14,1
205,2025-04-07,122,1200.0,0.2,550,83.0,35.0,72.0,180.0,58.0,75.0,105.0,53.96912697706594,89.375,-48.0,107.0,2025,4,15,2
205,2025-04-28,98,1200.0,0.5,550,83.0,137.0,81.0,122.0,180.0,107.0,116.75,50.248548901104265,84.25,54.0,218.0,2025,4,18,2
205,2025-05-05,138,1200.0,0.5,550,83.0,137.0,81.0,98.0,122.0,58.0,114.5,51.02613709332372,93.875,54.0,218.0,2025,5,19,2
205,2025-05-12,85,1200.0,0.25,550,83.0,248.0,88.0,138.0,98.0,180.0,134.5,34.50120770833006,103.5,165.0,336.0,2025,5,20,2
205,2025-05-26,47,1200.0,1.0,550,83.0,248.0,88.0,85.0,138.0,122.0,110.75,23.767975653527298,107.875,165.0,336.0,2025,5,22,2
205,2025-06-02,113,1200.0,1.0,550,83.0,120.0,81.0,47.0,85.0,98.0,92.0,37.53220839048332,104.375,37.0,201.0,2025,6,23,2
205,2025-06-09,163,1200.0,0.0,550,83.0,120.0,81.0,113.0,47.0,138.0,95.75,39.05018139095728,105.125,37.0,201.0,2025,6,24,2
205,2025-06-30,201,1200.0,0.6666666666666666,550,83.0,124.0,76.0,163.0,113.0,85.0,102.0,48.83987441971297,118.25,41.0,200.0,2025,6,27,2
205,2025-07-07,111,1200.0,0.4,550,83.0,124.0,76.0,201.0,163.0,47.0,131.0,66.59329295557224,120.875,41.0,200.0,2025,7,28,3
205,2025-07-28,79,1200.0,0.0,550,83.0,124.0,76.0,111.0,201.0,113.0,147.0,43.29742101634538,119.5,41.0,200.0,2025,7,31,3
205,2025-08-04,83,1200.0,0.0,550,83.0,37.0,55.0,79.0,111.0,163.0,138.5,54.16948710605754,117.125,-46.0,92.0,2025,8,32,3
205,2025-08-11,59,1200.0,0.3333333333333333,550,83.0,51.0,86.0,83.0,79.0,201.0,118.5,56.81255729736751,110.25,-32.0,137.0,2025,8,33,3
205,2025-09-01,107,1200.0,1.0,550,83.0,238.0,7.0,59.0,83.0,111.0,83.0,21.416504538945347,107.0,155.0,245.0,2025,9,36,3
205,2025-09-08,85,1200.0,0.0,550,83.0,238.0,7.0,107.0,59.0,79.0,82.0,19.697715603592208,114.5,155.0,245.0,2025,9,37,3
205,2025-09-29,80,1200.0,0.6666666666666666,550,83.0,140.0,86.0,85.0,107.0,83.0,83.5,19.621416870348583,111.0,57.0,226.0,2025,9,40,3
205,2025-10-06,126,1200.0,0.0,550,83.0,140.0,86.0,80.0,85.0,59.0,82.75,19.704060495238032,100.625,57.0,226.0,2025,10,41,4
205,2025-10-27,97,1200.0,0.25,550,83.0,75.0,56.0,126.0,80.0,107.0,99.5,21.205345238091894,91.25,-8.0,131.0,2025,10,44,4
205,2025-11-03,140,1200.0,0.0,550,83.0,103.0,42.0,97.0,126.0,85.0,97.0,20.60744202143164,89.5,20.0,145.0,2025,11,45,4
205,2025-11-10,60,1200.0,0.25,550,83.0,43.0,7.0,140.0,97.0,80.0,110.75,27.219784471348532,97.125,-40.0,50.0,2025,11,46,4
205,2025-12-01,134,1200.0,0.0,550,83.0,215.0,25.0,60.0,140.0,126.0,105.75,35.36830030785572,94.25,132.0,240.0,2025,12,49,4
205,2025-12-08,40,1200.0,0.0,550,83.0,30.0,33.0,134.0,60.0,97.0,107.75,37.07986875201511,103.625,-53.0,63.0,2025,12,50,4
206,2024-12-30,100,0.0,0.0,550,0.0,0.0,0.0,0.0,0.0,0.0,0.0,0.0,0.0,0.0,0.0,2024,12,1,4
206,2025-01-06,313,700.0,0.6666666666666666,550,78.0,0.0,0.0,100.0,0.0,0.0,100.0,0.0,100.0,0.0,0.0,2025,1,2,1
206,2025-02-03,129,700.0,0.3333333333333333,550,78.0,230.0,30.0,313.0,100.0,0.0,206.5,150.61374439273462,206.5,152.0,260.0,2025,2,6,1
206,2025-02-10,98,700.0,0.0,550,78.0,20.0,9.0,129.0,313.0,0.0,180.66666666666666,115.51767541520792,180.66666666666666,-58.0,29.0,2025,2,7,1
206,2025-03-03,103,700.0,1.0,550,78.0,20.0,9.0,98.0,129.0,100.0,160.0,102.97896225281485,160.0,-58.0,29.0,2025,3,10,1
206,2025-03-10,84,700.0,0.3333333333333333,550,78.0,140.0,55.0,103.0,98.0,313.0,160.75,102.40564763071745,148.6,62.0,195.0,2025,3,11,1
206,2025-03-31,108,700.0,0.5,550,78.0,44.0,27.0,84.0,103.0,129.0,103.5,18.80602740258201,137.83333333333334,-34.0,71.0,2025,3,14,1
206,2025-04-07,125,700.0,0.5,550,78.0,77.0,22.0,108.0,84.0,98.0,98.25,10.34005157949734,133.57142857142858,-1.0,99.0,2025,4,15,2
206,2025-04-28,66,700.0,0.0,550,78.0,222.0,6.0,125.0,108.0,103.0,105.0,16.87206764645832,132.5,144.0,228.0,2025,4,18,2
206,2025-05-05,146,700.0,0.0,550,78.0,222.0,6.0,66.0,125.0,84.0,95.75,26.004807247891666,128.25,144.0,228.0,2025,5,19,2
206,2025-06-02,106,700.0,0.25,550,78.0,154.0,87.0,146.0,66.0,108.0,111.25,33.934986862135844,107.375,76.0,241.0,2025,6,23,2
206,2025-06-09,60,700.0,0.0,550,78.0,41.0,68.0,106.0,146.0,125.0,110.75,34.01347772084862,104.5,-37.0,109.0,2025,6,24,2
206,2025-06-30,148,700.0,0.5,550,78.0,41.0,68.0,60.0,106.0,66.0,94.5,39.94579660823734,99.75,-37.0,109.0,2025,6,27,2
206,2025-07-07,131,700.0,0.6666666666666666,550,78.0,114.0,90.0,148.0,60.0,146.0,115.0,41.45680482944465,105.375,36.0,204.0,2025,7,28,3
206,2025-07-28,137,700.0,0.6666666666666666,550,78.0,183.0,72.0,131.0,148.0,106.0,111.25,38.27422979847753,111.25,105.0,255.0,2025,7,31,3
206,2025-08-04,114,700.0,0.5,550,78.0,183.0,72.0,137.0,131.0,60.0,119.0,39.95831160930934,114.875,105.0,255.0,2025,8,32,3
206,2025-08-11,21,700.0,0.5,550,78.0,203.0,52.0,114.0,137.0,148.0,132.5,14.20093893609382,113.5,125.0,255.0,2025,8,33,3
206,2025-09-01,164,700.0,0.0,550,78.0,203.0,52.0,21.0,114.0,131.0,100.75,54.05167280790976,107.875,125.0,255.0,2025,9,36,3
206,2025-09-08,65,700.0,0.5,550,78.0,143.0,2.0,164.0,21.0,137.0,109.0,62.12353284652549,110.125,65.0,145.0,2025,9,37,3
206,2025-09-29,188,700.0,0.5,550,78.0,40.0,71.0,65.0,164.0,114.0,91.0,61.73599706276178,105.0,-38.0,111.0,2025,9,40,3
206,2025-10-06,121,700.0,1.0,550,78.0,40.0,71.0,188.0,65.0,21.0,109.5,79.46697427233528,121.0,-38.0,111.0,2025,10,41,4
206,2025-10-27,84,700.0,0.0,550,78.0,40.0,71.0,121.0,188.0,164.0,134.5,53.99073994677233,117.625,-38.0,111.0,2025,10,44,4
206,2025-11-03,105,700.0,0.0,550,78.0,40.0,71.0,84.0,121.0,65.0,114.5,54.23713365090991,111.75,-38.0,111.0,2025,11,45,4
206,2025-11-10,63,700.0,0.0,550,78.0,100.0,99.0,105.0,84.0,188.0,124.5,44.962947708826476,107.75,22.0,199.0,2025,11,46,4
206,2025-12-01,145,700.0,0.5,550,78.0,31.0,70.0,63.0,105.0,121.0,93.25,25.223996511258825,101.375,-47.0,101.0,2025,12,49,4
206,2025-12-08,168,700.0,0.25,550,78.0,212.0,82.0,145.0,63.0,84.0,99.25,34.989284073841766,116.875,134.0,294.0,2025,12,50,4
207,2024-12-30,55,0.0,0.0,1500,0.0,0.0,0.0,0.0,0.0,0.0,0.0,0.0,0.0,0.0,0.0,2024,12,1,4
207,2025-01-06,160,700.0,0.0,1500,56.0,0.0,0.0,55.0,0.0,0.0,55.0,0.0,55.0,0.0,0.0,2025,1,2,1
207,2025-01-27,21,700.0,0.25,1500,56.0,81.0,49.0,160.0,55.0,0.0,107.5,74.24621202458749,107.5,25.0,130.0,2025,1,5,1
207,2025-02-03,109,700.0,0.0,1500,56.0,81.0,49.0,21.0,160.0,0.0,78.66666666666667,72.45918391296809,78.66666666666667,25.0,130.0,2025,2,6,1
207,2025-02-10,30,700.0,0.3333333333333333,1500,56.0,218.0,50.0,109.0,21.0,55.0,86.25,61.07577261074968,86.25,162.0,268.0,2025,2,7,1
207,2025-02-24,32,700.0,0.0,1500,56.0,167.0,15.0,30.0,109.0,160.0,80.0,66.38774987400411,75.0,111.0,182.0,2025,2,9,1
207,2025-03-03,186,700.0,0.0,1500,56.0,167.0,15.0,32.0,30.0,21.0,48.0,40.94712037087183,67.83333333333333,111.0,182.0,2025,3,10,1
207,2025-03-10,23,700.0,0.25,1500,56.0,167.0,15.0,186.0,32.0,109.0,89.25,74.24901795085688,84.71428571428571,111.0,182.0,2025,3,11,1
207,2025-03-31,152,700.0,0.0,1500,56.0,146.0,51.0,23.0,186.0,30.0,67.75,78.92770954065077,77.0,90.0,197.0,2025,3,14,1
207,2025-04-07,166,700.0,0.75,1500,56.0,146.0,51.0,152.0,23.0,32.0,98.25,82.94727240844028,89.125,90.0,197.0,2025,4,15,2
207,2025-04-28,107,700.0,0.6666666666666666,1500,56.0,23.0,21.0,166.0,152.0,186.0,131.75,73.83032349019383,89.875,-33.0,44.0,2025,4,18,2
207,2025-05-05,112,700.0,0.3333333333333333,1500,56.0,23.0,21.0,107.0,166.0,23.0,112.0,64.45153217728809,100.625,-33.0,44.0,2025,5,19,2
207,2025-05-12,25,700.0,0.3333333333333333,1500,56.0,235.0,76.0,112.0,107.0,152.0,134.25,29.216148502725925,101.0,179.0,311.0,2025,5,20,2
207,2025-05-26,28,700.0,0.0,1500,56.0,235.0,76.0,25.0,112.0,166.0,102.5,58.16356247686348,100.375,179.0,311.0,2025,5,22,2
207,2025-06-02,195,700.0,0.0,1500,56.0,235.0,76.0,28.0,25.0,107.0,68.0,47.97916214358063,99.875,179.0,311.0,2025,6,23,2
207,2025-06-09,132,700.0,0.2,1500,56.0,235.0,76.0,195.0,28.0,112.0,90.0,80.78366171448285,101.0,179.0,311.0,2025,6,24,2
207,2025-06-30,60,700.0,0.3333333333333333,1500,56.0,194.0,23.0,132.0,195.0,25.0,95.0,83.18253021718765,114.625,138.0,217.0,2025,6,27,2
207,2025-07-07,130,700.0,0.0,1500,56.0,194.0,23.0,60.0,132.0,28.0,103.75,74.78134794184979,103.125,138.0,217.0,2025,7,28,3
207,2025-08-04,134,700.0,0.5,1500,56.0,219.0,61.0,130.0,60.0,195.0,129.25,55.15659525387695,98.625,163.0,280.0,2025,8,32,3
207,2025-08-11,16,700.0,0.0,1500,56.0,219.0,61.0,134.0,130.0,132.0,114.0,36.037018004638895,102.0,163.0,280.0,2025,8,33,3
207,2025-09-01,191,700.0,0.0,1500,56.0,236.0,15.0,16.0,134.0,60.0,85.0,57.18974267005114,90.0,180.0,251.0,2025,9,36,3
207,2025-09-08,69,700.0,0.5,1500,56.0,109.0,15.0,191.0,16.0,130.0,117.75,73.3320075637735,110.75,53.0,124.0,2025,9,37,3
207,2025-09-29,196,700.0,1.0,1500,56.0,109.0,15.0,69.0,191.0,134.0,102.5,76.22116941287813,115.875,53.0,124.0,2025,9,40,3
207,2025-10-06,227,700.0,0.6666666666666666,1500,56.0,36.0,0.0,196.0,69.0,16.0,118.0,89.84801982607445,116.0,-20.0,36.0,2025,10,41,4
207,2025-11-03,137,700.0,0.3333333333333333,1500,56.0,17.0,28.0,227.0,196.0,191.0,170.75,69.67723205371082,127.875,-39.0,45.0,2025,11,45,4
207,2025-11-10,55,700.0,0.3333333333333333,1500,56.0,175.0,89.0,137.0,227.0,69.0,157.25,69.67723205371082,137.5,119.0,264.0,2025,11,46,4
207,2025-12-01,88,700.0,0.5,1500,56.0,175.0,89.0,55.0,137.0,196.0,153.75,75.68079897393615,128.125,119.0,264.0,2025,12,49,4
207,2025-12-08,143,700.0,0.3333333333333333,1500,56.0,87.0,56.0,88.0,55.0,227.0,126.75,74.84372607863223,122.375,31.0,143.0,2025,12,50,4
208,2024-12-30,110,0.0,0.0,1200,0.0,0.0,0.0,0.0,0.0,0.0,0.0,0.0,0.0,0.0,0.0,2024,12,1,4
208,2025-01-06,25,250.0,0.3333333333333333,1200,42.0,187.0,88.0,110.0,0.0,0.0,110.0,0.0,110.0,145.0,275.0,2025,1,2,1
208,2025-01-27,66,250.0,0.0,1200,42.0,72.0,44.0,25.0,110.0,0.0,67.5,60.10407640085654,67.5,30.0,116.0,2025,1,5,1
208,2025-02-03,141,250.0,1.0,1200,42.0,73.0,3.0,66.0,25.0,0.0,67.0,42.50882261366456,67.0,31.0,76.0,2025,2,6,1
208,2025-02-10,20,250.0,0.25,1200,42.0,37.0,36.0,141.0,66.0,110.0,85.5,50.73131840063558,85.5,-5.0,73.0,2025,2,7,1
208,2025-03-03,70,250.0,0.0,1200,42.0,37.0,36.0,20.0,141.0,25.0,63.0,55.93448548674303,72.4,-5.0,73.0,2025,3,10,1
208,2025-03-10,172,250.0,0.0,1200,42.0,212.0,54.0,70.0,20.0,66.0,74.25,49.94914080008451,72.0,170.0,266.0,2025,3,11,1
208,2025-03-31,55,250.0,0.3333333333333333,1200,42.0,247.0,71.0,172.0,70.0,141.0,100.75,68.70892712498622,86.28571428571429,205.0,318.0,2025,3,14,1
208,2025-04-07,168,250.0,0.5,1200,42.0,247.0,71.0,55.0,172.0,20.0,79.25,65.28590965897618,82.375,205.0,318.0,2025,4,15,2
208,2025-04-28,249,250.0,0.25,1200,42.0,247.0,71.0,168.0,55.0,70.0,116.25,62.38789946776538,89.625,205.0,318.0,2025,4,18,2
208,2025-05-05,193,250.0,0.6666666666666666,1200,42.0,247.0,71.0,249.0,168.0,172.0,161.0,79.89576542804589,117.625,205.0,318.0,2025,5,19,2
208,2025-05-12,20,250.0,0.25,1200,42.0,149.0,53.0,193.0,249.0,55.0,166.25,81.53271327101369,133.5,107.0,202.0,2025,5,20,2
208,2025-06-02,195,250.0,0.0,1200,42.0,149.0,53.0,20.0,193.0,168.0,157.5,97.7223959318777,118.375,107.0,202.0,2025,6,23,2
208,2025-06-09,88,250.0,0.6,1200,42.0,158.0,79.0,195.0,20.0,249.0,164.25,99.60379845501208,140.25,116.0,237.0,2025,6,24,2
208,2025-06-30,79,250.0,1.0,1200,42.0,225.0,53.0,88.0,195.0,193.0,124.0,85.46734269103415,142.5,183.0,278.0,2025,6,27,2
208,2025-07-07,124,250.0,1.0,1200,42.0,225.0,53.0,79.0,88.0,20.0,95.5,72.86745958702463,130.875,183.0,278.0,2025,7,28,3
208,2025-07-28,22,250.0,0.3333333333333333,1200,42.0,168.0,78.0,124.0,79.0,195.0,121.5,52.716221412388805,139.5,126.0,246.0,2025,7,31,3
208,2025-08-04,75,250.0,0.0,1200,42.0,168.0,78.0,22.0,124.0,88.0,78.25,42.24038352098617,121.25,126.0,246.0,2025,8,32,3
208,2025-09-01,78,250.0,0.0,1200,42.0,94.0,3.0,75.0,22.0,79.0,75.0,41.737273509418415,99.5,52.0,97.0,2025,9,36,3
208,2025-09-08,27,250.0,0.3333333333333333,1200,42.0,232.0,60.0,78.0,75.0,124.0,74.75,41.708312520807326,85.125,190.0,292.0,2025,9,37,3
208,2025-09-29,51,250.0,0.0,1200,42.0,165.0,49.0,27.0,78.0,22.0,50.5,30.116440692751194,86.0,123.0,214.0,2025,9,40,3
208,2025-10-06,118,250.0,0.0,1200,42.0,174.0,32.0,51.0,27.0,75.0,57.75,23.79600806858159,68.0,132.0,206.0,2025,10,41,4
208,2025-10-27,75,250.0,0.25,1200,42.0,240.0,56.0,118.0,51.0,78.0,68.5,39.02563260217571,71.75,198.0,296.0,2025,10,44,4
208,2025-11-03,85,250.0,1.0,1200,42.0,163.0,84.0,75.0,118.0,27.0,67.75,38.81043674065006,71.25,121.0,247.0,2025,11,45,4
208,2025-11-10,113,250.0,0.5,1200,42.0,48.0,57.0,85.0,75.0,51.0,82.25,27.77738888616663,66.375,6.0,105.0,2025,11,46,4
208,2025-12-01,138,250.0,1.0,1200,42.0,99.0,32.0,113.0,85.0,118.0,97.75,20.99801577927464,77.75,57.0,131.0,2025,12,49,4
208,2025-12-08,56,250.0,0.0,1200,42.0,144.0,61.0,138.0,113.0,75.0,102.75,28.476598579652496,85.625,102.0,205.0,2025,12,50,4
209,2024-12-30,18,0.0,0.0,350,0.0,0.0,0.0,0.0,0.0,0.0,0.0,0.0,0.0,0.0,0.0,2024,12,1,4
209,2025-01-06,158,450.0,0.0,350,27.0,0.0,0.0,18.0,0.0,0.0,18.0,0.0,18.0,0.0,0.0,2025,1,2,1
209,2025-01-27,23,450.0,0.25,350,27.0,249.0,53.0,158.0,18.0,0.0,88.0,98.99494936611666,88.0,222.0,302.0,2025,1,5,1
209,2025-02-03,165,450.0,0.0,350,27.0,249.0,53.0,23.0,158.0,0.0,66.33333333333333,79.4250170496257,66.33333333333333,222.0,302.0,2025,2,6,1
209,2025-02-10,90,450.0,0.25,350,27.0,178.0,58.0,165.0,23.0,18.0,91.0,81.48210437472349,91.0,151.0,236.0,2025,2,7,1
209,2025-02-24,55,450.0,0.5,350,27.0,249.0,3.0,90.0,165.0,158.0,109.0,66.56826070533414,90.8,222.0,252.0,2025,2,9,1
209,2025-03-03,202,450.0,0.0,350,27.0,249.0,3.0,55.0,90.0,23.0,83.25,60.98292110637754,84.83333333333333,222.0,252.0,2025,3,10,1
209,2025-03-10,65,450.0,0.25,350,27.0,97.0,57.0,202.0,55.0,165.0,128.0,67.37457482859045,101.57142857142857,70.0,154.0,2025,3,11,1
209,2025-03-31,96,450.0,0.0,350,27.0,97.0,57.0,65.0,202.0,90.0,103.0,67.62149559619832,97.0,70.0,154.0,2025,3,14,1
209,2025-04-07,31,450.0,0.3333333333333333,350,27.0,170.0,76.0,96.0,65.0,55.0,104.5,67.30279835687865,106.75,143.0,246.0,2025,4,15,2
209,2025-04-28,22,450.0,0.0,350,27.0,170.0,76.0,31.0,96.0,202.0,98.5,73.93014721117947,90.875,143.0,246.0,2025,4,18,2
209,2025-05-05,142,450.0,0.0,350,27.0,203.0,83.0,22.0,31.0,65.0,53.5,33.847698099969335,90.75,176.0,286.0,2025,5,19,2
209,2025-05-12,39,450.0,1.0,350,27.0,238.0,77.0,142.0,22.0,96.0,72.75,56.72962189191817,87.875,211.0,315.0,2025,5,20,2
209,2025-05-26,22,450.0,1.0,350,27.0,88.0,66.0,39.0,142.0,31.0,58.5,56.09812831102301,81.5,61.0,154.0,2025,5,22,2
209,2025-06-02,107,450.0,0.0,350,27.0,88.0,66.0,22.0,39.0,22.0,56.25,57.72564421468158,77.375,61.0,154.0,2025,6,23,2
209,2025-06-09,208,450.0,0.6666666666666666,350,27.0,88.0,66.0,107.0,22.0,142.0,77.5,56.547914786194085,65.5,61.0,154.0,2025,6,24,2
209,2025-06-30,136,450.0,0.25,350,27.0,143.0,85.0,208.0,107.0,39.0,94.0,84.40774056131741,83.375,116.0,228.0,2025,6,27,2
209,2025-07-07,132,450.0,0.0,350,27.0,143.0,85.0,136.0,208.0,22.0,118.25,76.94316083967438,88.375,116.0,228.0,2025,7,28,3
209,2025-07-28,51,450.0,1.0,350,27.0,120.0,33.0,132.0,136.0,107.0,145.75,43.43865406140788,101.0,93.0,153.0,2025,7,31,3
209,2025-08-04,70,450.0,0.0,350,27.0,21.0,53.0,51.0,132.0,208.0,131.75,64.1683982450344,104.625,-6.0,74.0,2025,8,32,3
209,2025-08-11,37,450.0,0.0,350,27.0,134.0,22.0,70.0,51.0,136.0,97.25,43.16924059250213,95.625,107.0,156.0,2025,8,33,3
209,2025-09-01,63,450.0,1.0,350,27.0,245.0,67.0,37.0,70.0,132.0,72.5,41.90863077378374,95.375,218.0,312.0,2025,9,36,3
209,2025-09-08,93,450.0,0.0,350,27.0,10.0,83.0,63.0,37.0,51.0,55.25,14.476993242152657,100.5,-17.0,93.0,2025,9,37,3
209,2025-09-29,52,450.0,0.3333333333333333,350,27.0,153.0,46.0,93.0,63.0,70.0,65.75,23.056091024571657,98.75,126.0,199.0,2025,9,40,3
209,2025-10-06,228,450.0,0.0,350,27.0,74.0,41.0,52.0,93.0,37.0,61.25,23.69774954153524,79.25,47.0,115.0,2025,10,41,4
209,2025-10-27,61,450.0,0.2,350,27.0,167.0,44.0,228.0,52.0,63.0,109.0,81.20344820264717,90.75,140.0,211.0,2025,10,44,4
209,2025-11-03,94,450.0,0.5,350,27.0,167.0,33.0,61.0,228.0,93.0,108.5,81.58635506831602,81.875,140.0,200.0,2025,11,45,4
209,2025-11-10,119,450.0,0.0,350,27.0,186.0,54.0,94.0,61.0,52.0,108.75,81.52453618389988,87.25,159.0,240.0,2025,11,46,4
209,2025-12-01,70,450.0,0.3333333333333333,350,27.0,186.0,54.0,119.0,94.0,228.0,125.5,72.34408522240548,93.375,159.0,240.0,2025,12,49,4
209,2025-12-08,86,450.0,0.5,350,27.0,214.0,38.0,70.0,119.0,61.0,86.0,26.03843313258311,97.5,187.0,252.0,2025,12,50,4
210,2024-12-30,77,0.0,0.0,750,0.0,0.0,0.0,0.0,0.0,0.0,0.0,0.0,0.0,0.0,0.0,2024,12,1,4
210,2025-01-06,233,250.0,0.0,750,93.0,192.0,78.0,77.0,0.0,0.0,77.0,0.0,77.0,99.0,270.0,2025,1,2,1
210,2025-01-27,19,250.0,0.16666666666666666,750,93.0,187.0,53.0,233.0,77.0,0.0,155.0,110.30865786510141,155.0,94.0,240.0,2025,1,5,1
210,2025-02-03,204,250.0,0.0,750,93.0,187.0,53.0,19.0,233.0,0.0,109.66666666666667,110.67670637190706,109.66666666666667,94.0,240.0,2025,2,6,1
210,2025-02-10,57,250.0,0.2,750,93.0,72.0,86.0,204.0,19.0,77.0,133.25,101.93584583779479,133.25,-21.0,158.0,2025,2,7,1
210,2025-02-24,54,250.0,0.0,750,93.0,166.0,22.0,57.0,204.0,233.0,128.25,106.02318928737556,118.0,73.0,188.0,2025,2,9,1
210,2025-03-03,91,250.0,0.0,750,93.0,166.0,22.0,54.0,57.0,19.0,83.5,82.16446920658588,107.33333333333333,73.0,188.0,2025,3,10,1
210,2025-03-10,41,250.0,0.5,750,93.0,144.0,41.0,91.0,54.0,204.0,101.5,70.36334272900912,105.0,51.0,185.0,2025,3,11,1
210,2025-03-31,74,250.0,0.0,750,93.0,169.0,76.0,41.0,91.0,57.0,60.75,21.3287755547914,97.0,76.0,245.0,2025,3,14,1
210,2025-04-07,87,250.0,0.0,750,93.0,169.0,76.0,74.0,41.0,54.0,65.0,22.015146301277838,96.625,76.0,245.0,2025,4,15,2
210,2025-04-28,25,250.0,0.0,750,93.0,185.0,24.0,87.0,74.0,91.0,73.25,22.691775308835297,78.375,92.0,209.0,2025,4,18,2
210,2025-05-05,93,250.0,0.0,750,93.0,185.0,24.0,25.0,87.0,41.0,56.75,28.686524130097517,79.125,92.0,209.0,2025,5,19,2
210,2025-06-02,18,250.0,1.0,750,93.0,133.0,8.0,93.0,25.0,74.0,69.75,30.869348335633312,65.25,40.0,141.0,2025,6,23,2
210,2025-06-09,147,250.0,0.0,750,93.0,190.0,82.0,18.0,93.0,87.0,55.75,39.72719471596252,60.375,97.0,272.0,2025,6,24,2
210,2025-06-30,141,250.0,0.5,750,93.0,138.0,28.0,147.0,18.0,25.0,70.75,61.05939731114286,72.0,45.0,166.0,2025,6,27,2
210,2025-07-07,25,250.0,0.25,750,93.0,234.0,96.0,141.0,147.0,93.0,99.75,59.617530978731416,78.25,141.0,330.0,2025,7,28,3
210,2025-07-28,54,250.0,0.0,750,93.0,70.0,9.0,25.0,141.0,18.0,82.75,70.82548976180821,76.25,-23.0,79.0,2025,7,31,3
210,2025-08-04,305,250.0,1.0,750,93.0,87.0,77.0,54.0,25.0,147.0,91.75,61.53251173160413,73.75,-6.0,164.0,2025,8,32,3
210,2025-08-11,45,250.0,0.3333333333333333,750,93.0,11.0,9.0,305.0,54.0,141.0,131.25,125.88453704354107,101.0,-82.0,20.0,2025,8,33,3
210,2025-09-01,242,250.0,1.0,750,93.0,11.0,9.0,45.0,305.0,25.0,107.25,132.38926190090595,103.5,-82.0,20.0,2025,9,36,3
210,2025-09-08,47,250.0,0.6666666666666666,750,93.0,171.0,65.0,242.0,45.0,54.0,161.5,131.91032307341732,122.125,78.0,236.0,2025,9,37,3
210,2025-09-29,53,250.0,1.0,750,93.0,226.0,94.0,47.0,242.0,305.0,159.75,133.84412575828648,125.75,133.0,320.0,2025,9,40,3
210,2025-10-06,177,250.0,0.5,750,93.0,180.0,2.0,53.0,47.0,45.0,96.75,96.89298220201503,114.0,87.0,182.0,2025,10,41,4
210,2025-10-27,81,250.0,1.0,750,93.0,47.0,62.0,177.0,53.0,242.0,129.75,95.86579160472208,118.5,-46.0,109.0,2025,10,44,4
210,2025-11-03,90,250.0,0.0,750,93.0,81.0,89.0,81.0,177.0,47.0,89.5,60.185823358439954,125.5,-12.0,170.0,2025,11,45,4
210,2025-11-10,77,250.0,0.3333333333333333,750,93.0,184.0,22.0,90.0,81.0,53.0,100.25,53.53737012592235,130.0,91.0,206.0,2025,11,46,4
210,2025-12-01,118,250.0,0.3333333333333333,750,93.0,212.0,28.0,77.0,90.0,177.0,106.25,47.47894270094905,101.5,119.0,240.0,2025,12,49,4
210,2025-12-08,46,250.0,0.25,750,93.0,212.0,28.0,118.0,77.0,81.0,91.5,18.484227510682445,110.625,119.0,240.0,2025,12,50,4
211,2024-12-30,73,0.0,0.0,350,0.0,0.0,0.0,0.0,0.0,0.0,0.0,0.0,0.0,0.0,0.0,2024,12,1,4
211,2025-01-06,78,1200.0,0.0,350,56.0,0.0,0.0,73.0,0.0,0.0,73.0,0.0,73.0,0.0,0.0,2025,1,2,1
211,2025-01-27,21,1200.0,0.0,350,56.0,168.0,18.0,78.0,73.0,0.0,75.5,3.5355339059327378,75.5,112.0,186.0,2025,1,5,1
211,2025-02-03,159,1200.0,0.0,350,56.0,168.0,18.0,21.0,78.0,0.0,57.333333333333336,31.56474826976026,57.333333333333336,112.0,186.0,2025,2,6,1
211,2025-02-10,22,1200.0,0.6666666666666666,350,56.0,204.0,25.0,159.0,21.0,73.0,82.75,56.99342067291627,82.75,148.0,229.0,2025,2,7,1
211,2025-02-24,65,1200.0,0.0,350,56.0,204.0,25.0,22.0,159.0,78.0,70.0,65.0384501660364,70.6,148.0,229.0,2025,2,9,1
211,2025-03-03,107,1200.0,1.0,350,56.0,158.0,94.0,65.0,22.0,21.0,66.75,64.82990565060747,69.66666666666667,102.0,252.0,2025,3,10,1
211,2025-03-10,45,1200.0,0.25,350,56.0,140.0,15.0,107.0,65.0,159.0,88.25,58.556952334173495,75.0,84.0,155.0,2025,3,11,1
211,2025-03-31,143,1200.0,1.0,350,56.0,159.0,17.0,45.0,107.0,22.0,59.75,36.06822239405023,71.25,103.0,176.0,2025,3,14,1
211,2025-04-07,85,1200.0,0.5,350,56.0,169.0,67.0,143.0,45.0,65.0,90.0,43.77213725647858,80.0,113.0,236.0,2025,4,15,2
211,2025-04-28,48,1200.0,0.3333333333333333,350,56.0,120.0,75.0,85.0,143.0,107.0,95.0,41.02032016777376,80.875,64.0,195.0,2025,4,18,2
211,2025-05-05,259,1200.0,0.0,350,56.0,243.0,91.0,48.0,85.0,45.0,80.25,45.617065520117215,84.25,187.0,334.0,2025,5,19,2
211,2025-05-12,56,1200.0,0.2,350,56.0,169.0,6.0,259.0,48.0,143.0,133.75,92.200415761897,96.75,113.0,175.0,2025,5,20,2
211,2025-05-26,22,1200.0,1.0,350,56.0,88.0,30.0,56.0,259.0,85.0,112.0,99.28074670683469,101.0,32.0,118.0,2025,5,22,2
211,2025-06-02,135,1200.0,0.0,350,56.0,88.0,30.0,22.0,56.0,48.0,96.25,109.46650933809238,95.625,32.0,118.0,2025,6,23,2
211,2025-06-30,106,1200.0,0.6666666666666666,350,56.0,47.0,78.0,135.0,22.0,259.0,118.0,105.24574417365609,99.125,-9.0,125.0,2025,6,27,2
211,2025-07-07,79,1200.0,0.25,350,56.0,58.0,58.0,106.0,135.0,56.0,79.75,50.46698590828133,106.75,2.0,116.0,2025,7,28,3
211,2025-07-28,26,1200.0,0.3333333333333333,350,56.0,186.0,6.0,79.0,106.0,22.0,85.5,48.11444689487763,98.75,130.0,192.0,2025,7,31,3
211,2025-08-04,49,1200.0,0.0,350,56.0,186.0,6.0,26.0,79.0,135.0,86.5,46.36449791237544,91.375,130.0,192.0,2025,8,32,3
211,2025-08-11,30,1200.0,0.0,350,56.0,131.0,29.0,49.0,26.0,106.0,65.0,34.899856733230294,91.5,75.0,160.0,2025,8,33,3
211,2025-09-01,128,1200.0,0.0,350,56.0,147.0,57.0,30.0,49.0,79.0,46.0,24.17988144442951,62.875,91.0,204.0,2025,9,36,3
211,2025-09-08,40,1200.0,0.5,350,56.0,98.0,93.0,128.0,30.0,26.0,58.25,47.57012367722693,71.875,42.0,191.0,2025,9,37,3
211,2025-09-29,51,1200.0,1.0,350,56.0,98.0,93.0,40.0,128.0,49.0,61.75,44.84324549658139,74.125,42.0,191.0,2025,9,40,3
211,2025-10-06,158,1200.0,0.0,350,56.0,161.0,30.0,51.0,40.0,30.0,62.25,44.66448999671514,63.625,105.0,191.0,2025,10,41,4
211,2025-10-27,22,1200.0,0.25,350,56.0,117.0,3.0,158.0,51.0,128.0,94.25,57.78335977309269,70.125,61.0,120.0,2025,10,44,4
211,2025-11-03,141,1200.0,0.0,350,56.0,117.0,3.0,22.0,158.0,40.0,67.75,61.3426170510084,63.0,61.0,120.0,2025,11,45,4
211,2025-11-10,85,1200.0,0.0,350,56.0,69.0,72.0,141.0,22.0,51.0,93.0,66.66833331250052,77.375,13.0,141.0,2025,11,46,4
211,2025-12-01,252,1200.0,1.0,350,56.0,233.0,28.0,85.0,141.0,158.0,101.5,61.495257269700616,81.875,177.0,261.0,2025,12,49,4
211,2025-12-08,98,1200.0,0.0,350,56.0,212.0,43.0,252.0,85.0,22.0,125.0,97.62854773750009,109.625,156.0,255.0,2025,12,50,4
212,2024-12-30,142,0.0,0.0,999,0.0,0.0,0.0,0.0,0.0,0.0,0.0,0.0,0.0,0.0,0.0,2024,12,1,4
212,2025-01-06,131,1500.0,0.5,999,36.0,0.0,0.0,142.0,0.0,0.0,142.0,0.0,142.0,0.0,0.0,2025,1,2,1
212,2025-01-27,19,1500.0,0.0,999,36.0,112.0,28.0,131.0,142.0,0.0,136.5,7.7781745930520225,136.5,76.0,140.0,2025,1,5,1
212,2025-02-03,178,1500.0,0.0,999,36.0,112.0,28.0,19.0,131.0,0.0,97.33333333333333,68.06124692755293,97.33333333333333,76.0,140.0,2025,2,6,1
212,2025-02-10,18,1500.0,0.25,999,36.0,112.0,28.0,178.0,19.0,142.0,117.5,68.66585760041157,117.5,76.0,140.0,2025,2,7,1
212,2025-02-24,26,1500.0,0.0,999,36.0,112.0,28.0,18.0,178.0,131.0,86.5,80.83109962549482,97.6,76.0,140.0,2025,2,9,1
212,2025-03-03,188,1500.0,0.0,999,36.0,101.0,27.0,26.0,18.0,19.0,60.25,78.58063798841714,85.66666666666667,65.0,128.0,2025,3,10,1
212,2025-03-31,198,1500.0,0.3333333333333333,999,36.0,101.0,27.0,188.0,26.0,178.0,102.5,93.1003043317618,100.28571428571429,65.0,128.0,2025,3,14,1
212,2025-04-07,176,1500.0,0.16666666666666666,999,36.0,133.0,73.0,198.0,188.0,18.0,107.5,98.86522813068979,112.5,97.0,206.0,2025,4,15,2
212,2025-04-28,88,1500.0,0.25,999,36.0,206.0,65.0,176.0,198.0,26.0,147.0,81.16649555081209,116.75,170.0,271.0,2025,4,18,2
212,2025-05-05,75,1500.0,0.3333333333333333,999,36.0,206.0,65.0,88.0,176.0,188.0,162.5,50.474415961620245,111.375,170.0,271.0,2025,5,19,2
212,2025-05-26,25,1500.0,0.5,999,36.0,125.0,71.0,75.0,88.0,198.0,134.25,61.79738397915129,118.375,89.0,196.0,2025,5,22,2
212,2025-06-02,130,1500.0,0.0,999,36.0,125.0,71.0,25.0,75.0,176.0,91.0,62.83841712413406,99.25,89.0,196.0,2025,6,23,2
212,2025-06-09,133,1500.0,0.3333333333333333,999,36.0,99.0,41.0,130.0,25.0,88.0,79.5,43.25505750776432,113.25,63.0,140.0,2025,6,24,2
212,2025-06-30,125,1500.0,0.3333333333333333,999,36.0,51.0,55.0,133.0,130.0,75.0,90.75,51.305457799341376,126.625,15.0,106.0,2025,6,27,2
212,2025-07-07,25,1500.0,0.6666666666666666,999,36.0,211.0,56.0,125.0,133.0,25.0,103.25,52.27092882281698,118.75,175.0,267.0,2025,7,28,3
212,2025-07-28,95,1500.0,0.0,999,36.0,180.0,57.0,25.0,125.0,130.0,103.25,52.27092882281698,97.125,144.0,237.0,2025,7,31,3
212,2025-08-04,185,1500.0,0.5,999,36.0,239.0,58.0,95.0,25.0,133.0,94.5,49.13586605864734,87.0,203.0,297.0,2025,8,32,3
212,2025-08-11,34,1500.0,0.6,999,36.0,36.0,72.0,185.0,95.0,125.0,107.5,66.52067347825034,99.125,0.0,108.0,2025,8,33,3
212,2025-09-01,351,1500.0,0.0,999,36.0,104.0,99.0,34.0,185.0,25.0,84.75,73.71284374743205,94.0,68.0,203.0,2025,9,36,3
212,2025-09-08,151,1500.0,0.6666666666666666,999,36.0,238.0,27.0,351.0,34.0,95.0,166.25,137.9018370677732,134.75,202.0,265.0,2025,9,37,3
212,2025-09-29,85,1500.0,0.5,999,36.0,42.0,85.0,151.0,351.0,185.0,180.25,130.92332361602598,137.375,6.0,127.0,2025,9,40,3
212,2025-10-06,78,1500.0,0.3333333333333333,999,36.0,106.0,29.0,85.0,151.0,34.0,155.25,139.0116901559002,131.375,70.0,135.0,2025,10,41,4
212,2025-10-27,32,1500.0,0.5,999,36.0,106.0,29.0,78.0,85.0,351.0,166.25,127.48169803282873,125.5,70.0,135.0,2025,10,44,4
212,2025-11-03,95,1500.0,0.0,999,36.0,101.0,83.0,32.0,78.0,151.0,86.5,49.00680224893949,126.375,65.0,184.0,2025,11,45,4
212,2025-11-10,44,1500.0,0.6666666666666666,999,36.0,47.0,82.0,95.0,32.0,85.0,72.5,27.886675432303882,126.375,11.0,129.0,2025,11,46,4
212,2025-12-01,75,1500.0,0.0,999,36.0,215.0,55.0,44.0,95.0,78.0,62.25,29.261749776798965,108.75,179.0,270.0,2025,12,49,4
212,2025-12-08,140,1500.0,0.0,999,36.0,177.0,54.0,75.0,44.0,32.0,61.5,28.75760768909671,113.875,141.0,231.0,2025,12,50,4
213,2024-12-30,62,0.0,0.0,1200,0.0,0.0,0.0,0.0,0.0,0.0,0.0,0.0,0.0,0.0,0.0,2024,12,1,4
213,2025-01-06,115,350.0,0.5,1200,44.0,216.0,50.0,62.0,0.0,0.0,62.0,0.0,62.0,172.0,266.0,2025,1,2,1
213,2025-01-27,36,350.0,0.25,1200,44.0,161.0,69.0,115.0,62.0,0.0,88.5,37.476659402887016,88.5,117.0,230.0,2025,1,5,1
213,2025-02-03,111,350.0,1.0,1200,44.0,161.0,69.0,36.0,115.0,0.0,71.0,40.26164427839479,71.0,117.0,230.0,2025,2,6,1
213,2025-02-10,39,350.0,0.25,1200,44.0,201.0,90.0,111.0,36.0,62.0,81.0,38.47943173523573,81.0,157.0,291.0,2025,2,7,1
213,2025-02-24,32,350.0,1.0,1200,44.0,201.0,90.0,39.0,111.0,115.0,75.25,43.63771304731723,72.6,157.0,291.0,2025,2,9,1
213,2025-03-03,168,350.0,0.0,1200,44.0,201.0,90.0,32.0,39.0,36.0,54.5,37.77565353504821,65.83333333333333,157.0,291.0,2025,3,10,1
213,2025-03-31,58,350.0,0.4,1200,44.0,203.0,19.0,168.0,32.0,111.0,87.5,64.45928947793328,80.42857142857143,159.0,222.0,2025,3,14,1
213,2025-04-07,51,350.0,0.5,1200,44.0,170.0,47.0,58.0,168.0,39.0,74.25,63.457991353860756,77.625,126.0,217.0,2025,4,15,2
213,2025-05-05,210,350.0,0.5,1200,44.0,81.0,10.0,51.0,58.0,32.0,77.25,61.489158936081296,76.25,37.0,91.0,2025,5,19,2
213,2025-05-26,33,350.0,0.6,1200,44.0,133.0,100.0,210.0,51.0,168.0,121.75,79.57543590832537,88.125,89.0,233.0,2025,5,22,2
213,2025-06-02,85,350.0,0.0,1200,44.0,133.0,100.0,33.0,210.0,58.0,88.0,82.0121942152507,87.75,89.0,233.0,2025,6,23,2
213,2025-06-09,83,350.0,0.25,1200,44.0,84.0,35.0,85.0,33.0,51.0,94.75,79.8013157786261,84.5,40.0,119.0,2025,6,24,2
213,2025-06-30,63,350.0,0.3333333333333333,1200,44.0,84.0,35.0,83.0,85.0,210.0,102.75,75.43816452344706,90.0,40.0,119.0,2025,6,27,2
213,2025-07-07,146,350.0,1.0,1200,44.0,84.0,35.0,63.0,83.0,33.0,66.0,24.138489320308896,93.875,40.0,119.0,2025,7,28,3
213,2025-07-28,75,350.0,1.0,1200,44.0,197.0,14.0,146.0,63.0,85.0,94.25,35.90148557743352,91.125,153.0,211.0,2025,7,31,3
213,2025-08-04,153,350.0,0.0,1200,44.0,170.0,56.0,75.0,146.0,83.0,91.75,37.08885726648009,93.25,126.0,226.0,2025,8,32,3
213,2025-08-11,75,350.0,0.6666666666666666,1200,44.0,192.0,89.0,153.0,75.0,63.0,109.25,46.82146943443787,106.0,148.0,281.0,2025,8,33,3
213,2025-09-08,79,350.0,0.0,1200,44.0,192.0,89.0,75.0,153.0,146.0,112.25,43.107423954581186,89.125,148.0,281.0,2025,9,37,3
213,2025-09-29,48,350.0,0.0,1200,44.0,192.0,89.0,79.0,75.0,75.0,95.5,38.379682124790975,94.875,148.0,281.0,2025,9,40,3
213,2025-10-06,220,350.0,0.0,1200,44.0,192.0,79.0,48.0,79.0,153.0,88.75,44.9916658949188,90.25,148.0,271.0,2025,10,41,4
213,2025-10-27,55,350.0,0.4,1200,44.0,201.0,38.0,220.0,48.0,75.0,105.5,77.56502648316014,107.375,157.0,239.0,2025,10,44,4
213,2025-11-03,112,350.0,0.0,1200,44.0,201.0,38.0,55.0,220.0,79.0,100.5,80.76509146902515,106.375,157.0,239.0,2025,11,45,4
213,2025-12-01,195,350.0,0.6666666666666666,1200,44.0,157.0,45.0,112.0,55.0,48.0,108.75,79.51257762140528,102.125,113.0,202.0,2025,12,49,4
213,2025-12-08,111,350.0,0.5,1200,44.0,157.0,45.0,195.0,112.0,220.0,145.5,75.9670981412348,117.125,113.0,202.0,2025,12,50,4
214,2024-12-30,272,0.0,0.0,1500,0.0,0.0,0.0,0.0,0.0,0.0,0.0,0.0,0.0,0.0,0.0,2024,12,1,4
214,2025-01-06,104,450.0,0.75,1500,66.0,134.0,5.0,272.0,0.0,0.0,272.0,0.0,272.0,68.0,139.0,2025,1,2,1
214,2025-02-03,159,450.0,0.0,1500,66.0,13.0,55.0,104.0,272.0,0.0,188.0,118.79393923933998,188.0,-53.0,68.0,2025,2,6,1
214,2025-03-03,227,450.0,1.0,1500,66.0,30.0,68.0,159.0,104.0,0.0,178.33333333333334,85.65239829294526,178.33333333333334,-36.0,98.0,2025,3,10,1
214,2025-03-10,93,450.0,0.6,1500,66.0,155.0,88.0,227.0,159.0,272.0,190.5,74.04728219185361,190.5,89.0,243.0,2025,3,11,1
214,2025-03-31,74,450.0,0.0,1500,66.0,49.0,56.0,93.0,227.0,104.0,145.75,61.3806429856623,171.0,-17.0,105.0,2025,3,14,1
214,2025-04-07,136,450.0,0.0,1500,66.0,49.0,56.0,74.0,93.0,159.0,138.25,69.48081269914258,154.83333333333334,-17.0,105.0,2025,4,15,2
214,2025-04-28,57,450.0,0.3333333333333333,1500,66.0,24.0,39.0,136.0,74.0,227.0,132.5,68.12977811989899,152.14285714285714,-42.0,63.0,2025,4,18,2
214,2025-05-05,102,450.0,0.0,1500,66.0,156.0,79.0,57.0,136.0,93.0,90.0,34.009802508492555,140.25,90.0,235.0,2025,5,19,2
214,2025-06-02,155,450.0,1.0,1500,66.0,169.0,49.0,102.0,57.0,74.0,92.25,34.56756668709365,119.0,103.0,218.0,2025,6,23,2
214,2025-06-09,31,450.0,0.25,1500,66.0,26.0,50.0,155.0,102.0,136.0,112.5,43.00775123935994,125.375,-40.0,76.0,2025,6,24,2
214,2025-06-30,39,450.0,0.0,1500,66.0,26.0,50.0,31.0,155.0,57.0,86.25,54.41430571703241,109.375,-40.0,76.0,2025,6,27,2
214,2025-07-07,145,450.0,1.0,1500,66.0,26.0,50.0,39.0,31.0,102.0,81.75,58.24874819828033,85.875,-40.0,76.0,2025,7,28,3
214,2025-07-28,108,450.0,0.0,1500,66.0,26.0,50.0,145.0,39.0,155.0,92.5,66.60080079598643,92.375,-40.0,76.0,2025,7,31,3
214,2025-08-04,204,450.0,0.5,1500,66.0,192.0,12.0,108.0,145.0,31.0,80.75,55.04165089578376,96.625,126.0,204.0,2025,8,32,3
214,2025-08-11,31,450.0,0.3333333333333333,1500,66.0,51.0,86.0,204.0,108.0,39.0,124.0,69.0941386804988,105.125,-15.0,137.0,2025,8,33,3
214,2025-09-01,119,450.0,0.0,1500,66.0,51.0,86.0,31.0,204.0,145.0,122.0,72.41086474648216,101.875,-15.0,137.0,2025,9,36,3
214,2025-09-08,128,450.0,0.6666666666666666,1500,66.0,179.0,15.0,119.0,31.0,108.0,115.5,70.8072500995955,104.0,113.0,194.0,2025,9,37,3
214,2025-09-29,102,450.0,0.0,1500,66.0,179.0,15.0,128.0,119.0,204.0,120.5,70.8072500995955,100.625,113.0,194.0,2025,9,40,3
214,2025-10-06,270,450.0,0.3333333333333333,1500,66.0,51.0,9.0,102.0,128.0,31.0,95.0,44.00757510550504,109.5,-15.0,60.0,2025,10,41,4
214,2025-11-03,213,450.0,0.6666666666666666,1500,66.0,99.0,46.0,270.0,102.0,119.0,154.75,77.58597381829614,138.375,33.0,145.0,2025,11,45,4
214,2025-11-10,51,450.0,0.2,1500,66.0,43.0,60.0,213.0,270.0,128.0,178.25,77.38378383098103,146.875,-23.0,103.0,2025,11,46,4
214,2025-12-01,119,450.0,0.5,1500,66.0,44.0,81.0,51.0,213.0,102.0,159.0,100.24968827881712,139.75,-22.0,125.0,2025,12,49,4
214,2025-12-08,218,450.0,0.25,1500,66.0,137.0,62.0,119.0,51.0,270.0,163.25,97.3460322766162,129.125,71.0,199.0,2025,12,50,4
215,2024-12-30,104,0.0,0.0,850,0.0,0.0,0.0,0.0,0.0,0.0,0.0,0.0,0.0,0.0,0.0,2024,12,1,4
215,2025-01-06,105,550.0,1.0,850,34.0,0.0,0.0,104.0,0.0,0.0,104.0,0.0,104.0,0.0,0.0,2025,1,2,1
215,2025-02-03,147,550.0,0.5,850,34.0,42.0,49.0,105.0,104.0,0.0,104.5,0.7071067811865476,104.5,8.0,91.0,2025,2,6,1
215,2025-02-24,45,550.0,0.0,850,34.0,27.0,27.0,147.0,105.0,0.0,118.66666666666667,24.542480178933285,118.66666666666667,-7.0,54.0,2025,2,9,1
215,2025-03-03,118,550.0,0.5,850,34.0,44.0,41.0,45.0,147.0,104.0,100.25,41.93149174546501,100.25,10.0,85.0,2025,3,10,1
215,2025-03-10,82,550.0,0.6666666666666666,850,34.0,44.0,41.0,118.0,45.0,105.0,103.75,42.921439864012015,103.8,10.0,85.0,2025,3,11,1
215,2025-03-31,168,550.0,0.0,850,34.0,185.0,70.0,82.0,118.0,147.0,98.0,44.219151205482596,100.16666666666667,151.0,255.0,2025,3,14,1
215,2025-04-07,188,550.0,0.3333333333333333,850,34.0,198.0,17.0,168.0,82.0,45.0,103.25,52.455536727149536,109.85714285714286,164.0,215.0,2025,4,15,2
215,2025-04-28,59,550.0,0.5,850,34.0,113.0,38.0,188.0,168.0,118.0,139.0,48.06939428229428,119.625,79.0,151.0,2025,4,18,2
215,2025-05-05,175,550.0,0.5,850,34.0,147.0,90.0,59.0,188.0,82.0,124.25,63.300210636827,114.0,113.0,237.0,2025,5,19,2
215,2025-05-26,18,550.0,0.16666666666666666,850,34.0,235.0,28.0,175.0,59.0,168.0,147.5,59.57907910220388,122.75,201.0,263.0,2025,5,22,2
215,2025-06-02,87,550.0,0.0,850,34.0,113.0,98.0,18.0,175.0,188.0,110.0,84.4077405613174,106.625,79.0,211.0,2025,6,23,2
215,2025-06-30,47,550.0,0.0,850,34.0,38.0,9.0,87.0,18.0,59.0,84.75,66.50501234242925,111.875,4.0,47.0,2025,6,27,2
215,2025-07-07,55,550.0,0.0,850,34.0,168.0,60.0,47.0,87.0,175.0,81.75,68.30019521690012,103.0,134.0,228.0,2025,7,28,3
215,2025-07-28,104,550.0,0.5,850,34.0,120.0,31.0,55.0,47.0,18.0,51.75,28.371053323179016,99.625,86.0,151.0,2025,7,31,3
215,2025-08-04,261,550.0,0.5,850,34.0,179.0,58.0,104.0,55.0,87.0,73.25,26.812621406096554,91.625,145.0,237.0,2025,8,32,3
215,2025-08-11,27,550.0,0.6,850,34.0,76.0,55.0,261.0,104.0,47.0,116.75,99.41285966446527,100.75,42.0,131.0,2025,8,33,3
215,2025-09-01,93,550.0,1.0,850,34.0,76.0,55.0,27.0,261.0,55.0,111.75,104.46490638806252,96.75,42.0,131.0,2025,9,36,3
215,2025-09-08,77,550.0,0.0,850,34.0,134.0,5.0,93.0,27.0,104.0,121.25,99.17787051555402,86.5,100.0,139.0,2025,9,37,3
215,2025-09-29,65,550.0,0.0,850,34.0,58.0,86.0,77.0,93.0,261.0,114.5,101.63168797181321,93.875,24.0,144.0,2025,9,40,3
215,2025-10-06,164,550.0,0.3333333333333333,850,34.0,202.0,75.0,65.0,77.0,27.0,65.5,28.112867753634323,91.125,168.0,277.0,2025,10,41,4
215,2025-10-27,25,550.0,0.6666666666666666,850,34.0,63.0,35.0,164.0,65.0,93.0,99.75,44.34241761564201,105.75,29.0,98.0,2025,10,44,4
215,2025-11-03,97,550.0,0.0,850,34.0,129.0,62.0,25.0,164.0,77.0,82.75,58.55125959362445,102.0,95.0,191.0,2025,11,45,4
215,2025-11-10,36,550.0,1.0,850,34.0,30.0,65.0,97.0,25.0,65.0,87.75,58.75017730469698,101.125,-4.0,95.0,2025,11,46,4
215,2025-12-01,93,550.0,1.0,850,34.0,30.0,39.0,36.0,97.0,164.0,80.5,64.04425553214485,73.0,-4.0,69.0,2025,12,49,4
215,2025-12-08,119,550.0,0.5,850,34.0,212.0,23.0,93.0,36.0,25.0,62.75,37.54441813816446,81.25,178.0,235.0,2025,12,50,4
216,2024-12-30,77,0.0,0.0,750,0.0,0.0,0.0,0.0,0.0,0.0,0.0,0.0,0.0,0.0,0.0,2024,12,1,4
216,2025-01-06,246,1200.0,0.5,750,89.0,0.0,0.0,77.0,0.0,0.0,77.0,0.0,77.0,0.0,0.0,2025,1,2,1
216,2025-01-27,27,1200.0,0.2,750,89.0,76.0,52.0,246.0,77.0,0.0,161.5,119.50104602052653,161.5,-13.0,128.0,2025,1,5,1
216,2025-02-03,102,1200.0,0.0,750,89.0,76.0,52.0,27.0,246.0,0.0,116.66666666666667,114.76207271277968,116.66666666666667,-13.0,128.0,2025,2,6,1
216,2025-02-10,81,1200.0,0.25,750,89.0,225.0,10.0,102.0,27.0,77.0,113.0,93.98936110007344,113.0,136.0,235.0,2025,2,7,1
216,2025-03-03,110,1200.0,0.5,750,89.0,34.0,89.0,81.0,102.0,246.0,114.0,93.49866309204639,106.6,-55.0,123.0,2025,3,10,1
216,2025-03-31,169,1200.0,0.25,750,89.0,30.0,9.0,110.0,81.0,27.0,80.0,37.38983819167982,107.16666666666667,-59.0,39.0,2025,3,14,1
216,2025-04-07,175,1200.0,0.2,750,89.0,82.0,55.0,169.0,110.0,102.0,115.5,37.70499524819842,116.0,-7.0,137.0,2025,4,15,2
216,2025-04-28,131,1200.0,0.25,750,89.0,82.0,55.0,175.0,169.0,81.0,133.75,45.79210266701744,123.375,-7.0,137.0,2025,4,18,2
216,2025-05-05,204,1200.0,1.0,750,89.0,50.0,78.0,131.0,175.0,110.0,146.25,31.041638702448232,130.125,-39.0,128.0,2025,5,19,2
216,2025-05-12,27,1200.0,0.25,750,89.0,67.0,55.0,204.0,131.0,169.0,169.75,30.0152738895827,124.875,-22.0,122.0,2025,5,20,2
216,2025-06-02,53,1200.0,0.0,750,89.0,67.0,55.0,27.0,204.0,175.0,134.25,77.54299882430821,124.875,-22.0,122.0,2025,6,23,2
216,2025-06-09,20,1200.0,0.5,750,89.0,67.0,55.0,53.0,27.0,131.0,103.75,80.1223023466833,118.75,-22.0,122.0,2025,6,24,2
216,2025-06-30,57,1200.0,0.0,750,89.0,67.0,55.0,20.0,53.0,204.0,76.0,86.50626181573986,111.125,-22.0,122.0,2025,6,27,2
216,2025-07-07,25,1200.0,0.5,750,89.0,67.0,55.0,57.0,20.0,27.0,39.25,18.4819731991293,104.5,-22.0,122.0,2025,7,28,3
216,2025-07-28,23,1200.0,0.0,750,89.0,220.0,52.0,25.0,57.0,53.0,38.75,18.945096111307194,86.5,131.0,272.0,2025,7,31,3
216,2025-08-04,75,1200.0,0.0,750,89.0,220.0,52.0,23.0,25.0,20.0,31.25,17.289206652321184,67.5,131.0,272.0,2025,8,32,3
216,2025-08-11,77,1200.0,0.5,750,89.0,113.0,63.0,75.0,23.0,57.0,45.0,25.350871122442065,60.5,24.0,176.0,2025,8,33,3
216,2025-09-01,156,1200.0,0.0,750,89.0,113.0,63.0,77.0,75.0,25.0,50.0,30.04441157131667,44.625,24.0,176.0,2025,9,36,3
216,2025-09-08,107,1200.0,0.16666666666666666,750,89.0,204.0,51.0,156.0,77.0,23.0,82.75,54.85966946066421,60.75,115.0,255.0,2025,9,37,3
216,2025-09-29,98,1200.0,0.3333333333333333,750,89.0,160.0,16.0,107.0,156.0,75.0,103.75,37.78337376854181,67.5,71.0,176.0,2025,9,40,3
216,2025-10-06,114,1200.0,0.5,750,89.0,160.0,16.0,98.0,107.0,77.0,109.5,33.45145736735546,77.25,71.0,176.0,2025,10,41,4
216,2025-11-03,56,1200.0,0.3333333333333333,750,89.0,210.0,40.0,114.0,98.0,156.0,118.75,25.682354513037414,84.375,121.0,250.0,2025,11,45,4
216,2025-11-10,25,1200.0,0.0,750,89.0,119.0,43.0,56.0,114.0,107.0,93.75,26.004807247891684,88.25,30.0,162.0,2025,11,46,4
216,2025-12-01,102,1200.0,0.0,750,89.0,25.0,11.0,25.0,56.0,98.0,73.25,40.40936360135688,88.5,-64.0,36.0,2025,12,49,4
216,2025-12-08,194,1200.0,0.0,750,89.0,240.0,45.0,102.0,25.0,114.0,74.25,41.26641087696707,91.875,151.0,285.0,2025,12,50,4
217,2024-12-30,47,0.0,0.0,250,0.0,0.0,0.0,0.0,0.0,0.0,0.0,0.0,0.0,0.0,0.0,2024,12,1,4
217,2025-01-06,153,650.0,0.0,250,81.0,0.0,0.0,47.0,0.0,0.0,47.0,0.0,47.0,0.0,0.0,2025,1,2,1
217,2025-01-27,87,650.0,0.0,250,81.0,73.0,52.0,153.0,47.0,0.0,100.0,74.95331880577403,100.0,-8.0,125.0,2025,1,5,1
217,2025-02-03,141,650.0,0.5,250,81.0,139.0,35.0,87.0,153.0,0.0,95.66666666666667,53.52880844305553,95.66666666666667,58.0,174.0,2025,2,6,1
217,2025-02-10,65,650.0,0.2,250,81.0,208.0,75.0,141.0,87.0,47.0,107.0,49.23413450036468,107.0,127.0,283.0,2025,2,7,1
217,2025-02-24,27,650.0,1.0,250,81.0,68.0,41.0,65.0,141.0,153.0,111.5,42.24926034855522,98.6,-13.0,109.0,2025,2,9,1
217,2025-03-03,111,650.0,0.0,250,81.0,68.0,41.0,27.0,65.0,87.0,80.0,47.62352359916263,86.66666666666667,-13.0,109.0,2025,3,10,1
217,2025-03-10,78,650.0,0.3333333333333333,250,81.0,200.0,68.0,111.0,27.0,141.0,86.0,50.23942674832188,90.14285714285714,119.0,268.0,2025,3,11,1
217,2025-03-31,84,650.0,1.0,250,81.0,200.0,68.0,78.0,111.0,65.0,70.25,34.73110997362451,88.625,119.0,268.0,2025,3,14,1
217,2025-04-07,54,650.0,0.0,250,81.0,122.0,13.0,84.0,78.0,27.0,75.0,35.07135583350037,93.25,41.0,135.0,2025,4,15,2
217,2025-04-28,164,650.0,0.0,250,81.0,152.0,42.0,54.0,84.0,111.0,81.75,23.414738947936193,80.875,71.0,194.0,2025,4,18,2
217,2025-05-05,248,650.0,0.5,250,81.0,222.0,1.0,164.0,54.0,78.0,95.0,47.791212581394085,90.5,141.0,223.0,2025,5,19,2
217,2025-06-02,232,650.0,0.0,250,81.0,175.0,57.0,248.0,164.0,84.0,137.5,87.0765946356042,103.875,94.0,232.0,2025,6,23,2
217,2025-06-09,108,650.0,0.6,250,81.0,144.0,74.0,232.0,248.0,54.0,174.5,88.20241871211167,124.75,63.0,218.0,2025,6,24,2
217,2025-06-30,178,650.0,0.5,250,81.0,144.0,74.0,108.0,232.0,164.0,188.0,64.5806988709991,134.875,63.0,218.0,2025,6,27,2
217,2025-07-07,215,650.0,0.3333333333333333,250,81.0,72.0,31.0,178.0,108.0,248.0,191.5,63.21128591214282,143.25,-9.0,103.0,2025,7,28,3
217,2025-07-28,53,650.0,0.4,250,81.0,147.0,54.0,215.0,178.0,232.0,183.25,54.99924241902488,160.375,66.0,201.0,2025,7,31,3
217,2025-08-04,158,650.0,1.0,250,81.0,147.0,54.0,53.0,215.0,108.0,138.5,72.23341793565264,156.5,66.0,201.0,2025,8,32,3
217,2025-08-11,19,650.0,0.6,250,81.0,12.0,7.0,158.0,53.0,178.0,151.0,69.46941773183362,169.5,-69.0,19.0,2025,8,33,3
217,2025-09-01,209,650.0,0.0,250,81.0,12.0,7.0,19.0,158.0,215.0,111.25,91.01785539112642,151.375,-69.0,19.0,2025,9,36,3
217,2025-09-08,88,650.0,0.5,250,81.0,145.0,31.0,209.0,19.0,53.0,109.75,88.75950653310326,146.5,64.0,176.0,2025,9,37,3
217,2025-09-29,54,650.0,0.3333333333333333,250,81.0,143.0,30.0,88.0,209.0,158.0,118.5,82.82712921098577,128.5,62.0,173.0,2025,9,40,3
217,2025-10-06,60,650.0,1.0,250,81.0,32.0,17.0,54.0,88.0,19.0,92.5,82.61759296098299,121.75,-49.0,49.0,2025,10,41,4
217,2025-11-03,115,650.0,1.0,250,81.0,96.0,35.0,60.0,54.0,209.0,102.75,72.36654383530187,107.0,15.0,131.0,2025,11,45,4
217,2025-11-10,139,650.0,0.25,250,81.0,244.0,18.0,115.0,60.0,88.0,79.25,28.063915146203918,94.5,163.0,262.0,2025,11,46,4
217,2025-12-01,227,650.0,0.5,250,81.0,244.0,18.0,139.0,115.0,54.0,92.0,41.65733228776578,105.25,163.0,262.0,2025,12,49,4
217,2025-12-08,60,650.0,0.4,250,81.0,235.0,23.0,227.0,139.0,60.0,135.25,69.53356503636691,113.875,154.0,258.0,2025,12,50,4
218,2024-12-30,128,0.0,0.0,750,0.0,0.0,0.0,0.0,0.0,0.0,0.0,0.0,0.0,0.0,0.0,2024,12,1,4
218,2025-01-06,90,250.0,1.0,750,78.0,0.0,0.0,128.0,0.0,0.0,128.0,0.0,128.0,0.0,0.0,2025,1,2,1
218,2025-01-27,95,250.0,0.0,750,78.0,169.0,30.0,90.0,128.0,0.0,109.0,26.870057685088806,109.0,91.0,199.0,2025,1,5,1
218,2025-02-03,89,250.0,0.5,750,78.0,169.0,30.0,95.0,90.0,0.0,104.33333333333333,20.647840887931437,104.33333333333333,91.0,199.0,2025,2,6,1
218,2025-02-10,67,250.0,1.0,750,78.0,106.0,25.0,89.0,95.0,128.0,100.5,18.520259177452136,100.5,28.0,131.0,2025,2,7,1
218,2025-02-24,26,250.0,0.0,750,78.0,106.0,25.0,67.0,89.0,90.0,85.25,12.446552400832394,93.8,28.0,131.0,2025,2,9,1
218,2025-03-03,109,250.0,0.0,750,78.0,106.0,25.0,26.0,67.0,95.0,69.25,31.244999599935987,82.5,28.0,131.0,2025,3,10,1
218,2025-03-10,58,250.0,0.3333333333333333,750,78.0,149.0,10.0,109.0,26.0,89.0,72.75,35.57503806510027,86.28571428571429,71.0,159.0,2025,3,11,1
218,2025-03-31,108,250.0,1.0,750,78.0,106.0,15.0,58.0,109.0,67.0,65.0,34.20526275297414,82.75,28.0,121.0,2025,3,14,1
218,2025-04-07,173,250.0,0.0,750,78.0,46.0,81.0,108.0,58.0,26.0,75.25,40.55757224818402,80.25,-32.0,127.0,2025,4,15,2
218,2025-04-28,206,250.0,0.4,750,78.0,230.0,36.0,173.0,108.0,109.0,112.0,47.12395003251177,90.625,152.0,266.0,2025,4,18,2
218,2025-05-05,96,250.0,0.6666666666666666,750,78.0,75.0,33.0,206.0,173.0,58.0,136.25,66.17338337025444,104.5,-3.0,108.0,2025,5,19,2
218,2025-05-26,25,250.0,0.3333333333333333,750,78.0,247.0,38.0,96.0,206.0,108.0,145.75,52.512696877358465,105.375,169.0,285.0,2025,5,22,2
218,2025-06-02,85,250.0,0.0,750,78.0,87.0,59.0,25.0,96.0,173.0,125.0,81.04731128585739,100.125,9.0,146.0,2025,6,23,2
218,2025-06-09,95,250.0,0.3333333333333333,750,78.0,212.0,22.0,85.0,25.0,206.0,103.0,75.42325017305119,107.5,134.0,234.0,2025,6,24,2
218,2025-06-30,76,250.0,0.3333333333333333,750,78.0,187.0,65.0,95.0,85.0,96.0,75.25,33.86615813266492,105.75,109.0,252.0,2025,6,27,2
218,2025-07-07,130,250.0,0.5,750,78.0,229.0,69.0,76.0,95.0,25.0,70.25,31.14883625434504,108.0,151.0,298.0,2025,7,28,3
218,2025-07-28,111,250.0,0.0,750,78.0,78.0,62.0,130.0,76.0,85.0,96.5,23.643180835073778,110.75,0.0,140.0,2025,7,31,3
218,2025-08-04,103,250.0,0.5,750,78.0,147.0,52.0,111.0,130.0,95.0,103.0,22.992752481307377,103.0,69.0,199.0,2025,8,32,3
218,2025-08-11,53,250.0,0.3333333333333333,750,78.0,248.0,46.0,103.0,111.0,76.0,105.0,22.40535650240808,90.125,170.0,294.0,2025,8,33,3
218,2025-09-01,176,250.0,0.0,750,78.0,248.0,46.0,53.0,103.0,130.0,99.25,32.84686692314302,84.75,170.0,294.0,2025,9,36,3
218,2025-09-08,133,250.0,0.6666666666666666,750,78.0,116.0,69.0,176.0,53.0,111.0,110.75,50.50660022874898,103.625,38.0,185.0,2025,9,37,3
218,2025-09-29,43,250.0,0.5,750,78.0,233.0,19.0,133.0,176.0,103.0,116.25,51.726041152724356,109.625,155.0,252.0,2025,9,40,3
218,2025-10-06,99,250.0,0.0,750,78.0,208.0,74.0,43.0,133.0,53.0,101.25,64.07482604996547,103.125,130.0,282.0,2025,10,41,4
218,2025-10-27,137,250.0,0.6666666666666666,750,78.0,45.0,3.0,99.0,43.0,176.0,112.75,56.1686448711972,106.0,-33.0,48.0,2025,10,44,4
218,2025-11-03,145,250.0,0.5,750,78.0,103.0,80.0,137.0,99.0,133.0,103.0,43.48179695765421,106.875,25.0,183.0,2025,11,45,4
218,2025-11-10,73,250.0,0.2,750,78.0,197.0,27.0,145.0,137.0,43.0,106.0,46.547466812563144,111.125,119.0,224.0,2025,11,46,4
218,2025-12-01,86,250.0,1.0,750,78.0,197.0,27.0,73.0,145.0,99.0,113.5,33.64025366531393,107.375,119.0,224.0,2025,12,49,4
218,2025-12-08,172,250.0,0.5,750,78.0,241.0,47.0,86.0,73.0,137.0,110.25,36.049734164530726,111.5,163.0,288.0,2025,12,50,4
219,2024-12-30,49,0.0,0.0,999,0.0,0.0,0.0,0.0,0.0,0.0,0.0,0.0,0.0,0.0,0.0,2024,12,1,4
219,2025-01-06,192,700.0,0.0,999,54.0,0.0,0.0,49.0,0.0,0.0,49.0,0.0,49.0,0.0,0.0,2025,1,2,1
219,2025-01-27,75,700.0,0.3333333333333333,999,54.0,118.0,38.0,192.0,49.0,0.0,120.5,101.1162697096763,120.5,64.0,156.0,2025,1,5,1
219,2025-02-03,137,700.0,1.0,999,54.0,118.0,38.0,75.0,192.0,0.0,105.33333333333333,76.1730486020701,105.33333333333333,64.0,156.0,2025,2,6,1
219,2025-02-24,27,700.0,0.6666666666666666,999,54.0,118.0,38.0,137.0,75.0,49.0,113.25,64.17878673414344,113.25,64.0,156.0,2025,2,9,1
219,2025-03-03,78,700.0,0.0,999,54.0,162.0,88.0,27.0,137.0,192.0,107.75,71.98784619642402,96.0,108.0,250.0,2025,3,10,1
219,2025-03-10,33,700.0,0.3333333333333333,999,54.0,162.0,88.0,78.0,27.0,75.0,79.25,45.036096633700396,93.0,108.0,250.0,2025,3,11,1
219,2025-03-31,178,700.0,0.0,999,54.0,35.0,15.0,33.0,78.0,137.0,68.75,50.874846437114684,84.42857142857143,-19.0,50.0,2025,3,14,1
219,2025-04-07,151,700.0,0.2,999,54.0,155.0,22.0,178.0,33.0,27.0,79.0,69.81403870282826,96.125,101.0,177.0,2025,4,15,2
219,2025-04-28,120,700.0,0.5,999,54.0,155.0,22.0,151.0,178.0,78.0,110.0,66.47806655832684,108.875,101.0,177.0,2025,4,18,2
219,2025-05-05,140,700.0,0.5,999,54.0,123.0,80.0,120.0,151.0,33.0,120.5,62.96295206971584,99.875,69.0,203.0,2025,5,19,2
219,2025-05-12,32,700.0,0.3333333333333333,999,54.0,103.0,96.0,140.0,120.0,178.0,147.25,24.185050478894347,108.0,49.0,199.0,2025,5,20,2
219,2025-05-26,68,700.0,0.0,999,54.0,173.0,88.0,32.0,140.0,151.0,110.75,54.04550551772708,94.875,119.0,261.0,2025,5,22,2
219,2025-06-02,79,700.0,1.0,999,54.0,173.0,88.0,68.0,32.0,120.0,90.0,49.15282290977804,100.0,119.0,261.0,2025,6,23,2
219,2025-06-09,38,700.0,0.5,999,54.0,163.0,2.0,79.0,68.0,140.0,79.75,44.902672526253944,100.125,109.0,165.0,2025,6,24,2
219,2025-06-30,130,700.0,1.0,999,54.0,152.0,78.0,38.0,79.0,32.0,54.25,22.80898945591411,100.75,98.0,230.0,2025,6,27,2
219,2025-07-07,160,700.0,0.0,999,54.0,21.0,51.0,130.0,38.0,68.0,78.75,38.309050279709815,94.75,-33.0,72.0,2025,7,28,3
219,2025-07-28,35,700.0,0.4,999,54.0,28.0,47.0,160.0,130.0,79.0,101.75,54.07633493497873,95.875,-26.0,75.0,2025,7,31,3
219,2025-08-04,118,700.0,1.0,999,54.0,28.0,47.0,35.0,160.0,38.0,90.75,63.84029552980887,85.25,-26.0,75.0,2025,8,32,3
219,2025-09-01,150,700.0,0.3333333333333333,999,54.0,128.0,94.0,118.0,35.0,130.0,110.75,53.500000000000014,82.5,74.0,222.0,2025,9,36,3
219,2025-09-08,26,700.0,0.3333333333333333,999,54.0,140.0,80.0,150.0,118.0,160.0,115.75,56.735497412701584,97.25,86.0,220.0,2025,9,37,3
219,2025-09-29,86,700.0,0.0,999,54.0,140.0,80.0,26.0,150.0,35.0,82.25,61.27737483498023,92.0,86.0,220.0,2025,9,40,3
219,2025-10-06,149,700.0,0.3333333333333333,999,54.0,79.0,83.0,86.0,26.0,118.0,95.0,52.90242590530862,92.875,25.0,162.0,2025,10,41,4
219,2025-10-27,37,700.0,0.6666666666666666,999,54.0,200.0,48.0,149.0,86.0,150.0,102.75,59.28110997611298,106.75,146.0,248.0,2025,10,44,4
219,2025-11-03,141,700.0,1.0,999,54.0,200.0,48.0,37.0,149.0,26.0,74.5,56.09812831102301,95.125,146.0,248.0,2025,11,45,4
219,2025-11-10,54,700.0,0.2,999,54.0,13.0,56.0,141.0,37.0,86.0,103.25,52.29643072587907,92.75,-41.0,69.0,2025,11,46,4
219,2025-12-01,244,700.0,0.5,999,54.0,108.0,19.0,54.0,141.0,149.0,95.25,57.95616159362754,95.125,54.0,127.0,2025,12,49,4
219,2025-12-08,55,700.0,0.5,999,54.0,191.0,11.0,244.0,54.0,37.0,119.0,94.97017075552374,110.875,137.0,202.0,2025,12,50,4
220,2024-12-30,72,0.0,0.0,600,0.0,0.0,0.0,0.0,0.0,0.0,0.0,0.0,0.0,0.0,0.0,2024,12,1,4
220,2025-01-06,188,350.0,0.0,600,70.0,15.0,81.0,72.0,0.0,0.0,72.0,0.0,72.0,-55.0,96.0,2025,1,2,1
220,2025-02-03,123,350.0,0.2,600,70.0,15.0,81.0,188.0,72.0,0.0,130.0,82.02438661763951,130.0,-55.0,96.0,2025,2,6,1
220,2025-02-10,91,350.0,0.5,600,70.0,98.0,74.0,123.0,188.0,0.0,127.66666666666667,58.14063409813599,127.66666666666667,28.0,172.0,2025,2,7,1
220,2025-02-24,75,350.0,0.0,600,70.0,46.0,68.0,91.0,123.0,72.0,118.5,50.888767588404676,118.5,-24.0,114.0,2025,2,9,1
220,2025-03-03,87,350.0,0.0,600,70.0,46.0,68.0,75.0,91.0,188.0,119.25,49.989165492801206,109.8,-24.0,114.0,2025,3,10,1
220,2025-03-10,28,350.0,0.3333333333333333,600,70.0,64.0,97.0,87.0,75.0,123.0,94.0,20.493901531919192,106.0,-6.0,161.0,2025,3,11,1
220,2025-03-31,235,350.0,0.0,600,70.0,64.0,97.0,28.0,87.0,91.0,70.25,28.975564417856177,94.85714285714286,-6.0,161.0,2025,3,14,1
220,2025-04-07,53,350.0,0.6,600,70.0,64.0,97.0,235.0,28.0,75.0,106.25,89.52979020043179,112.375,-6.0,161.0,2025,4,15,2
220,2025-04-28,77,350.0,0.0,600,70.0,130.0,94.0,53.0,235.0,87.0,100.75,92.70877340719521,110.0,60.0,224.0,2025,4,18,2
220,2025-05-05,150,350.0,1.0,600,70.0,89.0,59.0,77.0,53.0,28.0,98.25,93.33586306095494,96.125,19.0,148.0,2025,5,19,2
220,2025-05-26,21,350.0,0.4,600,70.0,89.0,59.0,150.0,77.0,235.0,128.75,81.96899820460578,99.5,19.0,148.0,2025,5,22,2
220,2025-06-02,271,350.0,0.0,600,70.0,89.0,59.0,21.0,150.0,53.0,75.25,54.8596694606642,90.75,19.0,148.0,2025,6,23,2
220,2025-06-09,22,350.0,0.5,600,70.0,164.0,34.0,271.0,21.0,77.0,129.75,107.96720180993238,115.25,94.0,198.0,2025,6,24,2
220,2025-06-30,45,350.0,0.0,600,70.0,165.0,98.0,22.0,271.0,150.0,116.0,119.78035453835213,107.125,95.0,263.0,2025,6,27,2
220,2025-07-07,88,350.0,0.0,600,70.0,116.0,68.0,45.0,22.0,21.0,89.75,121.34077358140311,109.25,46.0,184.0,2025,7,28,3
220,2025-08-04,197,350.0,0.5,600,70.0,116.0,68.0,88.0,45.0,271.0,106.5,113.02654555457315,90.875,46.0,184.0,2025,8,32,3
220,2025-09-01,229,350.0,0.5,600,70.0,239.0,59.0,197.0,88.0,22.0,88.0,77.64448896519744,108.875,169.0,298.0,2025,9,36,3
220,2025-09-08,90,350.0,0.5,600,70.0,201.0,65.0,229.0,197.0,45.0,139.75,87.3665649242699,127.875,131.0,266.0,2025,9,37,3
220,2025-09-29,148,350.0,0.0,600,70.0,239.0,12.0,90.0,229.0,88.0,151.0,72.77820186475252,120.375,169.0,251.0,2025,9,40,3
220,2025-10-06,139,350.0,0.5,600,70.0,17.0,76.0,148.0,90.0,197.0,166.0,60.635523141692005,136.25,-53.0,93.0,2025,10,41,4
220,2025-10-27,61,350.0,0.6666666666666666,600,70.0,140.0,19.0,139.0,148.0,229.0,151.5,57.61076288333631,119.75,70.0,159.0,2025,10,44,4
220,2025-11-03,68,350.0,0.0,600,70.0,140.0,19.0,61.0,139.0,90.0,109.5,41.1703777004778,124.625,70.0,159.0,2025,11,45,4
220,2025-11-10,24,350.0,0.0,600,70.0,140.0,19.0,68.0,61.0,148.0,104.0,45.8475735453906,127.5,70.0,159.0,2025,11,46,4
220,2025-12-01,198,350.0,0.0,600,70.0,54.0,23.0,24.0,68.0,139.0,73.0,48.0485865210067,119.5,-16.0,77.0,2025,12,49,4
220,2025-12-08,90,350.0,0.6666666666666666,600,70.0,54.0,23.0,198.0,24.0,61.0,87.75,75.99287247279621,119.625,-16.0,77.0,2025,12,50,4
221,2024-12-30,117,0.0,0.0,350,0.0,0.0,0.0,0.0,0.0,0.0,0.0,0.0,0.0,0.0,0.0,2024,12,1,4
221,2025-01-06,123,850.0,0.25,350,67.0,0.0,0.0,117.0,0.0,0.0,117.0,0.0,117.0,0.0,0.0,2025,1,2,1
221,2025-02-03,27,850.0,0.25,350,67.0,90.0,68.0,123.0,117.0,0.0,120.0,4.242640687119285,120.0,23.0,158.0,2025,2,6,1
221,2025-02-10,104,850.0,0.0,350,67.0,90.0,68.0,27.0,123.0,0.0,89.0,53.777318638995006,89.0,23.0,158.0,2025,2,7,1
221,2025-03-03,132,850.0,0.0,350,67.0,79.0,71.0,104.0,27.0,117.0,92.75,44.54492114708477,92.75,12.0,150.0,2025,3,10,1
221,2025-03-10,21,850.0,0.25,350,67.0,164.0,61.0,132.0,104.0,123.0,96.5,47.78074926160116,100.6,97.0,225.0,2025,3,11,1
221,2025-03-31,147,850.0,0.0,350,67.0,164.0,61.0,21.0,132.0,27.0,71.0,55.51576352712804,87.33333333333333,97.0,225.0,2025,3,14,1
221,2025-04-07,147,850.0,0.4,350,67.0,127.0,62.0,147.0,21.0,104.0,101.0,56.231663678038196,95.85714285714286,60.0,189.0,2025,4,15,2
221,2025-04-28,35,850.0,0.25,350,67.0,125.0,75.0,147.0,147.0,132.0,111.75,60.91182151274086,102.25,58.0,200.0,2025,4,18,2
221,2025-05-05,166,850.0,1.0,350,67.0,125.0,75.0,35.0,147.0,21.0,87.5,68.94200461257273,92.0,58.0,200.0,2025,5,19,2
221,2025-06-02,115,850.0,0.2,350,67.0,150.0,1.0,166.0,35.0,147.0,123.75,59.84076091316576,97.375,83.0,151.0,2025,6,23,2
221,2025-06-30,59,850.0,0.0,350,67.0,174.0,99.0,115.0,166.0,147.0,115.75,57.80066320265423,108.375,107.0,273.0,2025,6,27,2
221,2025-07-07,130,850.0,0.0,350,67.0,214.0,0.0,59.0,115.0,35.0,93.75,58.68205290660283,102.75,147.0,214.0,2025,7,28,3
221,2025-07-28,30,850.0,0.0,350,67.0,125.0,30.0,130.0,59.0,166.0,117.5,44.48595283907045,102.5,58.0,155.0,2025,7,31,3
221,2025-08-04,40,850.0,0.0,350,67.0,125.0,30.0,30.0,130.0,115.0,83.5,46.96452561952123,103.625,58.0,155.0,2025,8,32,3
221,2025-08-11,60,850.0,0.0,350,67.0,151.0,86.0,40.0,30.0,59.0,64.75,45.132213181569846,90.25,84.0,237.0,2025,8,33,3
221,2025-09-01,60,850.0,0.0,350,67.0,151.0,86.0,60.0,40.0,130.0,65.0,45.09249752822894,79.375,84.0,237.0,2025,9,36,3
221,2025-09-08,93,850.0,0.0,350,67.0,200.0,14.0,60.0,60.0,30.0,47.5,14.999999999999993,82.5,133.0,214.0,2025,9,37,3
221,2025-09-29,90,850.0,0.3333333333333333,350,67.0,200.0,14.0,93.0,60.0,40.0,63.25,21.960191255997746,73.375,133.0,214.0,2025,9,40,3
221,2025-10-06,168,850.0,0.0,350,67.0,75.0,25.0,90.0,93.0,60.0,75.75,18.22772613355818,70.25,8.0,100.0,2025,10,41,4
221,2025-11-03,81,850.0,0.2,350,67.0,58.0,39.0,168.0,90.0,60.0,102.75,45.98097432634501,83.875,-9.0,97.0,2025,11,45,4
221,2025-11-10,107,850.0,0.5,350,67.0,219.0,64.0,81.0,168.0,93.0,108.0,40.3236903073119,77.75,152.0,283.0,2025,11,46,4
221,2025-12-01,200,850.0,0.5,350,67.0,219.0,64.0,107.0,81.0,90.0,111.5,39.17907604831946,87.375,152.0,283.0,2025,12,49,4
221,2025-12-08,102,850.0,1.0,350,67.0,175.0,26.0,200.0,107.0,168.0,139.0,54.61989869391312,107.375,108.0,201.0,2025,12,50,4
222,2024-12-30,135,0.0,0.0,350,0.0,0.0,0.0,0.0,0.0,0.0,0.0,0.0,0.0,0.0,0.0,2024,12,1,4
222,2025-01-06,217,1200.0,0.25,350,72.0,0.0,0.0,135.0,0.0,0.0,135.0,0.0,135.0,0.0,0.0,2025,1,2,1
222,2025-01-27,22,1200.0,0.4,350,72.0,223.0,98.0,217.0,135.0,0.0,176.0,57.982756057296896,176.0,151.0,321.0,2025,1,5,1
222,2025-02-03,64,1200.0,0.0,350,72.0,223.0,98.0,22.0,217.0,0.0,124.66666666666667,97.90982245583602,124.66666666666667,151.0,321.0,2025,2,6,1
222,2025-02-10,35,1200.0,0.5,350,72.0,29.0,13.0,64.0,22.0,135.0,109.5,85.5043858524228,109.5,-43.0,42.0,2025,2,7,1
222,2025-02-24,27,1200.0,1.0,350,72.0,29.0,13.0,35.0,64.0,217.0,84.5,90.06109037758759,94.6,-43.0,42.0,2025,2,9,1
222,2025-03-03,175,1200.0,0.0,350,72.0,187.0,16.0,27.0,35.0,22.0,37.0,18.77942136133768,83.33333333333333,115.0,203.0,2025,3,10,1
222,2025-03-10,68,1200.0,0.5,350,72.0,157.0,58.0,175.0,27.0,64.0,75.25,68.37336225948425,96.42857142857143,85.0,215.0,2025,3,11,1
222,2025-03-31,153,1200.0,0.0,350,72.0,220.0,27.0,68.0,175.0,35.0,76.25,68.18296463682601,92.875,148.0,247.0,2025,3,14,1
222,2025-04-07,138,1200.0,0.6666666666666666,350,72.0,220.0,27.0,153.0,68.0,27.0,105.75,69.89217886621267,95.125,148.0,247.0,2025,4,15,2
222,2025-04-28,65,1200.0,0.0,350,72.0,249.0,45.0,138.0,153.0,175.0,133.5,46.234907447367796,85.25,177.0,294.0,2025,4,18,2
222,2025-05-05,219,1200.0,0.5,350,72.0,170.0,58.0,65.0,138.0,68.0,106.0,46.036217626270435,90.625,98.0,228.0,2025,5,19,2
222,2025-06-02,87,1200.0,0.6,350,72.0,220.0,94.0,219.0,65.0,153.0,143.75,63.20007911387452,110.0,148.0,314.0,2025,6,23,2
222,2025-06-09,21,1200.0,0.3333333333333333,350,72.0,220.0,94.0,87.0,219.0,138.0,127.25,68.38311195024689,116.5,148.0,314.0,2025,6,24,2
222,2025-06-30,189,1200.0,0.0,350,72.0,13.0,71.0,21.0,87.0,65.0,98.0,85.20563361656316,115.75,-59.0,84.0,2025,6,27,2
222,2025-07-07,140,1200.0,0.75,350,72.0,47.0,40.0,189.0,21.0,219.0,129.0,91.5204895091804,117.5,-25.0,87.0,2025,7,28,3
222,2025-07-28,24,1200.0,0.3333333333333333,350,72.0,190.0,88.0,140.0,189.0,87.0,109.25,72.0850192481073,126.5,118.0,278.0,2025,7,31,3
222,2025-08-04,206,1200.0,0.0,350,72.0,190.0,88.0,24.0,140.0,21.0,93.5,84.39786727163192,110.375,118.0,278.0,2025,8,32,3
222,2025-08-11,44,1200.0,0.16666666666666666,350,72.0,28.0,14.0,206.0,24.0,189.0,139.75,82.0827834160936,118.875,-44.0,42.0,2025,8,33,3
222,2025-09-01,158,1200.0,1.0,350,72.0,28.0,14.0,44.0,206.0,140.0,103.5,85.04704580407245,116.25,-44.0,42.0,2025,9,36,3
222,2025-09-08,132,1200.0,0.6666666666666666,350,72.0,223.0,73.0,158.0,44.0,24.0,108.0,88.04544281222054,108.625,151.0,296.0,2025,9,37,3
222,2025-09-29,101,1200.0,0.6666666666666666,350,72.0,137.0,17.0,132.0,158.0,206.0,135.0,67.9705818718657,114.25,65.0,154.0,2025,9,40,3
222,2025-10-06,56,1200.0,0.5,350,72.0,137.0,17.0,101.0,132.0,44.0,108.75,49.05354217587144,124.25,65.0,154.0,2025,10,41,4
222,2025-10-27,31,1200.0,0.0,350,72.0,107.0,75.0,56.0,101.0,158.0,111.75,43.86627406105969,107.625,35.0,182.0,2025,10,44,4
222,2025-11-03,123,1200.0,0.0,350,72.0,158.0,0.0,31.0,56.0,132.0,80.0,45.1737386837382,94.0,86.0,158.0,2025,11,45,4
222,2025-11-10,80,1200.0,0.3333333333333333,350,72.0,12.0,74.0,123.0,31.0,101.0,77.75,41.820051012243695,106.375,-60.0,86.0,2025,11,46,4
222,2025-12-01,135,1200.0,0.5,350,72.0,229.0,58.0,80.0,123.0,56.0,72.5,39.16205646626164,90.625,157.0,287.0,2025,12,49,4
222,2025-12-08,127,1200.0,0.3333333333333333,350,72.0,122.0,10.0,135.0,80.0,31.0,92.25,47.16902232044528,102.0,50.0,132.0,2025,12,50,4
223,2024-12-30,24,0.0,0.0,900,0.0,0.0,0.0,0.0,0.0,0.0,0.0,0.0,0.0,0.0,0.0,2024,12,1,4
223,2025-01-06,201,250.0,0.0,900,26.0,151.0,76.0,24.0,0.0,0.0,24.0,0.0,24.0,125.0,227.0,2025,1,2,1
223,2025-01-27,69,250.0,1.0,900,26.0,142.0,41.0,201.0,24.0,0.0,112.5,125.15790027001891,112.5,116.0,183.0,2025,1,5,1
223,2025-02-03,130,250.0,0.5,900,26.0,124.0,56.0,69.0,201.0,0.0,98.0,91.9945650568554,98.0,98.0,180.0,2025,2,6,1
223,2025-02-10,108,250.0,0.3333333333333333,900,26.0,127.0,16.0,130.0,69.0,24.0,106.0,76.79843748410511,106.0,101.0,143.0,2025,2,7,1
223,2025-02-24,74,250.0,0.0,900,26.0,127.0,16.0,108.0,130.0,201.0,127.0,55.40758070878027,106.4,101.0,143.0,2025,2,9,1
223,2025-03-03,127,250.0,0.0,900,26.0,127.0,16.0,74.0,108.0,69.0,95.25,28.92951203644241,101.0,101.0,143.0,2025,3,10,1
223,2025-03-10,140,250.0,0.25,900,26.0,66.0,91.0,127.0,74.0,130.0,109.75,25.74716812907133,104.71428571428571,40.0,157.0,2025,3,11,1
223,2025-03-31,54,250.0,1.0,900,26.0,243.0,49.0,140.0,127.0,108.0,112.25,28.686524130097506,109.125,217.0,292.0,2025,3,14,1
223,2025-04-07,70,250.0,0.5,900,26.0,104.0,6.0,54.0,140.0,74.0,98.75,41.290636549545546,112.875,78.0,110.0,2025,4,15,2
223,2025-04-28,31,250.0,1.0,900,26.0,96.0,10.0,70.0,54.0,127.0,97.75,42.129759869558555,96.5,70.0,106.0,2025,4,18,2
223,2025-05-05,131,250.0,1.0,900,26.0,96.0,10.0,31.0,70.0,140.0,73.75,46.97783165139347,91.75,70.0,106.0,2025,5,19,2
223,2025-05-26,25,250.0,0.3333333333333333,900,26.0,96.0,10.0,131.0,31.0,54.0,71.5,42.77460305679839,91.875,70.0,106.0,2025,5,22,2
223,2025-06-02,234,250.0,0.0,900,26.0,154.0,28.0,25.0,131.0,70.0,64.25,48.76730462102657,81.5,128.0,182.0,2025,6,23,2
223,2025-06-09,35,250.0,0.75,900,26.0,154.0,28.0,234.0,25.0,31.0,105.25,98.64540874600635,101.5,128.0,182.0,2025,6,24,2
223,2025-06-30,255,250.0,1.0,900,26.0,73.0,27.0,35.0,234.0,131.0,106.25,97.65713832929299,90.0,47.0,100.0,2025,6,27,2
223,2025-07-07,134,250.0,0.6,900,26.0,221.0,87.0,255.0,35.0,25.0,137.25,124.20513945351323,104.375,195.0,308.0,2025,7,28,3
223,2025-07-28,30,250.0,0.25,900,26.0,243.0,24.0,134.0,255.0,234.0,164.5,101.19453213159954,114.375,217.0,267.0,2025,7,31,3
223,2025-08-04,75,250.0,0.0,900,26.0,96.0,72.0,30.0,134.0,35.0,113.5,105.79382464649501,109.375,70.0,168.0,2025,8,32,3
223,2025-08-11,31,250.0,0.0,900,26.0,14.0,88.0,75.0,30.0,255.0,123.5,97.46281342132495,114.875,-12.0,102.0,2025,8,33,3
223,2025-09-01,223,250.0,1.0,900,26.0,14.0,88.0,31.0,75.0,134.0,67.5,49.04759593157105,102.375,-12.0,102.0,2025,9,36,3
223,2025-09-08,100,250.0,0.25,900,26.0,160.0,96.0,223.0,31.0,30.0,89.75,91.2775072694984,127.125,134.0,256.0,2025,9,37,3
223,2025-09-29,137,250.0,0.3333333333333333,900,26.0,13.0,97.0,100.0,223.0,75.0,107.25,82.26937461777621,110.375,-13.0,110.0,2025,9,40,3
223,2025-10-06,218,250.0,1.0,900,26.0,78.0,79.0,137.0,100.0,31.0,122.75,79.97655906576625,123.125,52.0,157.0,2025,10,41,4
223,2025-10-27,30,250.0,0.4,900,26.0,49.0,44.0,218.0,137.0,223.0,169.5,60.83036522439539,118.5,23.0,93.0,2025,10,44,4
223,2025-11-03,96,250.0,0.0,900,26.0,101.0,26.0,30.0,218.0,100.0,121.25,78.28739787901156,105.5,75.0,127.0,2025,11,45,4
223,2025-11-10,37,250.0,0.3333333333333333,900,26.0,80.0,68.0,96.0,30.0,137.0,120.25,78.67390503421913,113.75,54.0,148.0,2025,11,46,4
223,2025-12-01,131,250.0,0.0,900,26.0,151.0,62.0,37.0,96.0,218.0,95.25,87.02250666733673,109.0,125.0,213.0,2025,12,49,4
223,2025-12-08,23,250.0,0.0,900,26.0,195.0,45.0,131.0,37.0,30.0,73.5,48.432083030432054,121.5,169.0,240.0,2025,12,50,4
224,2024-12-30,99,0.0,0.0,1200,0.0,0.0,0.0,0.0,0.0,0.0,0.0,0.0,0.0,0.0,0.0,2024,12,1,4
224,2025-01-06,122,1500.0,0.0,1200,53.0,159.0,77.0,99.0,0.0,0.0,99.0,0.0,99.0,106.0,236.0,2025,1,2,1
224,2025-02-03,132,1500.0,0.3333333333333333,1200,53.0,23.0,62.0,122.0,99.0,0.0,110.5,16.263455967290593,110.5,-30.0,85.0,2025,2,6,1
224,2025-02-10,78,1500.0,0.6666666666666666,1200,53.0,179.0,23.0,132.0,122.0,0.0,117.66666666666667,16.921386861996073,117.66666666666667,126.0,202.0,2025,2,7,1
224,2025-02-24,67,1500.0,0.0,1200,53.0,92.0,69.0,78.0,132.0,99.0,107.75,24.171263930543642,107.75,39.0,161.0,2025,2,9,1
224,2025-03-03,153,1500.0,0.0,1200,53.0,92.0,69.0,67.0,78.0,122.0,99.75,32.045540511382654,99.6,39.0,161.0,2025,3,10,1
224,2025-03-10,24,1500.0,0.6666666666666666,1200,53.0,74.0,77.0,153.0,67.0,132.0,107.5,41.557189510360296,108.5,21.0,151.0,2025,3,11,1
224,2025-03-31,147,1500.0,0.0,1200,53.0,74.0,77.0,24.0,153.0,78.0,80.5,53.65631370118525,96.42857142857143,21.0,151.0,2025,3,14,1
224,2025-04-07,151,1500.0,0.5,1200,53.0,115.0,53.0,147.0,24.0,67.0,97.75,62.882827544568954,102.75,62.0,168.0,2025,4,15,2
224,2025-04-28,58,1500.0,0.75,1200,53.0,115.0,53.0,151.0,147.0,153.0,118.75,63.215899898680554,109.25,62.0,168.0,2025,4,18,2
224,2025-05-05,64,1500.0,0.0,1200,53.0,226.0,14.0,58.0,151.0,24.0,95.0,63.900965042269384,101.25,173.0,240.0,2025,5,19,2
224,2025-05-12,20,1500.0,0.5,1200,53.0,51.0,98.0,64.0,58.0,147.0,105.0,50.89204259999789,92.75,-2.0,149.0,2025,5,20,2
224,2025-05-26,21,1500.0,0.0,1200,53.0,51.0,98.0,20.0,64.0,151.0,73.25,55.37373023374893,85.5,-2.0,149.0,2025,5,22,2
224,2025-06-02,53,1500.0,0.0,1200,53.0,51.0,98.0,21.0,20.0,58.0,40.75,23.514180118955167,79.75,-2.0,149.0,2025,6,23,2
224,2025-06-09,52,1500.0,0.0,1200,53.0,144.0,77.0,53.0,21.0,64.0,39.5,22.39791656977645,67.25,91.0,221.0,2025,6,24,2
224,2025-06-30,314,1500.0,0.5,1200,53.0,135.0,22.0,52.0,53.0,20.0,36.5,18.484227510682356,70.75,82.0,157.0,2025,6,27,2
224,2025-07-07,85,1500.0,0.6666666666666666,1200,53.0,14.0,60.0,314.0,52.0,21.0,110.0,136.80886910820755,91.625,-39.0,74.0,2025,7,28,3
224,2025-07-28,51,1500.0,0.0,1200,53.0,103.0,8.0,85.0,314.0,53.0,126.0,126.26691305854173,83.375,50.0,111.0,2025,7,31,3
224,2025-08-04,78,1500.0,0.0,1200,53.0,66.0,8.0,51.0,85.0,52.0,125.5,126.65570127975555,82.5,13.0,74.0,2025,8,32,3
224,2025-09-01,90,1500.0,0.3333333333333333,1200,53.0,75.0,28.0,78.0,51.0,314.0,132.0,122.21565638929683,84.25,22.0,103.0,2025,9,36,3
224,2025-09-08,70,1500.0,0.5,1200,53.0,97.0,18.0,90.0,78.0,85.0,76.0,17.378147196982884,93.0,44.0,115.0,2025,9,37,3
224,2025-09-29,93,1500.0,0.3333333333333333,1200,53.0,131.0,89.0,70.0,90.0,51.0,72.25,16.378339354159323,99.125,78.0,220.0,2025,9,40,3
224,2025-10-06,55,1500.0,0.5,1200,53.0,131.0,89.0,93.0,70.0,78.0,82.75,10.688779163216164,104.125,78.0,220.0,2025,10,41,4
224,2025-10-27,41,1500.0,0.0,1200,53.0,131.0,89.0,55.0,93.0,90.0,77.0,17.869900204907058,104.5,78.0,220.0,2025,10,44,4
224,2025-11-03,81,1500.0,1.0,1200,53.0,72.0,7.0,41.0,55.0,70.0,64.75,22.246722605064118,70.375,19.0,79.0,2025,11,45,4
224,2025-11-10,26,1500.0,0.3333333333333333,1200,53.0,72.0,7.0,81.0,41.0,93.0,67.5,23.741665204165244,69.875,19.0,79.0,2025,11,46,4
224,2025-12-01,93,1500.0,0.0,1200,53.0,240.0,27.0,26.0,81.0,55.0,50.75,23.386249521175273,66.75,187.0,267.0,2025,12,49,4
224,2025-12-08,141,1500.0,0.3333333333333333,1200,53.0,202.0,82.0,93.0,26.0,41.0,60.25,31.868218232799546,68.625,149.0,284.0,2025,12,50,4
225,2024-12-30,100,0.0,0.0,1500,0.0,0.0,0.0,0.0,0.0,0.0,0.0,0.0,0.0,0.0,0.0,2024,12,1,4
225,2025-01-06,109,850.0,0.5,1500,23.0,0.0,0.0,100.0,0.0,0.0,100.0,0.0,100.0,0.0,0.0,2025,1,2,1
225,2025-02-03,30,850.0,0.0,1500,23.0,190.0,55.0,109.0,100.0,0.0,104.5,6.363961030678928,104.5,167.0,245.0,2025,2,6,1
225,2025-02-10,62,850.0,0.0,1500,23.0,238.0,27.0,30.0,109.0,0.0,79.66666666666667,43.24735059322517,79.66666666666667,215.0,265.0,2025,2,7,1
225,2025-02-24,19,850.0,0.5,1500,23.0,178.0,78.0,62.0,30.0,100.0,75.25,36.39940475703781,75.25,155.0,256.0,2025,2,9,1
225,2025-03-03,70,850.0,0.0,1500,23.0,178.0,78.0,19.0,62.0,109.0,55.0,40.3567425180312,64.0,155.0,256.0,2025,3,10,1
225,2025-03-10,64,850.0,0.3333333333333333,1500,23.0,168.0,12.0,70.0,19.0,30.0,45.25,24.595053703268604,65.0,145.0,180.0,2025,3,11,1
225,2025-03-31,111,850.0,0.5,1500,23.0,171.0,85.0,64.0,70.0,62.0,53.75,23.41473894793619,64.85714285714286,148.0,256.0,2025,3,14,1
225,2025-04-07,111,850.0,0.6666666666666666,1500,23.0,102.0,93.0,111.0,64.0,19.0,66.0,37.656340767525464,70.625,79.0,195.0,2025,4,15,2
225,2025-04-28,106,850.0,0.0,1500,23.0,123.0,7.0,111.0,111.0,70.0,89.0,25.52123299006796,72.0,100.0,130.0,2025,4,18,2
225,2025-05-05,185,850.0,0.5,1500,23.0,28.0,28.0,106.0,111.0,64.0,98.0,22.78888618018295,71.625,5.0,56.0,2025,5,19,2
225,2025-05-26,24,850.0,0.2,1500,23.0,198.0,66.0,185.0,106.0,111.0,128.25,37.906683667483584,91.0,175.0,264.0,2025,5,22,2
225,2025-06-02,213,850.0,0.0,1500,23.0,198.0,66.0,24.0,185.0,111.0,106.5,65.80020263393318,86.25,175.0,264.0,2025,6,23,2
225,2025-06-09,55,850.0,0.5,1500,23.0,107.0,48.0,213.0,24.0,106.0,132.0,85.06859976904914,110.5,84.0,155.0,2025,6,24,2
225,2025-07-07,74,850.0,0.0,1500,23.0,241.0,49.0,55.0,213.0,185.0,119.25,93.65317221891988,108.625,218.0,290.0,2025,7,28,3
225,2025-07-28,41,850.0,0.0,1500,23.0,106.0,24.0,74.0,55.0,24.0,91.5,83.58030070935773,109.875,83.0,130.0,2025,7,31,3
225,2025-08-04,134,850.0,1.0,1500,23.0,97.0,84.0,41.0,74.0,213.0,95.75,79.32790597681667,101.125,74.0,181.0,2025,8,32,3
225,2025-08-11,45,850.0,0.2,1500,23.0,176.0,55.0,134.0,41.0,55.0,76.0,40.96339829652806,104.0,153.0,231.0,2025,8,33,3
225,2025-09-01,161,850.0,0.0,1500,23.0,178.0,48.0,45.0,134.0,74.0,73.5,42.93017586733134,96.375,155.0,226.0,2025,9,36,3
225,2025-09-08,273,850.0,0.0,1500,23.0,214.0,53.0,161.0,45.0,41.0,95.25,61.35348400865267,93.375,191.0,267.0,2025,9,37,3
225,2025-09-29,71,850.0,0.5,1500,23.0,142.0,98.0,273.0,161.0,134.0,153.25,93.96586259559018,124.5,119.0,240.0,2025,9,40,3
225,2025-10-06,142,850.0,0.5,1500,23.0,142.0,98.0,71.0,273.0,45.0,137.5,103.10350786143667,106.75,119.0,240.0,2025,10,41,4
225,2025-10-27,51,850.0,0.3333333333333333,1500,23.0,80.0,45.0,142.0,71.0,161.0,161.75,83.67148060520182,117.625,57.0,125.0,2025,10,44,4
225,2025-11-03,117,850.0,1.0,1500,23.0,128.0,57.0,51.0,142.0,273.0,134.25,100.40376818957876,114.75,105.0,185.0,2025,11,45,4
225,2025-11-10,53,850.0,0.25,1500,23.0,168.0,54.0,117.0,51.0,71.0,95.25,41.65233086715155,124.25,145.0,222.0,2025,11,46,4
225,2025-12-01,138,850.0,0.0,1500,23.0,25.0,77.0,53.0,117.0,142.0,90.75,45.90116193155317,114.125,2.0,102.0,2025,12,49,4
225,2025-12-08,13,850.0,0.6666666666666666,1500,23.0,175.0,34.0,138.0,53.0,51.0,89.75,44.43253312607778,125.75,152.0,209.0,2025,12,50,4
226,2024-12-30,24,0.0,0.0,450,0.0,0.0,0.0,0.0,0.0,0.0,0.0,0.0,0.0,0.0,0.0,2024,12,1,4
226,2025-01-06,126,250.0,1.0,450,60.0,0.0,0.0,24.0,0.0,0.0,24.0,0.0,24.0,0.0,0.0,2025,1,2,1
226,2025-01-27,75,250.0,0.2,450,60.0,146.0,73.0,126.0,24.0,0.0,75.0,72.12489168102785,75.0,86.0,219.0,2025,1,5,1
226,2025-02-03,88,250.0,0.0,450,60.0,146.0,73.0,75.0,126.0,0.0,75.0,51.0,75.0,86.0,219.0,2025,2,6,1
226,2025-02-10,29,250.0,0.0,450,60.0,67.0,17.0,88.0,75.0,24.0,78.25,42.14558102577303,78.25,7.0,84.0,2025,2,7,1
226,2025-02-24,24,250.0,1.0,450,60.0,69.0,67.0,29.0,88.0,126.0,79.5,40.02082791080998,68.4,9.0,136.0,2025,2,9,1
226,2025-03-03,214,250.0,0.0,450,60.0,69.0,67.0,24.0,29.0,75.0,54.0,32.25936556516056,61.0,9.0,136.0,2025,3,10,1
226,2025-03-31,87,250.0,0.5,450,60.0,69.0,67.0,214.0,24.0,88.0,88.75,88.41332855778401,82.85714285714286,9.0,136.0,2025,3,14,1
226,2025-04-07,23,250.0,0.0,450,60.0,104.0,79.0,87.0,214.0,29.0,88.5,88.41756989799407,83.375,44.0,183.0,2025,4,15,2
226,2025-04-28,76,250.0,0.0,450,60.0,149.0,41.0,23.0,87.0,24.0,87.0,89.80348916755221,83.25,89.0,190.0,2025,4,18,2
226,2025-05-05,104,250.0,0.5,450,60.0,149.0,41.0,76.0,23.0,214.0,100.0,80.97324661063472,77.0,89.0,190.0,2025,5,19,2
226,2025-05-12,19,250.0,0.6666666666666666,450,60.0,172.0,42.0,104.0,76.0,87.0,72.5,34.952348514322566,80.625,112.0,214.0,2025,5,20,2
226,2025-06-02,113,250.0,0.0,450,60.0,172.0,42.0,19.0,104.0,23.0,55.5,41.47690120215508,72.0,112.0,214.0,2025,6,23,2
226,2025-06-30,103,250.0,0.0,450,60.0,205.0,44.0,113.0,19.0,76.0,78.0,42.371373984487846,82.5,145.0,249.0,2025,6,27,2
226,2025-07-07,134,250.0,0.0,450,60.0,225.0,19.0,103.0,113.0,104.0,84.75,44.06340129101853,92.375,165.0,244.0,2025,7,28,3
226,2025-07-28,26,250.0,0.5,450,60.0,225.0,19.0,134.0,103.0,19.0,92.25,50.51319959508934,82.375,165.0,244.0,2025,7,31,3
226,2025-08-04,145,250.0,0.0,450,60.0,225.0,19.0,26.0,134.0,113.0,94.0,47.138094997570704,74.75,165.0,244.0,2025,8,32,3
226,2025-09-01,79,250.0,1.0,450,60.0,171.0,1.0,145.0,26.0,103.0,102.0,53.696678978623375,90.0,111.0,172.0,2025,9,36,3
226,2025-09-08,187,250.0,0.3333333333333333,450,60.0,147.0,64.0,79.0,145.0,134.0,96.0,54.87561692895428,90.375,87.0,211.0,2025,9,37,3
226,2025-09-29,22,250.0,0.25,450,60.0,200.0,36.0,187.0,79.0,26.0,109.25,71.10731326663947,100.75,140.0,236.0,2025,9,40,3
226,2025-10-06,236,250.0,0.0,450,60.0,200.0,36.0,22.0,187.0,145.0,108.25,72.67908915224515,101.125,140.0,236.0,2025,10,41,4
226,2025-11-03,124,250.0,0.4,450,60.0,145.0,40.0,236.0,22.0,79.0,131.0,97.88769074812215,116.5,85.0,185.0,2025,11,45,4
226,2025-11-10,41,250.0,0.3333333333333333,450,60.0,126.0,7.0,124.0,236.0,187.0,142.25,92.34852462275722,119.125,66.0,133.0,2025,11,46,4
226,2025-12-01,74,250.0,1.0,450,60.0,126.0,7.0,41.0,124.0,22.0,105.75,97.47606543830815,107.5,66.0,133.0,2025,12,49,4
226,2025-12-08,140,250.0,0.5,450,60.0,223.0,94.0,74.0,41.0,236.0,118.75,85.28921385497699,113.5,163.0,317.0,2025,12,50,4
227,2024-12-30,141,0.0,0.0,450,0.0,0.0,0.0,0.0,0.0,0.0,0.0,0.0,0.0,0.0,0.0,2024,12,1,4
227,2025-01-06,192,450.0,0.3333333333333333,450,46.0,0.0,0.0,141.0,0.0,0.0,141.0,0.0,141.0,0.0,0.0,2025,1,2,1
227,2025-01-27,31,450.0,0.2,450,46.0,171.0,79.0,192.0,141.0,0.0,166.5,36.062445840513924,166.5,125.0,250.0,2025,1,5,1
227,2025-02-03,56,450.0,1.0,450,46.0,171.0,79.0,31.0,192.0,0.0,121.33333333333333,82.28203530135441,121.33333333333333,125.0,250.0,2025,2,6,1
227,2025-02-10,36,450.0,0.0,450,46.0,154.0,43.0,56.0,31.0,141.0,105.0,74.70385978426194,105.0,108.0,197.0,2025,2,7,1
227,2025-02-24,48,450.0,0.0,450,46.0,154.0,43.0,36.0,56.0,192.0,78.75,76.26871355062092,91.2,108.0,197.0,2025,2,9,1
227,2025-03-03,48,450.0,0.0,450,46.0,154.0,43.0,48.0,36.0,31.0,42.75,11.354147553500733,84.0,108.0,197.0,2025,3,10,1
227,2025-03-31,52,450.0,0.0,450,46.0,248.0,11.0,48.0,48.0,56.0,47.0,8.246211251235321,78.85714285714286,202.0,259.0,2025,3,14,1
227,2025-04-07,139,450.0,0.0,450,46.0,248.0,11.0,52.0,48.0,36.0,46.0,6.92820323027551,75.5,202.0,259.0,2025,4,15,2
227,2025-04-28,71,450.0,1.0,450,46.0,248.0,11.0,139.0,52.0,48.0,71.75,44.87296884911152,75.25,202.0,259.0,2025,4,18,2
227,2025-05-05,110,450.0,0.5,450,46.0,248.0,11.0,71.0,139.0,48.0,77.5,42.209793492348034,60.125,202.0,259.0,2025,5,19,2
227,2025-05-12,29,450.0,0.3333333333333333,450,46.0,195.0,99.0,110.0,71.0,52.0,93.0,39.029903065897216,70.0,149.0,294.0,2025,5,20,2
227,2025-05-26,48,450.0,0.0,450,46.0,203.0,61.0,29.0,110.0,139.0,87.25,47.793828053421294,66.625,157.0,264.0,2025,5,22,2
227,2025-06-02,145,450.0,1.0,450,46.0,239.0,43.0,48.0,29.0,71.0,64.5,34.85685011586675,68.125,193.0,282.0,2025,6,23,2
227,2025-06-09,78,450.0,0.3333333333333333,450,46.0,239.0,43.0,145.0,48.0,110.0,83.0,53.89495956642575,80.25,193.0,282.0,2025,6,24,2
227,2025-06-30,87,450.0,0.0,450,46.0,205.0,24.0,78.0,145.0,29.0,75.0,50.839617097954886,84.0,159.0,229.0,2025,6,27,2
227,2025-07-07,147,450.0,1.0,450,46.0,66.0,29.0,87.0,78.0,48.0,89.5,40.58324777540605,88.375,20.0,95.0,2025,7,28,3
227,2025-07-28,54,450.0,0.25,450,46.0,66.0,29.0,147.0,87.0,145.0,114.25,36.854443422740765,89.375,20.0,95.0,2025,7,31,3
227,2025-08-04,253,450.0,0.0,450,46.0,154.0,50.0,54.0,147.0,78.0,91.5,39.534794801541594,87.25,108.0,204.0,2025,8,32,3
227,2025-09-01,102,450.0,0.2,450,46.0,199.0,27.0,253.0,54.0,87.0,135.25,87.43140168154689,105.125,153.0,226.0,2025,9,36,3
227,2025-09-08,84,450.0,0.0,450,46.0,199.0,27.0,102.0,253.0,147.0,139.0,84.95881355103776,114.25,153.0,226.0,2025,9,37,3
227,2025-09-29,130,450.0,0.0,450,46.0,82.0,12.0,84.0,102.0,54.0,123.25,88.73697087460219,118.75,36.0,94.0,2025,9,40,3
227,2025-10-06,152,450.0,0.6666666666666666,450,46.0,82.0,12.0,130.0,84.0,253.0,142.25,76.22062275613689,116.875,36.0,94.0,2025,10,41,4
227,2025-10-27,36,450.0,0.4,450,46.0,159.0,27.0,152.0,130.0,102.0,117.0,30.044411571316648,126.125,113.0,186.0,2025,10,44,4
227,2025-11-03,37,450.0,1.0,450,46.0,206.0,44.0,36.0,152.0,84.0,100.5,51.49433625814266,119.75,160.0,250.0,2025,11,45,4
227,2025-11-10,65,450.0,0.0,450,46.0,206.0,44.0,37.0,36.0,130.0,88.75,60.99931693606631,106.0,160.0,250.0,2025,11,46,4
227,2025-12-01,85,450.0,0.0,450,46.0,11.0,91.0,65.0,37.0,152.0,72.5,54.67784438569854,107.375,-35.0,102.0,2025,12,49,4
227,2025-12-08,100,450.0,0.0,450,46.0,11.0,91.0,85.0,65.0,36.0,55.75,23.68367933127506,86.375,-35.0,102.0,2025,12,50,4
228,2024-12-30,62,0.0,0.0,999,0.0,0.0,0.0,0.0,0.0,0.0,0.0,0.0,0.0,0.0,0.0,2024,12,1,4
228,2025-01-06,138,350.0,0.0,999,31.0,131.0,51.0,62.0,0.0,0.0,62.0,0.0,62.0,100.0,182.0,2025,1,2,1
228,2025-02-03,235,350.0,0.0,999,31.0,108.0,3.0,138.0,62.0,0.0,100.0,53.74011537017761,100.0,77.0,111.0,2025,2,6,1
228,2025-02-10,71,350.0,0.5,999,31.0,112.0,7.0,235.0,138.0,0.0,145.0,86.71216754296942,145.0,81.0,119.0,2025,2,7,1
228,2025-03-03,198,350.0,0.0,999,31.0,112.0,7.0,71.0,235.0,62.0,126.5,79.88533449054755,126.5,81.0,119.0,2025,3,10,1
228,2025-03-10,32,350.0,0.6,999,31.0,167.0,70.0,198.0,71.0,138.0,160.5,71.8168968047678,140.8,136.0,237.0,2025,3,11,1
228,2025-03-31,55,350.0,0.0,999,31.0,167.0,70.0,32.0,198.0,235.0,134.0,97.75820511172792,122.66666666666667,136.0,237.0,2025,3,14,1
228,2025-04-07,33,350.0,0.0,999,31.0,169.0,60.0,55.0,32.0,71.0,89.0,74.40878084384038,113.0,138.0,229.0,2025,4,15,2
228,2025-04-28,66,350.0,0.0,999,31.0,169.0,60.0,33.0,55.0,198.0,79.5,79.7098906451807,103.0,138.0,229.0,2025,4,18,2
228,2025-05-05,43,350.0,0.0,999,31.0,98.0,38.0,66.0,33.0,32.0,46.5,16.782927833565473,103.5,67.0,136.0,2025,5,19,2
228,2025-05-12,67,350.0,0.0,999,31.0,41.0,19.0,43.0,66.0,55.0,49.25,14.338177476002079,91.625,10.0,60.0,2025,5,20,2
228,2025-05-26,23,350.0,1.0,999,31.0,22.0,42.0,67.0,43.0,33.0,52.25,16.958282145704892,70.625,-9.0,64.0,2025,5,22,2
228,2025-06-02,269,350.0,0.0,999,31.0,22.0,42.0,23.0,67.0,66.0,49.75,20.99801577927464,64.625,-9.0,64.0,2025,6,23,2
228,2025-06-09,74,350.0,0.4,999,31.0,123.0,19.0,269.0,23.0,43.0,100.5,113.76437638089232,73.5,92.0,142.0,2025,6,24,2
228,2025-06-30,127,350.0,0.0,999,31.0,123.0,19.0,74.0,269.0,67.0,108.25,109.51826331712897,78.75,92.0,142.0,2025,6,27,2
228,2025-07-07,21,350.0,0.25,999,31.0,238.0,54.0,127.0,74.0,23.0,123.25,106.03890795363746,87.75,207.0,292.0,2025,7,28,3
228,2025-08-04,72,350.0,0.0,999,31.0,236.0,63.0,21.0,127.0,269.0,122.75,106.67200507474612,86.25,205.0,299.0,2025,8,32,3
228,2025-08-11,54,350.0,0.0,999,31.0,62.0,52.0,72.0,21.0,74.0,73.5,43.28587144400196,87.0,31.0,114.0,2025,8,33,3
228,2025-09-01,112,350.0,0.0,999,31.0,67.0,31.0,54.0,72.0,127.0,68.5,44.35087372307334,88.375,36.0,98.0,2025,9,36,3
228,2025-09-08,92,350.0,0.3333333333333333,999,31.0,175.0,41.0,112.0,54.0,21.0,64.75,37.92426663760286,94.0,144.0,216.0,2025,9,37,3
228,2025-09-29,160,350.0,0.0,999,31.0,199.0,25.0,92.0,112.0,72.0,82.5,25.05327656548469,102.625,168.0,224.0,2025,9,40,3
228,2025-10-06,45,350.0,0.5,999,31.0,190.0,27.0,160.0,92.0,54.0,104.5,44.13237662608557,89.0,159.0,217.0,2025,10,41,4
228,2025-10-27,20,350.0,0.0,999,31.0,190.0,27.0,45.0,160.0,112.0,102.25,47.654135882068665,85.375,159.0,217.0,2025,10,44,4
228,2025-11-03,222,350.0,0.0,999,31.0,228.0,50.0,20.0,45.0,92.0,79.25,61.5541766793015,72.0,197.0,278.0,2025,11,45,4
228,2025-11-10,51,350.0,0.16666666666666666,999,31.0,173.0,24.0,222.0,20.0,160.0,111.75,95.4930189420497,97.125,142.0,197.0,2025,11,46,4
228,2025-12-01,109,350.0,0.0,999,31.0,166.0,21.0,51.0,222.0,45.0,84.5,92.6444817568753,94.5,135.0,187.0,2025,12,49,4
228,2025-12-08,67,350.0,0.5,999,31.0,179.0,19.0,109.0,51.0,20.0,100.5,89.00374523954969,101.375,148.0,198.0,2025,12,50,4
229,2024-12-30,41,0.0,0.0,999,0.0,0.0,0.0,0.0,0.0,0.0,0.0,0.0,0.0,0.0,0.0,2024,12,1,4
229,2025-01-06,250,1200.0,0.0,999,28.0,28.0,26.0,41.0,0.0,0.0,41.0,0.0,41.0,0.0,54.0,2025,1,2,1
229,2025-02-03,125,1200.0,0.5,999,28.0,138.0,35.0,250.0,41.0,0.0,145.5,147.78531726798843,145.5,110.0,173.0,2025,2,6,1
229,2025-02-10,132,1200.0,0.0,999,28.0,241.0,63.0,125.0,250.0,0.0,138.66666666666666,105.16811937718262,138.66666666666666,213.0,304.0,2025,2,7,1
229,2025-03-03,128,1200.0,0.6666666666666666,999,28.0,241.0,63.0,132.0,125.0,41.0,137.0,85.93408326541145,137.0,213.0,304.0,2025,3,10,1
229,2025-03-31,72,1200.0,0.3333333333333333,999,28.0,241.0,63.0,128.0,132.0,250.0,158.75,60.90087574630324,135.2,213.0,304.0,2025,3,14,1
229,2025-04-07,188,1200.0,1.0,999,28.0,217.0,42.0,72.0,128.0,125.0,114.25,28.312247055529415,124.66666666666667,189.0,259.0,2025,4,15,2
229,2025-04-28,52,1200.0,0.5,999,28.0,217.0,42.0,188.0,72.0,132.0,130.0,47.3849483837783,133.71428571428572,189.0,259.0,2025,4,18,2
229,2025-05-05,103,1200.0,0.5,999,28.0,103.0,90.0,52.0,188.0,128.0,110.0,61.14463726825655,123.5,75.0,193.0,2025,5,19,2
229,2025-06-02,342,1200.0,0.3333333333333333,999,28.0,17.0,52.0,103.0,52.0,72.0,103.75,59.957623924457415,131.25,-11.0,69.0,2025,6,23,2
229,2025-06-09,22,1200.0,0.3333333333333333,999,28.0,54.0,49.0,342.0,103.0,188.0,171.25,126.90514830638932,142.75,26.0,103.0,2025,6,24,2
229,2025-06-30,133,1200.0,0.0,999,28.0,54.0,49.0,22.0,342.0,52.0,129.75,145.39687066783796,129.875,26.0,103.0,2025,6,27,2
229,2025-07-07,72,1200.0,0.6666666666666666,999,28.0,187.0,87.0,133.0,22.0,103.0,150.0,136.31580979475564,130.0,159.0,274.0,2025,7,28,3
229,2025-07-28,51,1200.0,0.5,999,28.0,187.0,87.0,72.0,133.0,342.0,142.25,140.68967031496425,123.0,159.0,274.0,2025,7,31,3
229,2025-08-04,75,1200.0,0.0,999,28.0,212.0,68.0,51.0,72.0,22.0,69.5,47.03544762552319,120.375,184.0,280.0,2025,8,32,3
229,2025-08-11,71,1200.0,0.0,999,28.0,142.0,27.0,75.0,51.0,133.0,82.75,35.16034698349835,106.25,114.0,169.0,2025,8,33,3
229,2025-09-01,219,1200.0,1.0,999,28.0,27.0,84.0,71.0,75.0,72.0,67.25,10.96585609973073,108.625,-1.0,111.0,2025,9,36,3
229,2025-09-08,50,1200.0,0.25,999,28.0,239.0,27.0,219.0,71.0,51.0,104.0,77.38216848861242,123.125,211.0,266.0,2025,9,37,3
229,2025-10-06,76,1200.0,0.0,999,28.0,133.0,96.0,50.0,219.0,75.0,103.75,77.61174739260375,86.625,105.0,229.0,2025,10,41,4
229,2025-10-27,39,1200.0,0.0,999,28.0,171.0,27.0,76.0,50.0,71.0,104.0,77.48978427293927,93.375,143.0,198.0,2025,10,44,4
229,2025-11-03,112,1200.0,1.0,999,28.0,171.0,27.0,39.0,76.0,219.0,96.0,83.45457846437587,81.625,143.0,198.0,2025,11,45,4
229,2025-11-10,60,1200.0,0.3333333333333333,999,28.0,87.0,52.0,112.0,39.0,50.0,69.25,32.44867742553875,86.625,59.0,139.0,2025,11,46,4
229,2025-12-01,57,1200.0,1.0,999,28.0,87.0,52.0,60.0,112.0,76.0,71.75,30.815310047658688,87.75,59.0,139.0,2025,12,49,4
230,2024-12-30,42,0.0,0.0,450,0.0,0.0,0.0,0.0,0.0,0.0,0.0,0.0,0.0,0.0,0.0,2024,12,1,4
230,2025-01-06,276,999.0,0.0,450,67.0,0.0,0.0,42.0,0.0,0.0,42.0,0.0,42.0,0.0,0.0,2025,1,2,1
230,2025-01-27,26,999.0,0.5,450,67.0,57.0,94.0,276.0,42.0,0.0,159.0,165.46298679765212,159.0,-10.0,151.0,2025,1,5,1
230,2025-02-03,175,999.0,0.0,450,67.0,57.0,94.0,26.0,276.0,0.0,114.66666666666667,139.94760924479323,114.66666666666667,-10.0,151.0,2025,2,6,1
230,2025-02-10,61,999.0,0.6666666666666666,450,67.0,207.0,59.0,175.0,26.0,42.0,129.75,118.1817103729112,129.75,140.0,266.0,2025,2,7,1
230,2025-02-24,39,999.0,0.5,450,67.0,24.0,62.0,61.0,175.0,276.0,134.5,113.77902560079633,116.0,-43.0,86.0,2025,2,9,1
230,2025-03-03,184,999.0,1.0,450,67.0,24.0,62.0,39.0,61.0,26.0,75.25,68.05083883881717,103.16666666666667,-43.0,86.0,2025,3,10,1
230,2025-03-10,84,999.0,0.5,450,67.0,168.0,23.0,184.0,39.0,175.0,114.75,75.39396527574338,114.71428571428571,101.0,191.0,2025,3,11,1
230,2025-03-31,24,999.0,0.3333333333333333,450,67.0,168.0,23.0,84.0,184.0,61.0,92.0,64.02603637063076,110.875,101.0,191.0,2025,3,14,1
230,2025-04-07,49,999.0,0.0,450,67.0,49.0,85.0,24.0,84.0,39.0,82.75,72.15434844830907,108.625,-18.0,134.0,2025,4,15,2
230,2025-04-28,15,999.0,0.5,450,67.0,135.0,61.0,49.0,24.0,184.0,85.25,70.28216938408585,80.25,68.0,196.0,2025,4,18,2
230,2025-05-05,116,999.0,0.0,450,67.0,203.0,67.0,15.0,49.0,84.0,43.0,30.886890422961017,78.875,136.0,270.0,2025,5,19,2
230,2025-06-02,187,999.0,0.5,450,67.0,37.0,19.0,116.0,15.0,24.0,51.0,45.65815005742861,71.5,-30.0,56.0,2025,6,23,2
230,2025-06-09,77,999.0,0.2,450,67.0,50.0,90.0,187.0,116.0,49.0,91.75,76.11121248979461,87.25,-17.0,140.0,2025,6,24,2
230,2025-06-30,155,999.0,0.5,450,67.0,50.0,90.0,77.0,187.0,15.0,98.75,72.04801639647457,92.0,-17.0,140.0,2025,6,27,2
230,2025-07-07,115,999.0,0.25,450,67.0,50.0,90.0,155.0,77.0,116.0,133.75,47.689097286486785,88.375,-17.0,140.0,2025,7,28,3
230,2025-07-28,73,999.0,0.0,450,67.0,50.0,90.0,115.0,155.0,187.0,133.5,47.81561809004809,92.25,-17.0,140.0,2025,7,31,3
230,2025-08-04,124,999.0,0.5,450,67.0,50.0,90.0,73.0,115.0,77.0,105.0,38.331884030573484,98.375,-17.0,140.0,2025,8,32,3
230,2025-08-11,31,999.0,0.3333333333333333,450,67.0,48.0,14.0,124.0,73.0,155.0,116.75,33.82676455116572,107.75,-19.0,62.0,2025,8,33,3
230,2025-09-01,205,999.0,0.0,450,67.0,211.0,26.0,31.0,124.0,115.0,85.75,42.73464636568321,109.75,144.0,237.0,2025,9,36,3
230,2025-09-08,86,999.0,1.0,450,67.0,136.0,72.0,205.0,31.0,73.0,108.25,74.8748956593597,120.875,69.0,208.0,2025,9,37,3
230,2025-09-29,111,999.0,0.0,450,67.0,51.0,88.0,86.0,205.0,124.0,111.5,73.09582751429798,108.25,-16.0,139.0,2025,9,40,3
230,2025-10-06,108,999.0,0.25,450,67.0,202.0,90.0,111.0,86.0,31.0,108.25,72.6423889107914,112.5,135.0,292.0,2025,10,41,4
230,2025-10-27,43,999.0,0.0,450,67.0,84.0,8.0,108.0,111.0,205.0,127.5,52.8551479675033,106.625,17.0,92.0,2025,10,44,4
230,2025-11-03,144,999.0,1.0,450,67.0,84.0,8.0,43.0,108.0,86.0,87.0,31.37939876203284,97.625,17.0,92.0,2025,11,45,4
230,2025-11-10,115,999.0,0.25,450,67.0,234.0,12.0,144.0,43.0,111.0,101.5,42.272922775696514,106.5,167.0,246.0,2025,11,46,4
230,2025-12-01,173,999.0,0.3333333333333333,450,67.0,190.0,11.0,115.0,144.0,108.0,102.5,42.61846235299127,105.375,123.0,201.0,2025,12,49,4
230,2025-12-08,52,999.0,0.25,450,67.0,190.0,11.0,173.0,115.0,43.0,118.75,55.77559203331389,123.125,123.0,201.0,2025,12,50,4
231,2024-12-30,107,0.0,0.0,1500,0.0,0.0,0.0,0.0,0.0,0.0,0.0,0.0,0.0,0.0,0.0,2024,12,1,4
231,2025-01-06,217,550.0,0.3333333333333333,1500,33.0,71.0,95.0,107.0,0.0,0.0,107.0,0.0,107.0,38.0,166.0,2025,1,2,1
231,2025-01-27,68,550.0,0.4,1500,33.0,166.0,68.0,217.0,107.0,0.0,162.0,77.78174593052023,162.0,133.0,234.0,2025,1,5,1
231,2025-02-03,135,550.0,1.0,1500,33.0,45.0,94.0,68.0,217.0,0.0,130.66666666666666,77.2679321150329,130.66666666666666,12.0,139.0,2025,2,6,1
231,2025-03-03,158,550.0,0.0,1500,33.0,163.0,8.0,135.0,68.0,107.0,131.75,63.12619635830014,131.75,130.0,171.0,2025,3,10,1
231,2025-03-10,28,550.0,0.5,1500,33.0,239.0,2.0,158.0,135.0,217.0,144.5,61.59274849092762,137.0,206.0,241.0,2025,3,11,1
231,2025-03-31,98,550.0,0.0,1500,33.0,248.0,29.0,28.0,158.0,68.0,97.25,59.90756769112452,118.83333333333333,215.0,277.0,2025,3,14,1
231,2025-04-07,59,550.0,0.3333333333333333,1500,33.0,248.0,29.0,98.0,28.0,135.0,104.75,56.823557321472464,115.85714285714286,215.0,277.0,2025,4,15,2
231,2025-04-28,110,550.0,0.0,1500,33.0,34.0,4.0,59.0,98.0,158.0,85.75,56.037933580745104,108.75,1.0,38.0,2025,4,18,2
231,2025-05-05,99,550.0,0.3333333333333333,1500,33.0,181.0,59.0,110.0,59.0,28.0,73.75,37.473323845103465,109.125,148.0,240.0,2025,5,19,2
231,2025-05-26,79,550.0,0.0,1500,33.0,249.0,9.0,99.0,110.0,98.0,91.5,22.338307903688676,94.375,216.0,258.0,2025,5,22,2
231,2025-06-02,140,550.0,1.0,1500,33.0,179.0,96.0,79.0,99.0,59.0,86.75,22.51480994071828,95.75,146.0,275.0,2025,6,23,2
231,2025-06-09,34,550.0,0.0,1500,33.0,120.0,5.0,140.0,79.0,110.0,107.0,25.468935326524086,96.375,87.0,125.0,2025,6,24,2
231,2025-06-30,127,550.0,0.0,1500,33.0,120.0,5.0,34.0,140.0,99.0,88.0,44.05299838452164,80.875,87.0,125.0,2025,6,27,2
231,2025-07-07,70,550.0,1.0,1500,33.0,111.0,41.0,127.0,34.0,79.0,95.0,48.394214530251446,93.25,78.0,152.0,2025,7,28,3
231,2025-07-28,22,550.0,0.0,1500,33.0,111.0,41.0,70.0,127.0,140.0,92.75,49.580742229216376,89.75,78.0,152.0,2025,7,31,3
231,2025-08-04,152,550.0,0.0,1500,33.0,111.0,41.0,22.0,70.0,34.0,63.25,47.14074670600796,85.125,78.0,152.0,2025,8,32,3
231,2025-08-11,56,550.0,0.25,1500,33.0,82.0,1.0,152.0,22.0,127.0,92.75,58.3288093483829,90.375,49.0,83.0,2025,8,33,3
231,2025-09-01,190,550.0,0.5,1500,33.0,82.0,1.0,56.0,152.0,70.0,75.0,55.14828495368948,85.0,49.0,83.0,2025,9,36,3
231,2025-09-08,135,550.0,0.2,1500,33.0,136.0,59.0,190.0,56.0,22.0,105.0,79.00210967647214,98.875,103.0,195.0,2025,9,37,3
231,2025-09-29,24,550.0,0.0,1500,33.0,136.0,59.0,135.0,190.0,152.0,133.25,56.399615837935166,98.25,103.0,195.0,2025,9,40,3
231,2025-10-06,159,550.0,0.0,1500,33.0,184.0,76.0,24.0,135.0,56.0,101.25,75.34531615612657,97.0,151.0,260.0,2025,10,41,4
231,2025-10-27,98,550.0,0.4,1500,33.0,71.0,84.0,159.0,24.0,190.0,127.0,72.26340706055868,101.0,38.0,155.0,2025,10,44,4
231,2025-11-03,222,550.0,1.0,1500,33.0,21.0,64.0,98.0,159.0,135.0,104.0,58.94064811316551,104.5,-12.0,85.0,2025,11,45,4
231,2025-11-10,69,550.0,0.3333333333333333,1500,33.0,198.0,95.0,222.0,98.0,24.0,125.75,84.64189270095513,129.5,165.0,293.0,2025,11,46,4
231,2025-12-01,45,550.0,0.5,1500,33.0,198.0,95.0,69.0,222.0,159.0,137.0,67.95586803212802,119.125,165.0,293.0,2025,12,49,4
231,2025-12-08,65,550.0,0.0,1500,33.0,23.0,78.0,45.0,69.0,98.0,108.5,78.70832230456955,117.75,-10.0,101.0,2025,12,50,4
232,2024-12-30,121,0.0,0.0,600,0.0,0.0,0.0,0.0,0.0,0.0,0.0,0.0,0.0,0.0,0.0,2024,12,1,4
232,2025-01-06,97,700.0,0.5,600,94.0,73.0,73.0,121.0,0.0,0.0,121.0,0.0,121.0,-21.0,146.0,2025,1,2,1
232,2025-01-27,15,700.0,0.0,600,94.0,44.0,98.0,97.0,121.0,0.0,109.0,16.97056274847714,109.0,-50.0,142.0,2025,1,5,1
232,2025-02-03,173,700.0,0.0,600,94.0,93.0,85.0,15.0,97.0,0.0,77.66666666666667,55.58177159225256,77.66666666666667,-1.0,178.0,2025,2,6,1
232,2025-02-24,25,700.0,0.5,600,94.0,216.0,45.0,173.0,15.0,121.0,101.5,65.81539840088082,101.5,122.0,261.0,2025,2,9,1
232,2025-03-03,235,700.0,0.0,600,94.0,51.0,42.0,25.0,173.0,97.0,77.5,73.4007266085743,86.2,-43.0,93.0,2025,3,10,1
232,2025-03-31,86,700.0,0.16666666666666666,600,94.0,41.0,66.0,235.0,25.0,15.0,112.0,109.28250851196026,111.0,-53.0,107.0,2025,3,14,1
232,2025-04-07,244,700.0,1.0,600,94.0,214.0,13.0,86.0,235.0,173.0,129.75,92.79861708739702,107.42857142857143,120.0,227.0,2025,4,15,2
232,2025-04-28,113,700.0,0.5,600,94.0,214.0,56.0,244.0,86.0,25.0,147.5,109.17417276993676,124.5,120.0,270.0,2025,4,18,2
232,2025-05-05,63,700.0,0.0,600,94.0,120.0,20.0,113.0,244.0,235.0,169.5,81.65986366222597,123.5,26.0,140.0,2025,5,19,2
232,2025-05-26,21,700.0,1.0,600,94.0,120.0,20.0,63.0,113.0,86.0,126.5,80.95471985416704,119.25,26.0,140.0,2025,5,22,2
232,2025-06-02,126,700.0,0.0,600,94.0,27.0,11.0,21.0,63.0,244.0,110.25,96.77249953714467,120.0,-67.0,38.0,2025,6,23,2
232,2025-06-30,143,700.0,0.0,600,94.0,27.0,11.0,126.0,21.0,113.0,80.75,48.21047603996459,114.125,-67.0,38.0,2025,6,27,2
232,2025-07-07,101,700.0,0.5,600,94.0,153.0,63.0,143.0,126.0,63.0,88.25,56.51769634371167,128.875,59.0,216.0,2025,7,28,3
232,2025-08-04,107,700.0,0.25,600,94.0,153.0,63.0,101.0,143.0,21.0,97.75,53.99614183748069,112.125,59.0,216.0,2025,8,32,3
232,2025-08-11,16,700.0,0.0,600,94.0,17.0,68.0,107.0,101.0,126.0,119.25,19.0853346839923,114.75,-77.0,85.0,2025,8,33,3
232,2025-09-01,122,700.0,0.0,600,94.0,17.0,68.0,16.0,107.0,143.0,91.75,53.798234171764406,86.25,-77.0,85.0,2025,9,36,3
232,2025-09-08,122,700.0,0.5,600,94.0,83.0,16.0,122.0,16.0,101.0,86.5,47.82258880487337,87.375,-11.0,99.0,2025,9,37,3
232,2025-09-29,75,700.0,0.0,600,94.0,104.0,67.0,122.0,122.0,107.0,91.75,50.99264652869078,94.75,10.0,171.0,2025,9,40,3
232,2025-10-06,147,700.0,0.0,600,94.0,68.0,8.0,75.0,122.0,16.0,83.75,50.30821669137822,101.5,-26.0,76.0,2025,10,41,4
232,2025-11-03,160,700.0,0.5,600,94.0,89.0,98.0,147.0,75.0,122.0,116.5,30.072135496724087,104.125,-5.0,187.0,2025,11,45,4
232,2025-11-10,79,700.0,0.5,600,94.0,45.0,61.0,160.0,147.0,122.0,126.0,37.47888294315435,106.25,-49.0,106.0,2025,11,46,4
232,2025-12-01,213,700.0,0.0,600,94.0,144.0,71.0,79.0,160.0,75.0,115.25,44.51497875247536,103.5,50.0,215.0,2025,12,49,4
232,2025-12-08,111,700.0,0.2,600,94.0,126.0,32.0,213.0,79.0,147.0,149.75,55.13241635674364,116.75,32.0,158.0,2025,12,50,4
233,2024-12-30,155,0.0,0.0,2200,0.0,0.0,0.0,0.0,0.0,0.0,0.0,0.0,0.0,0.0,0.0,2024,12,1,4
233,2025-01-06,111,550.0,0.3333333333333333,2200,67.0,45.0,88.0,155.0,0.0,0.0,155.0,0.0,155.0,-22.0,133.0,2025,1,2,1
233,2025-01-27,133,550.0,0.5,2200,67.0,226.0,85.0,111.0,155.0,0.0,133.0,31.11269837220809,133.0,159.0,311.0,2025,1,5,1
233,2025-02-03,165,550.0,0.0,2200,67.0,192.0,17.0,133.0,111.0,0.0,133.0,22.0,133.0,125.0,209.0,2025,2,6,1
233,2025-02-10,68,550.0,0.0,2200,67.0,176.0,72.0,165.0,133.0,155.0,141.0,24.055491403558285,141.0,109.0,248.0,2025,2,7,1
233,2025-02-24,25,550.0,0.0,2200,67.0,176.0,72.0,68.0,165.0,111.0,119.25,40.72980071970236,126.4,109.0,248.0,2025,2,9,1
233,2025-03-10,98,550.0,0.0,2200,67.0,176.0,72.0,25.0,68.0,133.0,97.75,63.094505835822716,109.5,109.0,248.0,2025,3,11,1
233,2025-03-31,64,550.0,0.3333333333333333,2200,67.0,92.0,85.0,98.0,25.0,165.0,89.0,58.86141916966211,107.85714285714286,25.0,177.0,2025,3,14,1
233,2025-04-07,68,550.0,1.0,2200,67.0,92.0,85.0,64.0,98.0,68.0,63.75,29.95969514753669,102.375,25.0,177.0,2025,4,15,2
233,2025-04-28,73,550.0,0.0,2200,67.0,198.0,49.0,68.0,64.0,25.0,63.75,29.95969514753669,91.5,131.0,247.0,2025,4,18,2
233,2025-05-05,160,550.0,0.5,2200,67.0,162.0,2.0,73.0,68.0,98.0,75.75,15.283433296656005,86.75,95.0,164.0,2025,5,19,2
233,2025-06-02,181,550.0,0.25,2200,67.0,12.0,95.0,160.0,73.0,64.0,91.25,45.98097432634503,90.125,-55.0,107.0,2025,6,23,2
233,2025-06-09,27,550.0,0.2,2200,67.0,72.0,78.0,181.0,160.0,68.0,120.5,58.40376700179536,92.125,5.0,150.0,2025,6,24,2
233,2025-06-30,98,550.0,0.0,2200,67.0,27.0,94.0,27.0,181.0,73.0,110.25,72.56893274673399,87.0,-40.0,121.0,2025,6,27,2
233,2025-07-07,90,550.0,0.0,2200,67.0,196.0,47.0,98.0,27.0,160.0,116.5,69.29405938943589,96.125,129.0,243.0,2025,7,28,3
233,2025-07-28,79,550.0,0.0,2200,67.0,234.0,38.0,90.0,98.0,181.0,99.0,63.21919539717875,95.125,167.0,272.0,2025,7,31,3
233,2025-08-04,101,550.0,0.0,2200,67.0,41.0,16.0,79.0,90.0,27.0,73.5,31.963520874063104,97.0,-26.0,57.0,2025,8,32,3
233,2025-08-11,70,550.0,0.3333333333333333,2200,67.0,214.0,65.0,101.0,79.0,98.0,92.0,9.831920802501804,101.125,147.0,279.0,2025,8,33,3
233,2025-09-01,71,550.0,1.0,2200,67.0,75.0,54.0,70.0,101.0,90.0,85.0,13.441230102437341,100.75,8.0,129.0,2025,9,36,3
233,2025-09-08,24,550.0,0.3333333333333333,2200,67.0,98.0,58.0,71.0,70.0,79.0,80.25,14.407752542757471,89.625,31.0,156.0,2025,9,37,3
233,2025-09-29,68,550.0,0.0,2200,67.0,66.0,41.0,24.0,71.0,101.0,66.5,31.775252424908725,70.0,-1.0,107.0,2025,9,40,3
233,2025-10-06,116,550.0,0.5,2200,67.0,66.0,41.0,68.0,24.0,70.0,58.25,22.867371223353764,75.125,-1.0,107.0,2025,10,41,4
233,2025-10-27,25,550.0,0.5,2200,67.0,22.0,11.0,116.0,68.0,71.0,69.75,37.57991484822712,77.375,-45.0,33.0,2025,10,44,4
233,2025-11-03,125,550.0,0.0,2200,67.0,200.0,96.0,25.0,116.0,24.0,58.25,43.622433066791075,69.25,133.0,296.0,2025,11,45,4
233,2025-11-10,120,550.0,0.5,2200,67.0,161.0,45.0,125.0,25.0,68.0,83.5,46.33573135281239,75.0,94.0,206.0,2025,11,46,4
233,2025-12-01,201,550.0,0.5,2200,67.0,205.0,9.0,120.0,125.0,116.0,96.5,47.80864635886136,77.375,138.0,214.0,2025,12,49,4
233,2025-12-08,125,550.0,0.2,2200,67.0,69.0,81.0,201.0,120.0,25.0,117.75,72.08964326910397,93.75,2.0,150.0,2025,12,50,4
234,2024-12-30,237,0.0,0.0,750,0.0,0.0,0.0,0.0,0.0,0.0,0.0,0.0,0.0,0.0,0.0,2024,12,1,4
234,2025-01-06,86,650.0,0.75,750,48.0,137.0,87.0,237.0,0.0,0.0,237.0,0.0,237.0,89.0,224.0,2025,1,2,1
234,2025-02-03,183,650.0,0.5,750,48.0,221.0,48.0,86.0,237.0,0.0,161.5,106.77312395916867,161.5,173.0,269.0,2025,2,6,1
234,2025-02-24,31,650.0,0.5,750,48.0,137.0,95.0,183.0,86.0,0.0,168.66666666666666,76.51361534611557,168.66666666666666,89.0,232.0,2025,2,9,1
234,2025-03-03,89,650.0,0.0,750,48.0,109.0,87.0,31.0,183.0,237.0,134.25,92.95653105977367,134.25,61.0,196.0,2025,3,10,1
234,2025-03-10,58,650.0,0.0,750,48.0,216.0,7.0,89.0,31.0,86.0,97.25,63.07865460412632,125.2,168.0,223.0,2025,3,11,1
234,2025-03-31,134,650.0,0.5,750,48.0,234.0,48.0,58.0,89.0,183.0,90.25,66.21870329949589,114.0,186.0,282.0,2025,3,14,1
234,2025-04-07,108,650.0,0.6666666666666666,750,48.0,234.0,48.0,134.0,58.0,31.0,78.0,44.219151205482596,116.85714285714286,186.0,282.0,2025,4,15,2
234,2025-05-05,131,650.0,0.0,750,48.0,153.0,57.0,108.0,134.0,89.0,97.25,32.01431971269523,115.75,105.0,210.0,2025,5,19,2
234,2025-05-12,31,650.0,0.0,750,48.0,118.0,44.0,131.0,108.0,58.0,107.75,35.14138111495715,102.5,70.0,162.0,2025,5,20,2
234,2025-05-26,59,650.0,1.0,750,48.0,118.0,44.0,31.0,131.0,134.0,101.0,48.09019304043878,95.625,70.0,162.0,2025,5,22,2
234,2025-06-02,144,650.0,1.0,750,48.0,118.0,44.0,59.0,31.0,108.0,82.25,45.48534562545025,80.125,70.0,162.0,2025,6,23,2
234,2025-06-09,55,650.0,0.6666666666666666,750,48.0,55.0,64.0,144.0,59.0,131.0,91.25,54.87182033308779,94.25,7.0,119.0,2025,6,24,2
234,2025-06-30,119,650.0,0.0,750,48.0,55.0,64.0,55.0,144.0,31.0,72.25,49.40563395673277,90.0,7.0,119.0,2025,6,27,2
234,2025-07-07,93,650.0,0.25,750,48.0,208.0,96.0,119.0,55.0,59.0,94.25,44.23705083599795,97.625,160.0,304.0,2025,7,28,3
234,2025-07-28,67,650.0,0.3333333333333333,750,48.0,222.0,66.0,93.0,119.0,144.0,102.75,38.03835783346419,92.5,174.0,288.0,2025,7,31,3
234,2025-08-04,162,650.0,0.0,750,48.0,222.0,66.0,67.0,93.0,55.0,83.5,28.489764243788798,87.375,174.0,288.0,2025,8,32,3
234,2025-08-11,62,650.0,0.2,750,48.0,221.0,98.0,162.0,67.0,119.0,110.25,40.50822961654418,91.25,173.0,319.0,2025,8,33,3
234,2025-09-01,50,650.0,0.0,750,48.0,224.0,4.0,62.0,162.0,93.0,96.0,46.05069670120819,95.125,176.0,228.0,2025,9,36,3
234,2025-09-08,30,650.0,0.0,750,48.0,224.0,4.0,50.0,62.0,67.0,85.25,51.66155888730678,94.0,176.0,228.0,2025,9,37,3
234,2025-09-29,43,650.0,0.0,750,48.0,170.0,55.0,30.0,50.0,162.0,76.0,58.83309726109389,79.75,122.0,225.0,2025,9,40,3
234,2025-10-06,71,650.0,0.0,750,48.0,71.0,25.0,43.0,30.0,62.0,46.25,13.375973484822199,78.25,23.0,96.0,2025,10,41,4
234,2025-11-03,152,650.0,0.0,750,48.0,71.0,25.0,71.0,43.0,50.0,48.5,17.136705245369264,72.25,23.0,96.0,2025,11,45,4
234,2025-11-10,119,650.0,0.3333333333333333,750,48.0,241.0,68.0,152.0,71.0,30.0,74.0,54.741818262336395,79.625,193.0,309.0,2025,11,46,4
234,2025-12-01,215,650.0,0.6666666666666666,750,48.0,209.0,32.0,119.0,152.0,43.0,96.25,48.64411577981451,86.125,161.0,241.0,2025,12,49,4
234,2025-12-08,108,650.0,0.5,750,48.0,209.0,32.0,215.0,119.0,71.0,139.25,60.466933112239126,92.75,161.0,241.0,2025,12,50,4
235,2024-12-30,55,0.0,0.0,900,0.0,0.0,0.0,0.0,0.0,0.0,0.0,0.0,0.0,0.0,0.0,2024,12,1,4
235,2025-01-06,192,850.0,0.5,900,67.0,0.0,0.0,55.0,0.0,0.0,55.0,0.0,55.0,0.0,0.0,2025,1,2,1
235,2025-02-03,82,850.0,0.25,900,67.0,169.0,68.0,192.0,55.0,0.0,123.5,96.87362902255701,123.5,102.0,237.0,2025,2,6,1
235,2025-02-10,41,850.0,0.0,900,67.0,32.0,86.0,82.0,192.0,0.0,109.66666666666667,72.56950691119056,109.66666666666667,-35.0,118.0,2025,2,7,1
235,2025-02-24,57,850.0,1.0,900,67.0,181.0,95.0,41.0,82.0,55.0,92.5,68.48114095622726,92.5,114.0,276.0,2025,2,9,1
235,2025-03-03,188,850.0,1.0,900,67.0,181.0,95.0,57.0,41.0,192.0,93.0,68.12243878977519,85.4,114.0,276.0,2025,3,10,1
235,2025-03-10,21,850.0,0.25,900,67.0,41.0,30.0,188.0,57.0,82.0,92.0,66.18660488850193,102.5,-26.0,71.0,2025,3,11,1
235,2025-03-31,31,850.0,0.0,900,67.0,41.0,30.0,21.0,188.0,41.0,76.75,75.61470315575757,90.85714285714286,-26.0,71.0,2025,3,14,1
235,2025-04-07,134,850.0,0.0,900,67.0,180.0,76.0,31.0,21.0,57.0,74.25,77.33638643398506,83.375,113.0,256.0,2025,4,15,2
235,2025-04-28,79,850.0,0.25,900,67.0,75.0,77.0,134.0,31.0,188.0,93.5,81.10281540530308,93.25,8.0,152.0,2025,4,18,2
235,2025-05-05,114,850.0,0.0,900,67.0,75.0,77.0,79.0,134.0,21.0,66.25,51.77756914597929,79.125,8.0,152.0,2025,5,19,2
235,2025-05-26,31,850.0,0.25,900,67.0,86.0,87.0,114.0,79.0,31.0,89.5,45.140521338002586,83.125,19.0,173.0,2025,5,22,2
235,2025-06-02,150,850.0,0.0,900,67.0,100.0,77.0,31.0,114.0,134.0,89.5,45.140521338002586,81.875,33.0,177.0,2025,6,23,2
235,2025-06-09,89,850.0,0.3333333333333333,900,67.0,19.0,20.0,150.0,31.0,79.0,93.5,50.75759384893391,93.5,-48.0,39.0,2025,6,24,2
235,2025-06-30,152,850.0,0.3333333333333333,900,67.0,241.0,25.0,89.0,150.0,114.0,96.0,50.04664490919113,81.125,174.0,266.0,2025,6,27,2
235,2025-07-07,86,850.0,1.0,900,67.0,241.0,25.0,152.0,89.0,31.0,105.5,57.633902060043326,97.5,174.0,266.0,2025,7,28,3
235,2025-07-28,94,850.0,0.5,900,67.0,172.0,48.0,86.0,152.0,150.0,119.25,36.69127961791467,104.375,105.0,220.0,2025,7,31,3
235,2025-08-04,56,850.0,0.5,900,67.0,203.0,34.0,94.0,86.0,89.0,105.25,31.34086788842964,99.375,136.0,237.0,2025,8,32,3
235,2025-09-01,82,850.0,0.0,900,67.0,38.0,57.0,56.0,94.0,152.0,97.0,40.149719799769464,96.5,-29.0,95.0,2025,9,36,3
235,2025-09-08,79,850.0,0.0,900,67.0,171.0,52.0,82.0,56.0,86.0,79.5,16.44181660685137,92.5,104.0,223.0,2025,9,37,3
235,2025-09-29,57,850.0,0.3333333333333333,900,67.0,203.0,22.0,79.0,82.0,94.0,77.75,15.882380174268595,98.5,136.0,225.0,2025,9,40,3
235,2025-10-06,144,850.0,0.5,900,67.0,203.0,22.0,57.0,79.0,56.0,68.5,13.916417163432072,86.875,136.0,225.0,2025,10,41,4
235,2025-10-27,105,850.0,0.25,900,67.0,28.0,18.0,144.0,57.0,82.0,90.5,37.36754384935319,93.75,-39.0,46.0,2025,10,44,4
235,2025-11-03,190,850.0,1.0,900,67.0,28.0,18.0,105.0,144.0,79.0,96.25,37.39318119657647,87.875,-39.0,46.0,2025,11,45,4
235,2025-11-10,69,850.0,0.4,900,67.0,97.0,89.0,190.0,105.0,57.0,124.0,56.586217403180434,100.875,30.0,186.0,2025,11,46,4
235,2025-12-01,113,850.0,0.5,900,67.0,41.0,20.0,69.0,190.0,144.0,127.0,51.980765673468106,97.75,-26.0,61.0,2025,12,49,4
235,2025-12-08,42,850.0,0.3333333333333333,900,67.0,41.0,20.0,113.0,69.0,105.0,119.25,50.901047795371234,104.875,-26.0,61.0,2025,12,50,4
236,2024-12-30,91,0.0,0.0,600,0.0,0.0,0.0,0.0,0.0,0.0,0.0,0.0,0.0,0.0,0.0,2024,12,1,4
236,2025-01-06,96,350.0,0.3333333333333333,600,21.0,33.0,42.0,91.0,0.0,0.0,91.0,0.0,91.0,12.0,75.0,2025,1,2,1
236,2025-01-27,27,350.0,0.0,600,21.0,33.0,42.0,96.0,91.0,0.0,93.5,3.5355339059327378,93.5,12.0,75.0,2025,1,5,1
236,2025-02-03,114,350.0,0.0,600,21.0,33.0,42.0,27.0,96.0,0.0,71.33333333333333,38.47510017314228,71.33333333333333,12.0,75.0,2025,2,6,1
236,2025-02-10,32,350.0,0.3333333333333333,600,21.0,33.0,42.0,114.0,27.0,91.0,82.0,37.97367509209505,82.0,12.0,75.0,2025,2,7,1
236,2025-03-03,329,350.0,0.0,600,21.0,91.0,31.0,32.0,114.0,96.0,67.25,44.252118593350986,72.0,70.0,122.0,2025,3,10,1
236,2025-03-10,19,350.0,0.6666666666666666,600,21.0,36.0,96.0,329.0,32.0,27.0,125.5,141.40839201876716,114.83333333333333,15.0,132.0,2025,3,11,1
236,2025-03-31,65,350.0,1.0,600,21.0,36.0,96.0,19.0,329.0,114.0,123.5,143.30968797212094,101.14285714285714,15.0,132.0,2025,3,14,1
236,2025-04-07,29,350.0,0.0,600,21.0,36.0,96.0,65.0,19.0,32.0,111.25,146.45221063541513,96.625,15.0,132.0,2025,4,15,2
236,2025-04-28,73,350.0,0.0,600,21.0,36.0,96.0,29.0,65.0,329.0,110.5,147.0,88.875,15.0,132.0,2025,4,18,2
236,2025-05-05,114,350.0,0.5,600,21.0,161.0,25.0,73.0,29.0,19.0,46.5,26.501572280401213,86.0,140.0,186.0,2025,5,19,2
236,2025-05-26,24,350.0,0.6666666666666666,600,21.0,166.0,25.0,114.0,73.0,65.0,70.25,34.88433268197434,96.875,145.0,191.0,2025,5,22,2
236,2025-06-02,126,350.0,0.0,600,21.0,16.0,25.0,24.0,114.0,29.0,60.0,42.197946237544116,85.625,-5.0,41.0,2025,6,23,2
236,2025-06-09,137,350.0,0.25,600,21.0,17.0,9.0,126.0,24.0,73.0,84.25,46.132960017757334,97.375,-4.0,26.0,2025,6,24,2
236,2025-06-30,81,350.0,0.3333333333333333,600,21.0,36.0,31.0,137.0,126.0,114.0,100.25,51.69381007432125,73.375,15.0,67.0,2025,6,27,2
236,2025-07-07,125,350.0,0.0,600,21.0,194.0,28.0,81.0,137.0,24.0,92.0,51.40038910358555,81.125,173.0,222.0,2025,7,28,3
236,2025-07-28,53,350.0,0.0,600,21.0,132.0,30.0,125.0,81.0,126.0,117.25,24.770614310778207,88.625,111.0,162.0,2025,7,31,3
236,2025-08-04,314,350.0,1.0,600,21.0,209.0,88.0,53.0,125.0,137.0,99.0,38.98717737923581,91.625,188.0,297.0,2025,8,32,3
236,2025-08-11,25,350.0,0.6666666666666666,600,21.0,134.0,12.0,314.0,53.0,81.0,143.25,117.62759030091536,121.75,113.0,146.0,2025,8,33,3
236,2025-09-01,131,350.0,0.0,600,21.0,134.0,12.0,25.0,314.0,125.0,129.25,130.17008104783525,110.625,113.0,146.0,2025,9,36,3
236,2025-09-08,130,350.0,0.6666666666666666,600,21.0,70.0,9.0,131.0,25.0,53.0,130.75,130.13934839240588,124.0,49.0,79.0,2025,9,37,3
236,2025-09-29,231,350.0,0.3333333333333333,600,21.0,164.0,72.0,130.0,131.0,314.0,150.0,120.11383489562445,124.5,143.0,236.0,2025,9,40,3
236,2025-10-06,115,350.0,0.6666666666666666,600,21.0,136.0,3.0,231.0,130.0,25.0,129.25,84.11252383959635,136.25,115.0,139.0,2025,10,41,4
236,2025-10-27,21,350.0,0.5,600,21.0,219.0,26.0,115.0,231.0,131.0,151.75,53.33776023294065,140.5,198.0,245.0,2025,10,44,4
236,2025-11-03,223,350.0,0.0,600,21.0,176.0,80.0,21.0,115.0,130.0,124.25,85.97431787070678,127.5,155.0,256.0,2025,11,45,4
236,2025-11-10,27,350.0,0.0,600,21.0,181.0,91.0,223.0,21.0,231.0,147.5,99.55065712155462,148.75,160.0,272.0,2025,11,46,4
236,2025-12-01,22,350.0,1.0,600,21.0,181.0,91.0,27.0,223.0,115.0,96.5,94.64847243000456,112.875,160.0,272.0,2025,12,49,4
236,2025-12-08,94,350.0,0.0,600,21.0,156.0,38.0,22.0,27.0,21.0,73.25,99.86782932122503,112.5,135.0,194.0,2025,12,50,4
237,2024-12-30,76,0.0,0.0,450,0.0,0.0,0.0,0.0,0.0,0.0,0.0,0.0,0.0,0.0,0.0,2024,12,1,4
237,2025-01-06,155,999.0,1.0,450,97.0,0.0,0.0,76.0,0.0,0.0,76.0,0.0,76.0,0.0,0.0,2025,1,2,1
237,2025-01-27,65,999.0,0.3333333333333333,450,97.0,186.0,54.0,155.0,76.0,0.0,115.5,55.86143571373726,115.5,89.0,240.0,2025,1,5,1
237,2025-02-03,53,999.0,0.5,450,97.0,249.0,23.0,65.0,155.0,0.0,98.66666666666667,49.09514572066502,98.66666666666667,152.0,272.0,2025,2,6,1
237,2025-02-10,24,999.0,0.0,450,97.0,134.0,83.0,53.0,65.0,76.0,87.25,46.13296001775737,87.25,37.0,217.0,2025,2,7,1
237,2025-03-03,235,999.0,0.0,450,97.0,134.0,83.0,24.0,53.0,155.0,74.25,56.51769634371168,74.6,37.0,217.0,2025,3,10,1
237,2025-03-10,76,999.0,0.25,450,97.0,248.0,25.0,235.0,24.0,65.0,94.25,95.3987246595397,101.33333333333333,151.0,273.0,2025,3,11,1
237,2025-03-31,165,999.0,0.0,450,97.0,248.0,25.0,76.0,235.0,53.0,97.0,94.42810316143529,97.71428571428571,151.0,273.0,2025,3,14,1
237,2025-04-07,86,999.0,0.4,450,97.0,247.0,23.0,165.0,76.0,24.0,125.0,93.63403939451365,106.125,150.0,270.0,2025,4,15,2
237,2025-04-28,112,999.0,0.0,450,97.0,241.0,73.0,86.0,165.0,235.0,140.5,74.52292712089795,107.375,144.0,314.0,2025,4,18,2
237,2025-05-05,35,999.0,0.3333333333333333,450,97.0,163.0,73.0,112.0,86.0,76.0,109.75,39.83612263595275,102.0,66.0,236.0,2025,5,19,2
237,2025-05-12,24,999.0,1.0,450,97.0,248.0,34.0,35.0,112.0,165.0,99.5,54.12639528609555,98.25,151.0,282.0,2025,5,20,2
237,2025-05-26,26,999.0,1.0,450,97.0,248.0,34.0,24.0,35.0,86.0,64.25,41.74825345648207,94.625,151.0,282.0,2025,5,22,2
237,2025-06-02,203,999.0,0.0,450,97.0,248.0,34.0,26.0,24.0,112.0,49.25,42.10601698886593,94.875,151.0,282.0,2025,6,23,2
237,2025-06-09,60,999.0,0.5,450,97.0,112.0,23.0,203.0,26.0,35.0,72.0,87.46427842267951,90.875,15.0,135.0,2025,6,24,2
237,2025-06-30,90,999.0,1.0,450,97.0,112.0,23.0,60.0,203.0,24.0,78.25,84.79141072852445,88.875,15.0,135.0,2025,6,27,2
237,2025-07-07,100,999.0,0.3333333333333333,450,97.0,211.0,97.0,90.0,60.0,26.0,94.75,76.75665009191928,79.5,114.0,308.0,2025,7,28,3
237,2025-07-28,111,999.0,0.0,450,97.0,211.0,97.0,100.0,90.0,203.0,113.25,62.200616288479544,81.25,114.0,308.0,2025,7,31,3
237,2025-08-04,55,999.0,1.0,450,97.0,211.0,97.0,111.0,100.0,60.0,90.25,21.91460700081112,81.125,114.0,308.0,2025,8,32,3
237,2025-08-11,65,999.0,0.5,450,97.0,48.0,33.0,55.0,111.0,90.0,89.0,24.234960972391377,83.625,-49.0,81.0,2025,8,33,3
237,2025-09-01,82,999.0,1.0,450,97.0,48.0,33.0,65.0,55.0,100.0,82.75,26.961392150010848,88.75,-49.0,81.0,2025,9,36,3
237,2025-09-08,43,999.0,0.3333333333333333,450,97.0,107.0,97.0,82.0,65.0,111.0,78.25,24.513601666557825,95.75,10.0,204.0,2025,9,37,3
237,2025-09-29,79,999.0,0.0,450,97.0,113.0,88.0,43.0,82.0,55.0,61.25,16.499999999999993,75.75,16.0,201.0,2025,9,40,3
237,2025-10-06,185,999.0,0.0,450,97.0,113.0,88.0,79.0,43.0,65.0,67.25,17.783419243778734,78.125,16.0,201.0,2025,10,41,4
237,2025-10-27,77,999.0,0.5,450,97.0,113.0,88.0,185.0,79.0,82.0,97.25,61.12487218800543,90.0,16.0,201.0,2025,10,44,4
237,2025-11-03,101,999.0,0.0,450,97.0,145.0,8.0,77.0,185.0,43.0,96.0,61.590042485237284,87.125,48.0,153.0,2025,11,45,4
237,2025-11-10,109,999.0,0.0,450,97.0,38.0,10.0,101.0,77.0,79.0,110.5,50.84289527554464,85.875,-59.0,48.0,2025,11,46,4
237,2025-12-01,147,999.0,0.0,450,97.0,125.0,63.0,109.0,101.0,185.0,118.0,46.690470119715,92.625,28.0,188.0,2025,12,49,4
237,2025-12-08,174,999.0,0.25,450,97.0,140.0,59.0,147.0,109.0,77.0,108.5,29.04594062285927,102.875,43.0,199.0,2025,12,50,4
238,2024-12-30,158,0.0,0.0,700,0.0,0.0,0.0,0.0,0.0,0.0,0.0,0.0,0.0,0.0,0.0,2024,12,1,4
238,2025-01-06,81,1500.0,0.25,700,59.0,76.0,98.0,158.0,0.0,0.0,158.0,0.0,158.0,17.0,174.0,2025,1,2,1
238,2025-02-03,195,1500.0,0.5,700,59.0,43.0,58.0,81.0,158.0,0.0,119.5,54.44722215136416,119.5,-16.0,101.0,2025,2,6,1
238,2025-02-10,105,1500.0,0.6666666666666666,700,59.0,173.0,38.0,195.0,81.0,0.0,144.66666666666666,58.157831229623184,144.66666666666666,114.0,211.0,2025,2,7,1
238,2025-03-03,179,1500.0,0.5,700,59.0,112.0,46.0,105.0,195.0,158.0,134.75,51.46115039522533,134.75,53.0,158.0,2025,3,10,1
238,2025-03-10,53,1500.0,0.2,700,59.0,37.0,23.0,179.0,105.0,81.0,140.0,55.53377350765928,143.6,-22.0,60.0,2025,3,11,1
238,2025-03-31,140,1500.0,0.0,700,59.0,37.0,23.0,53.0,179.0,195.0,133.0,66.19164096268753,128.5,-22.0,60.0,2025,3,14,1
238,2025-04-07,104,1500.0,0.6666666666666666,700,59.0,132.0,97.0,140.0,53.0,105.0,119.25,53.518688324733816,130.14285714285714,73.0,229.0,2025,4,15,2
238,2025-04-28,96,1500.0,0.25,700,59.0,57.0,50.0,104.0,140.0,179.0,119.0,53.60970061472084,126.875,-2.0,107.0,2025,4,18,2
238,2025-05-05,233,1500.0,1.0,700,59.0,57.0,50.0,96.0,104.0,53.0,98.25,35.7246413557925,119.125,-2.0,107.0,2025,5,19,2
238,2025-05-12,22,1500.0,1.0,700,59.0,159.0,55.0,233.0,96.0,140.0,143.25,62.8191849676514,138.125,100.0,214.0,2025,5,20,2
238,2025-05-26,23,1500.0,0.0,700,59.0,235.0,2.0,22.0,233.0,104.0,113.75,87.6522484974953,116.5,176.0,237.0,2025,5,22,2
238,2025-06-02,81,1500.0,0.0,700,59.0,235.0,2.0,23.0,22.0,96.0,93.5,99.24548688311557,106.25,176.0,237.0,2025,6,23,2
238,2025-06-09,43,1500.0,0.5,700,59.0,147.0,44.0,81.0,23.0,233.0,89.75,99.40280009469888,94.0,88.0,191.0,2025,6,24,2
238,2025-06-30,25,1500.0,0.0,700,59.0,147.0,44.0,43.0,81.0,22.0,42.25,27.584717991429,92.75,88.0,191.0,2025,6,27,2
238,2025-07-07,98,1500.0,0.0,700,59.0,237.0,65.0,25.0,43.0,23.0,43.0,26.8824602048746,78.375,178.0,302.0,2025,7,28,3
238,2025-07-28,62,1500.0,0.6666666666666666,700,59.0,155.0,26.0,98.0,25.0,81.0,61.75,33.59935515254224,77.625,96.0,181.0,2025,7,31,3
238,2025-08-04,136,1500.0,0.5,700,59.0,61.0,32.0,62.0,98.0,43.0,57.0,31.23032714099123,73.375,2.0,93.0,2025,8,32,3
238,2025-09-01,177,1500.0,0.0,700,59.0,22.0,62.0,136.0,62.0,25.0,80.25,47.64014413636186,61.25,-37.0,84.0,2025,9,36,3
238,2025-09-08,100,1500.0,0.0,700,59.0,22.0,62.0,177.0,136.0,98.0,118.25,49.46631850731027,80.625,-37.0,84.0,2025,9,37,3
238,2025-09-29,25,1500.0,0.5,700,59.0,207.0,51.0,100.0,177.0,62.0,118.75,49.202811572781755,90.25,148.0,258.0,2025,9,40,3
238,2025-10-06,81,1500.0,0.0,700,59.0,44.0,42.0,25.0,100.0,136.0,109.5,64.52131430775415,83.25,-15.0,86.0,2025,10,41,4
238,2025-11-03,93,1500.0,0.3333333333333333,700,59.0,105.0,17.0,81.0,25.0,177.0,95.75,62.82979654060113,88.0,46.0,122.0,2025,11,45,4
238,2025-11-10,111,1500.0,0.0,700,59.0,115.0,12.0,93.0,81.0,100.0,74.75,34.08200893922384,96.5,56.0,127.0,2025,11,46,4
238,2025-12-01,72,1500.0,0.0,700,59.0,115.0,12.0,111.0,93.0,25.0,77.5,37.107950630558946,98.125,56.0,127.0,2025,12,49,4
239,2024-12-30,28,0.0,0.0,750,0.0,0.0,0.0,0.0,0.0,0.0,0.0,0.0,0.0,0.0,0.0,2024,12,1,4
239,2025-01-06,151,1500.0,0.0,750,83.0,66.0,42.0,28.0,0.0,0.0,28.0,0.0,28.0,-17.0,108.0,2025,1,2,1
239,2025-01-27,23,1500.0,0.0,750,83.0,137.0,37.0,151.0,28.0,0.0,89.5,86.97413408594535,89.5,54.0,174.0,2025,1,5,1
239,2025-02-03,156,1500.0,0.0,750,83.0,163.0,79.0,23.0,151.0,0.0,67.33333333333333,72.5005747103658,67.33333333333333,80.0,242.0,2025,2,6,1
239,2025-02-10,54,1500.0,0.4,750,83.0,163.0,79.0,156.0,23.0,28.0,89.5,73.95719482691773,89.5,80.0,242.0,2025,2,7,1
239,2025-02-24,49,1500.0,0.0,750,83.0,106.0,39.0,54.0,156.0,151.0,96.0,67.6214955961983,82.4,23.0,145.0,2025,2,9,1
239,2025-03-03,88,1500.0,0.0,750,83.0,106.0,39.0,49.0,54.0,23.0,70.5,58.5974971024076,76.83333333333333,23.0,145.0,2025,3,10,1
239,2025-03-10,93,1500.0,0.0,750,83.0,106.0,39.0,88.0,49.0,156.0,86.75,49.31108732661787,78.42857142857143,23.0,145.0,2025,3,11,1
239,2025-03-31,229,1500.0,0.3333333333333333,750,83.0,129.0,9.0,93.0,88.0,54.0,71.0,22.70095445864191,80.25,46.0,138.0,2025,3,14,1
239,2025-04-07,103,1500.0,0.4,750,83.0,129.0,9.0,229.0,93.0,49.0,114.75,78.66543078125233,105.375,46.0,138.0,2025,4,15,2
239,2025-04-28,128,1500.0,0.3333333333333333,750,83.0,78.0,20.0,103.0,229.0,88.0,128.25,67.45554091399758,99.375,-5.0,98.0,2025,4,18,2
239,2025-05-05,209,1500.0,0.25,750,83.0,78.0,20.0,128.0,103.0,93.0,138.25,62.26489112386424,112.5,-5.0,98.0,2025,5,19,2
239,2025-05-12,22,1500.0,0.3333333333333333,750,83.0,189.0,27.0,209.0,128.0,229.0,167.25,61.16848317012065,119.125,106.0,216.0,2025,5,20,2
239,2025-06-02,102,1500.0,0.0,750,83.0,189.0,27.0,22.0,209.0,103.0,115.5,77.02164198024691,115.125,106.0,216.0,2025,6,23,2
239,2025-06-09,120,1500.0,0.0,750,83.0,152.0,99.0,102.0,22.0,128.0,115.25,77.07734210951145,121.75,69.0,251.0,2025,6,24,2
239,2025-06-30,113,1500.0,0.0,750,83.0,241.0,11.0,120.0,102.0,209.0,113.25,76.73927720969665,125.75,158.0,252.0,2025,6,27,2
239,2025-07-07,64,1500.0,0.0,750,83.0,187.0,83.0,113.0,120.0,22.0,89.25,45.44135414648937,128.25,104.0,270.0,2025,7,28,3
239,2025-07-28,41,1500.0,0.0,750,83.0,71.0,97.0,64.0,113.0,102.0,99.75,24.958298553119892,107.625,-12.0,168.0,2025,7,31,3
239,2025-08-04,63,1500.0,1.0,750,83.0,71.0,97.0,41.0,64.0,120.0,84.5,38.23174945861969,99.875,-12.0,168.0,2025,8,32,3
239,2025-09-01,191,1500.0,0.0,750,83.0,71.0,97.0,63.0,41.0,113.0,70.25,30.41244262907317,91.75,-12.0,168.0,2025,9,36,3
239,2025-09-08,147,1500.0,0.5,750,83.0,222.0,90.0,191.0,63.0,64.0,89.75,68.32947143558675,89.5,139.0,312.0,2025,9,37,3
239,2025-09-29,68,1500.0,0.25,750,83.0,222.0,90.0,147.0,191.0,41.0,110.5,70.47221674768953,105.125,139.0,312.0,2025,9,40,3
239,2025-10-06,117,1500.0,0.0,750,83.0,176.0,24.0,68.0,147.0,63.0,117.25,62.43062816705702,100.875,93.0,200.0,2025,10,41,4
239,2025-11-03,32,1500.0,0.3333333333333333,750,83.0,173.0,48.0,117.0,68.0,191.0,130.75,51.70670491660954,100.5,90.0,221.0,2025,11,45,4
239,2025-11-10,57,1500.0,1.0,750,83.0,119.0,7.0,32.0,117.0,147.0,91.0,51.062053751620034,90.375,36.0,126.0,2025,11,46,4
239,2025-12-01,179,1500.0,0.0,750,83.0,182.0,69.0,57.0,32.0,68.0,68.5,35.66978179542641,89.5,99.0,251.0,2025,12,49,4
239,2025-12-08,98,1500.0,0.5,750,83.0,117.0,30.0,179.0,57.0,117.0,96.25,65.69309958689217,106.75,34.0,147.0,2025,12,50,4
240,2024-12-30,85,0.0,0.0,250,0.0,0.0,0.0,0.0,0.0,0.0,0.0,0.0,0.0,0.0,0.0,2024,12,1,4
240,2025-01-06,58,350.0,0.6666666666666666,250,26.0,0.0,0.0,85.0,0.0,0.0,85.0,0.0,85.0,0.0,0.0,2025,1,2,1
240,2025-01-27,127,350.0,0.0,250,26.0,154.0,54.0,58.0,85.0,0.0,71.5,19.091883092036785,71.5,128.0,208.0,2025,1,5,1
240,2025-02-03,221,350.0,0.0,250,26.0,154.0,54.0,127.0,58.0,0.0,90.0,34.77067730142742,90.0,128.0,208.0,2025,2,6,1
240,2025-02-10,28,350.0,0.3333333333333333,250,26.0,68.0,36.0,221.0,127.0,85.0,122.75,71.38802420574476,122.75,42.0,104.0,2025,2,7,1
240,2025-03-03,60,350.0,0.0,250,26.0,68.0,36.0,28.0,221.0,58.0,108.5,85.69130644353604,103.8,42.0,104.0,2025,3,10,1
240,2025-03-10,85,350.0,0.0,250,26.0,97.0,93.0,60.0,28.0,127.0,109.0,85.30338015967871,96.5,71.0,190.0,2025,3,11,1
240,2025-03-31,132,350.0,0.0,250,26.0,46.0,48.0,85.0,60.0,221.0,98.5,84.93330716901743,94.85714285714286,20.0,94.0,2025,3,14,1
240,2025-04-07,122,350.0,0.3333333333333333,250,26.0,92.0,8.0,132.0,85.0,28.0,76.25,43.88146913371671,99.5,66.0,100.0,2025,4,15,2
240,2025-04-28,71,350.0,0.3333333333333333,250,26.0,92.0,8.0,122.0,132.0,60.0,99.75,33.33041653905133,104.125,66.0,100.0,2025,4,18,2
240,2025-05-05,262,350.0,0.5,250,26.0,92.0,8.0,71.0,122.0,85.0,102.5,29.14904229415893,105.75,66.0,100.0,2025,5,19,2
240,2025-06-02,28,350.0,0.5,250,26.0,92.0,8.0,262.0,71.0,132.0,146.75,81.3444323028114,122.625,66.0,100.0,2025,6,23,2
240,2025-06-09,121,350.0,0.0,250,26.0,108.0,93.0,28.0,262.0,122.0,120.75,101.7034086613292,98.5,82.0,201.0,2025,6,24,2
240,2025-06-30,186,350.0,0.3333333333333333,250,26.0,249.0,48.0,121.0,28.0,71.0,120.5,101.70054080485511,110.125,223.0,297.0,2025,6,27,2
240,2025-07-07,196,350.0,0.5,250,26.0,70.0,65.0,186.0,121.0,262.0,149.25,99.26857508799046,125.875,44.0,135.0,2025,7,28,3
240,2025-07-28,28,350.0,0.25,250,26.0,130.0,28.0,196.0,186.0,28.0,132.75,77.34500630292818,139.75,104.0,158.0,2025,7,31,3
240,2025-08-04,96,350.0,1.0,250,26.0,130.0,28.0,28.0,196.0,121.0,132.75,77.34500630292818,126.75,104.0,158.0,2025,8,32,3
240,2025-08-11,115,350.0,0.0,250,26.0,132.0,33.0,96.0,28.0,186.0,126.5,79.5885251360605,123.5,106.0,165.0,2025,8,33,3
240,2025-09-01,93,350.0,0.5,250,26.0,51.0,40.0,115.0,96.0,196.0,108.75,69.12488698001611,129.0,25.0,91.0,2025,9,36,3
240,2025-09-08,216,350.0,0.0,250,26.0,127.0,10.0,93.0,115.0,28.0,83.0,37.9385468004948,107.875,101.0,137.0,2025,9,37,3
240,2025-09-29,116,350.0,0.5,250,26.0,127.0,10.0,216.0,93.0,96.0,130.0,58.15496539419485,131.375,101.0,137.0,2025,9,40,3
240,2025-10-06,74,350.0,0.25,250,26.0,127.0,10.0,116.0,216.0,115.0,135.0,55.03332323844043,130.75,101.0,137.0,2025,10,41,4
240,2025-10-27,30,350.0,0.5,250,26.0,127.0,10.0,74.0,116.0,93.0,124.75,63.21062674371561,116.75,101.0,137.0,2025,10,44,4
240,2025-11-03,143,350.0,0.0,250,26.0,127.0,10.0,30.0,74.0,216.0,109.0,79.50681312524942,96.0,101.0,137.0,2025,11,45,4
240,2025-11-10,26,350.0,0.0,250,26.0,45.0,84.0,143.0,30.0,116.0,90.75,49.45957945636013,110.375,19.0,129.0,2025,11,46,4
240,2025-12-01,82,350.0,0.0,250,26.0,238.0,21.0,26.0,143.0,74.0,68.25,54.371407927328875,101.625,212.0,259.0,2025,12,49,4
240,2025-12-08,74,350.0,0.3333333333333333,250,26.0,86.0,4.0,82.0,26.0,30.0,70.25,54.7988746843096,97.5,60.0,90.0,2025,12,50,4
241,2024-12-30,194,0.0,0.0,550,0.0,0.0,0.0,0.0,0.0,0.0,0.0,0.0,0.0,0.0,0.0,2024,12,1,4
241,2025-01-06,126,650.0,1.0,550,59.0,66.0,36.0,194.0,0.0,0.0,194.0,0.0,194.0,7.0,102.0,2025,1,2,1
241,2025-01-27,43,650.0,1.0,550,59.0,16.0,6.0,126.0,194.0,0.0,160.0,48.08326112068523,160.0,-43.0,22.0,2025,1,5,1
241,2025-02-03,192,650.0,0.0,550,59.0,156.0,94.0,43.0,126.0,0.0,121.0,75.62407024221852,121.0,97.0,250.0,2025,2,6,1
241,2025-02-10,88,650.0,0.75,550,59.0,125.0,69.0,192.0,43.0,194.0,138.75,71.224410609472,138.75,66.0,194.0,2025,2,7,1
241,2025-02-24,55,650.0,0.5,550,59.0,27.0,30.0,88.0,192.0,126.0,112.25,63.068084903010444,128.6,-32.0,57.0,2025,2,9,1
241,2025-03-03,148,650.0,1.0,550,59.0,69.0,17.0,55.0,88.0,43.0,94.5,67.72739475278819,116.33333333333333,10.0,86.0,2025,3,10,1
241,2025-03-10,152,650.0,0.25,550,59.0,239.0,65.0,148.0,55.0,192.0,120.75,61.141229951645556,120.85714285714286,180.0,304.0,2025,3,11,1
241,2025-03-31,75,650.0,0.5,550,59.0,239.0,65.0,152.0,148.0,88.0,110.75,47.31014690317501,124.75,180.0,304.0,2025,3,14,1
241,2025-04-07,109,650.0,0.0,550,59.0,109.0,81.0,75.0,152.0,55.0,107.5,49.77616564849754,109.875,50.0,190.0,2025,4,15,2
241,2025-04-28,39,650.0,0.0,550,59.0,71.0,50.0,109.0,75.0,148.0,121.0,36.2859017617954,107.75,12.0,121.0,2025,4,18,2
241,2025-05-05,195,650.0,1.0,550,59.0,71.0,50.0,39.0,109.0,152.0,93.75,48.21738967080929,107.25,12.0,121.0,2025,5,19,2
241,2025-06-02,110,650.0,1.0,550,59.0,24.0,75.0,195.0,39.0,75.0,104.5,66.76076692189807,107.625,-35.0,99.0,2025,6,23,2
241,2025-06-09,25,650.0,0.0,550,59.0,24.0,75.0,110.0,195.0,109.0,113.25,63.835073953639835,110.375,-35.0,99.0,2025,6,24,2
241,2025-06-30,78,650.0,0.0,550,59.0,188.0,19.0,25.0,110.0,39.0,92.25,77.9545807933483,106.625,129.0,207.0,2025,6,27,2
241,2025-07-07,167,650.0,0.5,550,59.0,183.0,6.0,78.0,25.0,195.0,102.0,71.22265557157124,97.875,124.0,189.0,2025,7,28,3
241,2025-07-28,66,650.0,0.5,550,59.0,176.0,28.0,167.0,78.0,110.0,95.0,59.43624034767565,99.75,117.0,204.0,2025,7,31,3
241,2025-08-04,22,650.0,0.0,550,59.0,90.0,22.0,66.0,167.0,25.0,84.0,59.80523945831725,98.625,31.0,112.0,2025,8,32,3
241,2025-09-01,106,650.0,0.0,550,59.0,90.0,22.0,22.0,66.0,78.0,83.25,60.80227517672893,87.75,31.0,112.0,2025,9,36,3
241,2025-09-08,52,650.0,0.3333333333333333,550,59.0,64.0,100.0,106.0,22.0,167.0,90.25,61.6028949536194,96.125,5.0,164.0,2025,9,37,3
241,2025-09-29,167,650.0,0.0,550,59.0,64.0,100.0,52.0,106.0,66.0,61.5,34.88552708502482,78.25,5.0,164.0,2025,9,40,3
241,2025-10-06,137,650.0,0.25,550,59.0,194.0,25.0,167.0,52.0,22.0,86.75,63.79851095441021,85.375,135.0,219.0,2025,10,41,4
241,2025-11-03,248,650.0,0.3333333333333333,550,59.0,205.0,11.0,137.0,167.0,106.0,115.5,49.11551010967242,99.375,146.0,216.0,2025,11,45,4
241,2025-11-10,106,650.0,0.2,550,59.0,136.0,20.0,248.0,137.0,52.0,151.0,80.95677859203639,120.625,77.0,156.0,2025,11,46,4
241,2025-12-01,179,650.0,0.0,550,59.0,136.0,20.0,106.0,248.0,167.0,164.5,60.983604353957304,113.0,77.0,156.0,2025,12,49,4
241,2025-12-08,64,650.0,0.0,550,59.0,146.0,82.0,179.0,106.0,137.0,167.5,61.44102863722254,127.125,87.0,228.0,2025,12,50,4
242,2024-12-30,59,0.0,0.0,999,0.0,0.0,0.0,0.0,0.0,0.0,0.0,0.0,0.0,0.0,0.0,2024,12,1,4
242,2025-01-06,110,450.0,0.5,999,59.0,0.0,0.0,59.0,0.0,0.0,59.0,0.0,59.0,0.0,0.0,2025,1,2,1
242,2025-01-27,17,450.0,0.0,999,59.0,89.0,73.0,110.0,59.0,0.0,84.5,36.062445840513924,84.5,30.0,162.0,2025,1,5,1
242,2025-02-03,231,450.0,0.0,999,59.0,89.0,73.0,17.0,110.0,0.0,62.0,46.57252408878007,62.0,30.0,162.0,2025,2,6,1
242,2025-02-10,56,450.0,0.5,999,59.0,77.0,81.0,231.0,17.0,59.0,104.25,92.66202026720549,104.25,18.0,158.0,2025,2,7,1
242,2025-02-24,67,450.0,1.0,999,59.0,77.0,81.0,56.0,231.0,110.0,103.5,93.1611507013519,94.6,18.0,158.0,2025,2,9,1
242,2025-03-03,140,450.0,1.0,999,59.0,77.0,81.0,67.0,56.0,17.0,92.75,94.63042146512223,90.0,18.0,158.0,2025,3,10,1
242,2025-03-31,101,450.0,0.25,999,59.0,77.0,81.0,140.0,67.0,231.0,123.5,80.78159856468963,97.14285714285714,18.0,158.0,2025,3,14,1
242,2025-04-07,177,450.0,0.5,999,59.0,46.0,11.0,101.0,140.0,56.0,91.0,37.86819245752297,97.625,-13.0,57.0,2025,4,15,2
242,2025-05-05,90,450.0,0.6666666666666666,999,59.0,32.0,21.0,177.0,101.0,67.0,121.25,47.65413588206869,112.375,-27.0,53.0,2025,5,19,2
242,2025-06-02,79,450.0,0.0,999,59.0,153.0,40.0,90.0,177.0,140.0,127.0,39.64004709045302,109.875,94.0,193.0,2025,6,23,2
242,2025-06-09,66,450.0,0.0,999,59.0,115.0,81.0,79.0,90.0,101.0,111.75,44.41752657078809,117.625,56.0,196.0,2025,6,24,2
242,2025-06-30,164,450.0,0.0,999,59.0,250.0,31.0,66.0,79.0,177.0,103.0,50.299105359837164,97.0,191.0,281.0,2025,6,27,2
242,2025-07-07,120,450.0,0.5,999,59.0,110.0,32.0,164.0,66.0,90.0,99.75,43.94219688029567,110.5,51.0,142.0,2025,7,28,3
242,2025-07-28,118,450.0,0.5,999,59.0,164.0,8.0,120.0,164.0,79.0,107.25,44.28223872690569,117.125,105.0,172.0,2025,7,31,3
242,2025-08-04,39,450.0,0.5,999,59.0,133.0,75.0,118.0,120.0,66.0,117.0,40.08324670815309,114.375,74.0,208.0,2025,8,32,3
242,2025-09-01,113,450.0,1.0,999,59.0,242.0,43.0,39.0,118.0,164.0,110.25,52.0280373132282,106.625,183.0,285.0,2025,9,36,3
242,2025-09-08,46,450.0,0.0,999,59.0,16.0,22.0,113.0,39.0,120.0,97.5,39.110953282509826,98.625,-43.0,38.0,2025,9,37,3
242,2025-09-29,161,450.0,0.0,999,59.0,116.0,14.0,46.0,113.0,118.0,79.0,42.2926313518876,93.125,57.0,130.0,2025,9,40,3
242,2025-10-06,71,450.0,0.5,999,59.0,188.0,74.0,161.0,46.0,39.0,89.75,58.04236958176902,103.375,129.0,262.0,2025,10,41,4
242,2025-11-03,157,450.0,0.0,999,59.0,148.0,93.0,71.0,161.0,113.0,97.75,50.42072986381691,104.0,89.0,241.0,2025,11,45,4
242,2025-11-10,132,450.0,0.8,999,59.0,132.0,91.0,157.0,71.0,46.0,108.75,58.93711337801786,103.125,73.0,223.0,2025,11,46,4
242,2025-12-01,291,450.0,0.3333333333333333,999,59.0,77.0,18.0,132.0,157.0,161.0,130.25,41.532116087031554,104.625,18.0,95.0,2025,12,49,4
242,2025-12-08,152,450.0,0.14285714285714285,999,59.0,82.0,98.0,291.0,132.0,71.0,162.75,92.81657538751722,126.25,23.0,180.0,2025,12,50,4
243,2024-12-30,43,0.0,0.0,750,0.0,0.0,0.0,0.0,0.0,0.0,0.0,0.0,0.0,0.0,0.0,2024,12,1,4
243,2025-01-06,219,850.0,0.0,750,95.0,0.0,0.0,43.0,0.0,0.0,43.0,0.0,43.0,0.0,0.0,2025,1,2,1
243,2025-01-27,60,850.0,0.2,750,95.0,95.0,49.0,219.0,43.0,0.0,131.0,124.45079348883236,131.0,0.0,144.0,2025,1,5,1
243,2025-02-03,126,850.0,1.0,750,95.0,95.0,49.0,60.0,219.0,0.0,107.33333333333333,97.07900562600203,107.33333333333333,0.0,144.0,2025,2,6,1
243,2025-02-10,141,850.0,0.0,750,95.0,162.0,6.0,126.0,60.0,43.0,112.0,79.81227975693966,112.0,67.0,168.0,2025,2,7,1
243,2025-02-24,26,850.0,0.3333333333333333,750,95.0,62.0,40.0,141.0,126.0,219.0,136.5,65.2916533716217,117.8,-33.0,102.0,2025,2,9,1
243,2025-03-03,152,850.0,1.0,750,95.0,217.0,77.0,26.0,141.0,60.0,88.25,54.4081795321255,102.5,122.0,294.0,2025,3,10,1
243,2025-03-10,21,850.0,0.5,750,95.0,25.0,61.0,152.0,26.0,126.0,111.25,57.82372638747293,109.57142857142857,-70.0,86.0,2025,3,11,1
243,2025-03-31,27,850.0,0.0,750,95.0,202.0,83.0,21.0,152.0,141.0,85.0,71.18520445523306,98.5,107.0,285.0,2025,3,14,1
243,2025-04-07,79,850.0,1.0,750,95.0,71.0,29.0,27.0,21.0,26.0,56.5,63.72074492136241,96.5,-24.0,100.0,2025,4,15,2
243,2025-04-28,53,850.0,0.0,750,95.0,161.0,29.0,79.0,27.0,152.0,69.75,60.703514450702656,79.0,66.0,190.0,2025,4,18,2
243,2025-05-05,95,850.0,0.0,750,95.0,161.0,41.0,53.0,79.0,21.0,45.0,26.583202716502512,78.125,66.0,202.0,2025,5,19,2
243,2025-06-02,174,850.0,0.6666666666666666,750,95.0,161.0,41.0,95.0,53.0,27.0,63.5,29.860788111948192,74.25,66.0,202.0,2025,6,23,2
243,2025-06-09,140,850.0,0.5,750,95.0,106.0,24.0,174.0,95.0,79.0,100.25,52.124050750749085,78.375,11.0,130.0,2025,6,24,2
243,2025-06-30,41,850.0,0.25,750,95.0,106.0,24.0,140.0,174.0,53.0,115.5,52.754146756439916,92.625,11.0,130.0,2025,6,27,2
243,2025-07-07,117,850.0,0.0,750,95.0,85.0,73.0,41.0,140.0,95.0,112.5,57.61076288333631,78.75,-10.0,158.0,2025,7,28,3
243,2025-07-28,76,850.0,0.0,750,95.0,170.0,93.0,117.0,41.0,174.0,118.0,56.421036266035856,90.75,75.0,263.0,2025,7,31,3
243,2025-08-04,239,850.0,0.5,750,95.0,184.0,68.0,76.0,117.0,140.0,93.5,43.88241865105736,96.875,89.0,252.0,2025,8,32,3
243,2025-08-11,32,850.0,0.2,750,95.0,122.0,70.0,239.0,76.0,41.0,118.25,86.28393052397803,116.875,27.0,192.0,2025,8,33,3
243,2025-09-01,97,850.0,0.0,750,95.0,22.0,25.0,32.0,239.0,117.0,116.0,89.04306074403927,114.25,-73.0,47.0,2025,9,36,3
243,2025-09-08,87,850.0,0.3333333333333333,750,95.0,226.0,93.0,97.0,32.0,76.0,111.0,89.52839400622203,114.5,131.0,319.0,2025,9,37,3
243,2025-09-29,109,850.0,0.5,750,95.0,157.0,23.0,87.0,97.0,239.0,113.75,88.25483933851258,103.625,62.0,180.0,2025,9,40,3
243,2025-10-06,62,850.0,0.25,750,95.0,59.0,42.0,109.0,87.0,32.0,81.25,34.04286513598212,99.75,-36.0,101.0,2025,10,41,4
243,2025-11-03,50,850.0,0.0,750,95.0,89.0,48.0,62.0,109.0,97.0,88.75,19.972898304118676,102.375,-6.0,137.0,2025,11,45,4
243,2025-11-10,62,850.0,0.5,750,95.0,27.0,55.0,50.0,62.0,87.0,77.0,26.318561257535844,94.0,-68.0,82.0,2025,11,46,4
243,2025-12-01,179,850.0,0.0,750,95.0,27.0,55.0,62.0,50.0,109.0,70.75,26.119915773217954,92.25,-68.0,82.0,2025,12,49,4
243,2025-12-08,67,850.0,0.2,750,95.0,67.0,62.0,179.0,62.0,62.0,88.25,60.76388730158728,84.75,-28.0,129.0,2025,12,50,4
244,2024-12-30,68,0.0,0.0,450,0.0,0.0,0.0,0.0,0.0,0.0,0.0,0.0,0.0,0.0,0.0,2024,12,1,4
244,2025-01-06,27,550.0,0.0,450,66.0,0.0,0.0,68.0,0.0,0.0,68.0,0.0,68.0,0.0,0.0,2025,1,2,1
244,2025-01-27,128,550.0,0.0,450,66.0,159.0,48.0,27.0,68.0,0.0,47.5,28.991378028648448,47.5,93.0,207.0,2025,1,5,1
244,2025-02-03,91,550.0,0.5,450,66.0,159.0,48.0,128.0,27.0,0.0,74.33333333333333,50.79698153762026,74.33333333333333,93.0,207.0,2025,2,6,1
244,2025-02-24,27,550.0,0.6666666666666666,450,66.0,159.0,48.0,91.0,128.0,68.0,78.5,42.304452090373026,78.5,93.0,207.0,2025,2,9,1
244,2025-03-03,132,550.0,0.0,450,66.0,159.0,48.0,27.0,91.0,27.0,68.25,49.96915715385508,68.2,93.0,207.0,2025,3,10,1
244,2025-03-10,28,550.0,0.25,450,66.0,239.0,44.0,132.0,27.0,128.0,94.5,48.638119481191566,78.83333333333333,173.0,283.0,2025,3,11,1
244,2025-03-31,32,550.0,1.0,450,66.0,87.0,17.0,28.0,132.0,91.0,69.5,51.30626992223595,71.57142857142857,21.0,104.0,2025,3,14,1
244,2025-04-07,108,550.0,0.0,450,66.0,217.0,22.0,32.0,28.0,27.0,54.75,51.54528753112807,66.625,151.0,239.0,2025,4,15,2
244,2025-04-28,85,550.0,0.3333333333333333,450,66.0,217.0,22.0,108.0,32.0,132.0,75.0,52.902425905308604,71.625,151.0,239.0,2025,4,18,2
244,2025-05-05,165,550.0,0.0,450,66.0,217.0,22.0,85.0,108.0,28.0,63.25,39.55902762539376,78.875,151.0,239.0,2025,5,19,2
244,2025-05-12,59,550.0,0.6666666666666666,450,66.0,238.0,0.0,165.0,85.0,32.0,97.5,55.11503122258633,83.5,172.0,238.0,2025,5,20,2
244,2025-05-26,40,550.0,1.0,450,66.0,238.0,0.0,59.0,165.0,108.0,104.25,45.17650569340957,79.5,172.0,238.0,2025,5,22,2
244,2025-06-02,154,550.0,1.0,450,66.0,238.0,0.0,40.0,59.0,85.0,87.25,55.01742148325989,81.125,172.0,238.0,2025,6,23,2
244,2025-06-09,62,550.0,0.25,450,66.0,43.0,91.0,154.0,40.0,165.0,104.5,64.13787232725035,83.875,-23.0,134.0,2025,6,24,2
244,2025-06-30,149,550.0,0.5,450,66.0,188.0,8.0,62.0,154.0,59.0,78.75,51.10365283747663,88.125,122.0,196.0,2025,6,27,2
244,2025-07-07,222,550.0,1.0,450,66.0,156.0,5.0,149.0,62.0,40.0,101.25,58.75017730469699,102.75,90.0,161.0,2025,7,28,3
244,2025-07-28,32,550.0,0.4,450,66.0,156.0,5.0,222.0,149.0,154.0,146.75,65.58137438836324,117.0,90.0,161.0,2025,7,31,3
244,2025-08-04,201,550.0,1.0,450,66.0,143.0,80.0,32.0,222.0,62.0,116.25,86.2104982006252,110.375,77.0,223.0,2025,8,32,3
244,2025-08-11,53,550.0,0.4,450,66.0,116.0,48.0,201.0,32.0,149.0,151.0,85.06076259553127,114.875,50.0,164.0,2025,8,33,3
244,2025-09-01,141,550.0,0.0,450,66.0,116.0,48.0,53.0,201.0,222.0,127.0,98.32259828408387,114.125,50.0,164.0,2025,9,36,3
244,2025-09-08,91,550.0,0.5,450,66.0,131.0,67.0,141.0,53.0,32.0,106.75,78.59760386508823,126.75,65.0,198.0,2025,9,37,3
244,2025-09-29,58,550.0,0.3333333333333333,450,66.0,131.0,67.0,91.0,141.0,201.0,121.5,64.0910810227653,118.875,65.0,198.0,2025,9,40,3
244,2025-10-06,108,550.0,0.5,450,66.0,131.0,67.0,58.0,91.0,53.0,85.75,40.508229616544156,118.375,65.0,198.0,2025,10,41,4
244,2025-10-27,20,550.0,0.3333333333333333,450,66.0,131.0,67.0,108.0,58.0,141.0,99.5,34.588051886935354,113.25,65.0,198.0,2025,10,44,4
244,2025-11-03,49,550.0,0.0,450,66.0,162.0,12.0,20.0,108.0,91.0,69.25,38.84477656862845,88.0,96.0,174.0,2025,11,45,4
244,2025-11-10,49,550.0,0.0,450,66.0,162.0,12.0,49.0,20.0,58.0,58.75,36.61852900741188,90.125,96.0,174.0,2025,11,46,4
244,2025-12-01,129,550.0,0.0,450,66.0,236.0,100.0,49.0,49.0,108.0,56.5,36.95492750184562,71.125,170.0,336.0,2025,12,49,4
244,2025-12-08,58,550.0,0.0,450,66.0,236.0,100.0,129.0,49.0,20.0,61.75,46.87127762998002,80.625,170.0,336.0,2025,12,50,4
245,2024-12-30,18,0.0,0.0,850,0.0,0.0,0.0,0.0,0.0,0.0,0.0,0.0,0.0,0.0,0.0,2024,12,1,4
245,2025-01-06,184,550.0,0.0,850,58.0,95.0,58.0,18.0,0.0,0.0,18.0,0.0,18.0,37.0,153.0,2025,1,2,1
245,2025-01-27,84,550.0,0.2,850,58.0,21.0,26.0,184.0,18.0,0.0,101.0,117.37972567696688,101.0,-37.0,47.0,2025,1,5,1
245,2025-02-03,266,550.0,0.5,850,58.0,146.0,100.0,84.0,184.0,0.0,95.33333333333333,83.57830659527228,95.33333333333333,88.0,246.0,2025,2,6,1
245,2025-02-10,106,550.0,1.0,850,58.0,146.0,100.0,266.0,84.0,18.0,138.0,109.26420578884316,138.0,88.0,246.0,2025,2,7,1
245,2025-02-24,22,550.0,0.5,850,58.0,210.0,94.0,106.0,266.0,184.0,160.0,82.67204283593497,131.6,152.0,304.0,2025,2,9,1
245,2025-03-03,190,550.0,0.0,850,58.0,210.0,94.0,22.0,106.0,84.0,119.5,103.94068821528298,113.33333333333333,152.0,304.0,2025,3,10,1
245,2025-03-10,181,550.0,0.6,850,58.0,210.0,94.0,190.0,22.0,266.0,146.0,105.37551897855593,124.28571428571429,152.0,304.0,2025,3,11,1
245,2025-03-31,121,550.0,0.6666666666666666,850,58.0,153.0,51.0,181.0,190.0,106.0,124.75,78.16808811785025,131.375,95.0,204.0,2025,3,14,1
245,2025-04-07,100,550.0,0.25,850,58.0,68.0,3.0,121.0,181.0,22.0,128.5,77.32399368889322,144.25,10.0,71.0,2025,4,15,2
245,2025-04-28,161,550.0,0.0,850,58.0,127.0,36.0,100.0,121.0,190.0,148.0,44.294469180700204,133.75,69.0,163.0,2025,4,18,2
245,2025-05-05,133,550.0,0.5,850,58.0,180.0,17.0,161.0,100.0,181.0,140.75,36.881567211820055,143.375,122.0,197.0,2025,5,19,2
245,2025-05-12,29,550.0,0.0,850,58.0,241.0,33.0,133.0,161.0,121.0,128.75,25.460754112948027,126.75,183.0,274.0,2025,5,20,2
245,2025-05-26,61,550.0,0.0,850,58.0,241.0,33.0,29.0,133.0,100.0,105.75,56.91733772176395,117.125,183.0,274.0,2025,5,22,2
245,2025-06-02,140,550.0,1.0,850,58.0,241.0,33.0,61.0,29.0,161.0,96.0,61.39489663916158,122.0,183.0,274.0,2025,6,23,2
245,2025-06-09,25,550.0,0.75,850,58.0,136.0,63.0,140.0,61.0,133.0,90.75,54.493883448817755,115.75,78.0,199.0,2025,6,24,2
245,2025-06-30,123,550.0,0.0,850,58.0,64.0,88.0,25.0,140.0,29.0,63.75,53.325259805586825,96.25,6.0,152.0,2025,6,27,2
245,2025-07-07,139,550.0,0.0,850,58.0,112.0,15.0,123.0,25.0,61.0,87.25,53.61824938084669,96.5,54.0,127.0,2025,7,28,3
245,2025-07-28,27,550.0,0.0,850,58.0,70.0,4.0,139.0,123.0,140.0,106.75,55.05376160324258,101.375,12.0,74.0,2025,7,31,3
245,2025-08-04,144,550.0,0.0,850,58.0,151.0,25.0,27.0,139.0,25.0,78.5,60.97813815896098,84.625,93.0,176.0,2025,8,32,3
245,2025-08-11,53,550.0,0.25,850,58.0,23.0,56.0,144.0,27.0,123.0,108.25,54.90218574883882,86.0,-35.0,79.0,2025,8,33,3
245,2025-09-01,292,550.0,0.0,850,58.0,219.0,74.0,53.0,144.0,139.0,90.75,59.58956843833211,89.0,161.0,293.0,2025,9,36,3
245,2025-09-08,132,550.0,0.8333333333333334,850,58.0,209.0,52.0,292.0,53.0,27.0,129.0,119.68569950778023,117.875,151.0,261.0,2025,9,37,3
245,2025-09-29,93,550.0,0.5,850,58.0,209.0,52.0,132.0,292.0,144.0,155.25,99.70414568445318,116.875,151.0,261.0,2025,9,40,3
245,2025-10-06,178,550.0,0.0,850,58.0,209.0,52.0,93.0,132.0,53.0,142.5,104.75527035269712,125.375,151.0,261.0,2025,10,41,4
245,2025-11-03,238,550.0,0.5,850,58.0,199.0,62.0,178.0,93.0,292.0,173.75,86.14861190601582,132.25,141.0,261.0,2025,11,45,4
245,2025-11-10,42,550.0,0.2,850,58.0,213.0,11.0,238.0,178.0,132.0,160.25,62.39858438565197,144.625,155.0,224.0,2025,11,46,4
245,2025-12-01,212,550.0,0.0,850,58.0,213.0,11.0,42.0,238.0,93.0,137.75,87.25584985164794,146.5,155.0,224.0,2025,12,49,4
245,2025-12-08,52,550.0,0.5,850,58.0,71.0,47.0,212.0,42.0,178.0,167.5,87.19900611054385,155.0,13.0,118.0,2025,12,50,4
246,2024-12-30,91,0.0,0.0,1500,0.0,0.0,0.0,0.0,0.0,0.0,0.0,0.0,0.0,0.0,0.0,2024,12,1,4
246,2025-01-06,226,350.0,0.0,1500,41.0,149.0,5.0,91.0,0.0,0.0,91.0,0.0,91.0,108.0,154.0,2025,1,2,1
246,2025-02-03,92,350.0,0.25,1500,41.0,149.0,5.0,226.0,91.0,0.0,158.5,95.45941546018392,158.5,108.0,154.0,2025,2,6,1
246,2025-02-10,16,350.0,0.0,1500,41.0,98.0,67.0,92.0,226.0,0.0,136.33333333333334,77.65522090196727,136.33333333333334,57.0,165.0,2025,2,7,1
246,2025-02-24,62,350.0,0.0,1500,41.0,169.0,62.0,16.0,92.0,91.0,106.25,87.4085236118309,106.25,128.0,231.0,2025,2,9,1
246,2025-03-03,104,350.0,0.0,1500,41.0,38.0,40.0,62.0,16.0,226.0,99.0,90.25150044920767,97.4,-3.0,78.0,2025,3,10,1
246,2025-03-10,95,350.0,0.6666666666666666,1500,41.0,144.0,63.0,104.0,62.0,92.0,68.5,39.20459156782531,98.5,103.0,207.0,2025,3,11,1
246,2025-03-31,117,350.0,0.0,1500,41.0,71.0,66.0,95.0,104.0,16.0,69.25,39.827754142055255,98.0,30.0,137.0,2025,3,14,1
246,2025-04-07,58,350.0,0.3333333333333333,1500,41.0,246.0,11.0,117.0,95.0,62.0,94.5,23.47338918861099,100.375,205.0,257.0,2025,4,15,2
246,2025-04-28,87,350.0,0.5,1500,41.0,218.0,75.0,58.0,117.0,104.0,93.5,25.331140255951095,96.25,177.0,293.0,2025,4,18,2
246,2025-05-05,38,350.0,0.0,1500,41.0,217.0,77.0,87.0,58.0,95.0,89.25,24.390913608691783,78.875,176.0,294.0,2025,5,19,2
246,2025-05-12,84,350.0,0.5,1500,41.0,217.0,77.0,38.0,87.0,117.0,75.0,34.47704550373576,72.125,176.0,294.0,2025,5,20,2
246,2025-05-26,73,350.0,1.0,1500,41.0,217.0,77.0,84.0,38.0,58.0,66.75,23.17146233336744,80.625,176.0,294.0,2025,5,22,2
246,2025-06-02,145,350.0,1.0,1500,41.0,217.0,77.0,73.0,84.0,87.0,70.5,22.487033300697227,82.0,176.0,294.0,2025,6,23,2
246,2025-06-30,99,350.0,0.5,1500,41.0,13.0,21.0,145.0,73.0,38.0,85.0,44.549597828338094,87.125,-28.0,34.0,2025,6,27,2
246,2025-07-07,194,350.0,0.6666666666666666,1500,41.0,48.0,60.0,99.0,145.0,84.0,100.25,31.67938341150807,87.625,7.0,108.0,2025,7,28,3
246,2025-07-28,86,350.0,0.3333333333333333,1500,41.0,232.0,25.0,194.0,99.0,73.0,127.75,53.26271366224844,97.25,191.0,257.0,2025,7,31,3
246,2025-08-04,216,350.0,1.0,1500,41.0,205.0,82.0,86.0,194.0,145.0,131.0,49.03740069239667,100.75,164.0,287.0,2025,8,32,3
246,2025-08-11,83,350.0,1.0,1500,41.0,225.0,69.0,216.0,86.0,99.0,148.75,65.78436997747514,116.875,184.0,294.0,2025,8,33,3
246,2025-09-08,137,350.0,0.0,1500,41.0,154.0,83.0,83.0,216.0,194.0,144.75,70.15874856352556,122.5,113.0,237.0,2025,9,37,3
246,2025-09-29,143,350.0,0.5,1500,41.0,69.0,98.0,137.0,83.0,86.0,130.5,62.153036933041335,129.125,28.0,167.0,2025,9,40,3
246,2025-10-06,28,350.0,0.5,1500,41.0,69.0,98.0,143.0,137.0,216.0,144.75,54.62828937464545,137.875,28.0,167.0,2025,10,41,4
246,2025-11-03,155,350.0,0.0,1500,41.0,79.0,68.0,28.0,143.0,83.0,97.75,53.76104537674096,123.25,38.0,147.0,2025,11,45,4
246,2025-11-10,45,350.0,0.25,1500,41.0,16.0,13.0,155.0,28.0,137.0,115.75,58.97669031066426,130.25,-25.0,29.0,2025,11,46,4
246,2025-12-01,123,350.0,1.0,1500,41.0,16.0,13.0,45.0,155.0,143.0,92.75,65.50508886084093,111.625,-25.0,29.0,2025,12,49,4
246,2025-12-08,95,350.0,0.0,1500,41.0,192.0,45.0,123.0,45.0,28.0,87.75,60.999316936066315,116.25,151.0,237.0,2025,12,50,4
247,2024-12-30,121,0.0,0.0,2200,0.0,0.0,0.0,0.0,0.0,0.0,0.0,0.0,0.0,0.0,0.0,2024,12,1,4
247,2025-01-06,57,700.0,1.0,2200,46.0,225.0,58.0,121.0,0.0,0.0,121.0,0.0,121.0,179.0,283.0,2025,1,2,1
247,2025-02-03,44,700.0,0.5,2200,46.0,225.0,58.0,57.0,121.0,0.0,89.0,45.254833995939045,89.0,179.0,283.0,2025,2,6,1
247,2025-02-10,68,700.0,0.0,2200,46.0,98.0,40.0,44.0,57.0,0.0,74.0,41.2189276910499,74.0,52.0,138.0,2025,2,7,1
247,2025-02-24,26,700.0,1.0,2200,46.0,240.0,42.0,68.0,44.0,121.0,72.5,33.78855822118882,72.5,194.0,282.0,2025,2,9,1
247,2025-03-03,111,700.0,0.0,2200,46.0,239.0,77.0,26.0,68.0,57.0,48.75,18.062391868188442,63.2,193.0,316.0,2025,3,10,1
247,2025-03-10,65,700.0,0.6666666666666666,2200,46.0,40.0,65.0,111.0,26.0,44.0,62.25,36.77295201639379,71.16666666666667,-6.0,105.0,2025,3,11,1
247,2025-03-31,55,700.0,1.0,2200,46.0,215.0,43.0,65.0,111.0,68.0,67.5,34.74190553208042,70.28571428571429,169.0,258.0,2025,3,14,1
247,2025-04-07,132,700.0,0.0,2200,46.0,199.0,94.0,55.0,65.0,26.0,64.25,35.28337663357444,68.375,153.0,293.0,2025,4,15,2
247,2025-04-28,161,700.0,0.6666666666666666,2200,46.0,199.0,94.0,132.0,55.0,111.0,90.75,36.754818278243015,69.75,153.0,293.0,2025,4,18,2
247,2025-05-05,232,700.0,0.0,2200,46.0,199.0,94.0,161.0,132.0,65.0,103.25,51.48705338885365,82.75,153.0,293.0,2025,5,19,2
247,2025-05-12,19,700.0,0.6,2200,46.0,176.0,30.0,232.0,161.0,55.0,145.0,73.2438848414437,106.25,130.0,206.0,2025,5,20,2
247,2025-05-26,26,700.0,0.0,2200,46.0,14.0,78.0,19.0,232.0,132.0,136.0,88.59270097850424,100.125,-32.0,92.0,2025,5,22,2
247,2025-06-02,76,700.0,0.0,2200,46.0,14.0,78.0,26.0,19.0,161.0,109.5,104.59604836385232,100.125,-32.0,92.0,2025,6,23,2
247,2025-06-09,55,700.0,0.5,2200,46.0,30.0,44.0,76.0,26.0,232.0,88.25,99.13753073382452,95.75,-16.0,74.0,2025,6,24,2
247,2025-06-30,137,700.0,0.0,2200,46.0,132.0,34.0,55.0,76.0,19.0,44.0,26.419689627245823,94.5,86.0,166.0,2025,6,27,2
247,2025-07-07,99,700.0,0.25,2200,46.0,155.0,32.0,137.0,55.0,26.0,73.5,47.035447625523176,104.75,109.0,187.0,2025,7,28,3
247,2025-07-28,70,700.0,0.3333333333333333,2200,46.0,92.0,56.0,99.0,137.0,76.0,91.75,35.112913104250794,100.625,46.0,148.0,2025,7,31,3
247,2025-08-04,90,700.0,1.0,2200,46.0,92.0,56.0,70.0,99.0,55.0,90.25,36.12363030852059,89.25,46.0,148.0,2025,8,32,3
247,2025-08-11,51,700.0,0.5,2200,46.0,245.0,90.0,90.0,70.0,137.0,99.0,28.083209693100734,71.5,199.0,335.0,2025,8,33,3
247,2025-09-01,154,700.0,0.0,2200,46.0,118.0,34.0,51.0,90.0,99.0,77.5,21.42428528562856,75.5,72.0,152.0,2025,9,36,3
247,2025-09-08,205,700.0,0.3333333333333333,2200,46.0,74.0,97.0,154.0,51.0,70.0,91.25,44.76140450581655,91.5,28.0,171.0,2025,9,37,3
247,2025-09-29,42,700.0,0.5,2200,46.0,74.0,97.0,205.0,154.0,90.0,125.0,68.17135273216554,107.625,28.0,171.0,2025,9,40,3
247,2025-10-06,93,700.0,0.0,2200,46.0,188.0,17.0,42.0,205.0,51.0,113.0,79.64504588066563,106.0,142.0,205.0,2025,10,41,4
247,2025-11-03,143,700.0,0.25,2200,46.0,30.0,43.0,93.0,42.0,154.0,123.5,71.05162442431092,100.5,-16.0,73.0,2025,11,45,4
247,2025-11-10,54,700.0,0.4,2200,46.0,111.0,80.0,143.0,93.0,205.0,120.75,69.67723205371082,106.0,65.0,191.0,2025,11,46,4
247,2025-12-01,217,700.0,1.0,2200,46.0,111.0,80.0,54.0,143.0,42.0,83.0,45.54119014694282,104.0,65.0,191.0,2025,12,49,4
247,2025-12-08,78,700.0,0.8,2200,46.0,217.0,75.0,217.0,54.0,93.0,126.75,70.33432068817234,119.875,171.0,292.0,2025,12,50,4
248,2024-12-30,97,0.0,0.0,850,0.0,0.0,0.0,0.0,0.0,0.0,0.0,0.0,0.0,0.0,0.0,2024,12,1,4
248,2025-01-06,118,700.0,0.3333333333333333,850,62.0,184.0,90.0,97.0,0.0,0.0,97.0,0.0,97.0,122.0,274.0,2025,1,2,1
248,2025-01-27,54,700.0,0.25,850,62.0,165.0,14.0,118.0,97.0,0.0,107.5,14.849242404917497,107.5,103.0,179.0,2025,1,5,1
248,2025-02-03,106,700.0,0.5,850,62.0,123.0,67.0,54.0,118.0,0.0,89.66666666666667,32.624121954978854,89.66666666666667,61.0,190.0,2025,2,6,1
248,2025-02-10,23,700.0,0.5,850,62.0,97.0,12.0,106.0,54.0,97.0,93.75,27.861263431510068,93.75,35.0,109.0,2025,2,7,1
248,2025-02-24,64,700.0,0.0,850,62.0,62.0,81.0,23.0,106.0,118.0,75.25,44.55240360145193,79.6,0.0,143.0,2025,2,9,1
248,2025-03-03,115,700.0,0.0,850,62.0,62.0,81.0,64.0,23.0,54.0,61.75,34.27705743885649,77.0,0.0,143.0,2025,3,10,1
248,2025-03-10,60,700.0,0.5,850,62.0,84.0,7.0,115.0,64.0,106.0,77.0,42.30839160261236,82.42857142857143,22.0,91.0,2025,3,11,1
248,2025-03-31,99,700.0,0.5,850,62.0,77.0,64.0,60.0,115.0,23.0,65.5,37.81093316312977,79.625,15.0,141.0,2025,3,14,1
248,2025-04-07,85,700.0,1.0,850,62.0,248.0,99.0,99.0,60.0,64.0,84.5,26.83902631120088,79.875,186.0,347.0,2025,4,15,2
248,2025-04-28,190,700.0,0.5,850,62.0,248.0,99.0,85.0,99.0,115.0,89.75,23.314873650383205,75.75,186.0,347.0,2025,4,18,2
248,2025-05-05,138,700.0,0.5,850,62.0,218.0,29.0,190.0,85.0,60.0,108.5,56.677449954398384,92.75,156.0,247.0,2025,5,19,2
248,2025-05-26,68,700.0,0.5,850,62.0,25.0,80.0,138.0,190.0,99.0,128.0,47.02481614353567,96.75,-37.0,105.0,2025,5,22,2
248,2025-06-02,26,700.0,0.0,850,62.0,159.0,79.0,68.0,138.0,85.0,120.25,55.23510357251688,102.375,97.0,238.0,2025,6,23,2
248,2025-06-09,59,700.0,0.0,850,62.0,111.0,7.0,26.0,68.0,190.0,105.5,72.85373474755201,97.625,49.0,118.0,2025,6,24,2
248,2025-06-30,94,700.0,0.0,850,62.0,93.0,24.0,59.0,26.0,138.0,72.75,47.09830145557268,90.625,31.0,117.0,2025,6,27,2
248,2025-07-07,93,700.0,0.3333333333333333,850,62.0,238.0,40.0,94.0,59.0,68.0,61.75,28.07579028273291,94.875,176.0,278.0,2025,7,28,3
248,2025-07-28,60,700.0,0.0,850,62.0,238.0,40.0,93.0,94.0,26.0,68.0,32.383123176535435,94.125,176.0,278.0,2025,7,31,3
248,2025-08-04,145,700.0,1.0,850,62.0,169.0,50.0,60.0,93.0,59.0,76.5,19.63839776220724,91.0,107.0,219.0,2025,8,32,3
248,2025-09-01,138,700.0,0.25,850,62.0,169.0,50.0,145.0,60.0,94.0,98.0,35.090359549787074,85.375,107.0,219.0,2025,9,36,3
248,2025-09-08,79,700.0,0.6666666666666666,850,62.0,27.0,54.0,138.0,145.0,93.0,109.0,39.97499218261337,85.375,-35.0,81.0,2025,9,37,3
248,2025-09-29,156,700.0,0.6666666666666666,850,62.0,27.0,54.0,79.0,138.0,60.0,105.5,42.383172761525685,86.75,-35.0,81.0,2025,9,40,3
248,2025-10-06,315,700.0,0.5,850,62.0,15.0,28.0,156.0,79.0,145.0,129.5,34.47221103052911,103.0,-47.0,43.0,2025,10,41,4
248,2025-10-27,85,700.0,0.42857142857142855,850,62.0,38.0,52.0,315.0,156.0,138.0,172.0,100.84641788382967,135.0,-24.0,90.0,2025,10,44,4
248,2025-11-03,208,700.0,0.5,850,62.0,38.0,52.0,85.0,315.0,79.0,158.75,109.87985863357002,133.875,-24.0,90.0,2025,11,45,4
248,2025-11-10,47,700.0,0.16666666666666666,850,62.0,209.0,76.0,208.0,85.0,156.0,191.0,96.82630496581666,148.25,147.0,285.0,2025,11,46,4
248,2025-12-01,195,700.0,0.0,850,62.0,209.0,76.0,47.0,208.0,315.0,163.75,122.02014860942707,146.625,147.0,285.0,2025,12,49,4
248,2025-12-08,212,700.0,0.5,850,62.0,22.0,75.0,195.0,47.0,85.0,133.75,79.93069915036817,152.875,-40.0,97.0,2025,12,50,4
249,2024-12-30,194,0.0,0.0,1500,0.0,0.0,0.0,0.0,0.0,0.0,0.0,0.0,0.0,0.0,0.0,2024,12,1,4
249,2025-01-06,117,700.0,0.75,1500,55.0,45.0,0.0,194.0,0.0,0.0,194.0,0.0,194.0,-10.0,45.0,2025,1,2,1
249,2025-02-03,168,700.0,1.0,1500,55.0,182.0,83.0,117.0,194.0,0.0,155.5,54.44722215136416,155.5,127.0,265.0,2025,2,6,1
249,2025-02-10,87,700.0,0.6666666666666666,1500,55.0,16.0,80.0,168.0,117.0,0.0,159.66666666666666,39.17056718166503,159.66666666666666,-39.0,96.0,2025,2,7,1
249,2025-03-03,140,700.0,0.5,1500,55.0,14.0,53.0,87.0,168.0,194.0,141.5,48.40454524112379,141.5,-41.0,67.0,2025,3,10,1
249,2025-03-10,76,700.0,0.0,1500,55.0,171.0,90.0,140.0,87.0,117.0,128.0,34.38022687534217,141.2,116.0,261.0,2025,3,11,1
249,2025-04-07,123,700.0,0.5,1500,55.0,170.0,52.0,76.0,140.0,168.0,117.75,43.62243306679107,130.33333333333334,115.0,222.0,2025,4,15,2
249,2025-04-28,117,700.0,0.6666666666666666,1500,55.0,159.0,37.0,123.0,76.0,87.0,106.5,30.027764929589193,129.28571428571428,104.0,196.0,2025,4,18,2
249,2025-05-05,92,700.0,1.0,1500,55.0,22.0,90.0,117.0,123.0,140.0,114.0,27.141603981096377,127.75,-33.0,112.0,2025,5,19,2
249,2025-05-12,34,700.0,0.0,1500,55.0,141.0,10.0,92.0,117.0,76.0,102.0,21.92411153654046,115.0,86.0,151.0,2025,5,20,2
249,2025-06-02,233,700.0,0.0,1500,55.0,176.0,71.0,34.0,92.0,123.0,91.5,40.616088766234824,104.625,121.0,247.0,2025,6,23,2
249,2025-06-09,64,700.0,0.16666666666666666,1500,55.0,249.0,39.0,233.0,34.0,117.0,119.0,83.57431822436045,112.75,194.0,288.0,2025,6,24,2
249,2025-06-30,56,700.0,0.5,1500,55.0,44.0,3.0,64.0,233.0,92.0,105.75,88.07714421649543,109.875,-11.0,47.0,2025,6,27,2
249,2025-07-07,135,700.0,0.5,1500,55.0,44.0,3.0,56.0,64.0,34.0,96.75,91.7146843931403,99.375,-11.0,47.0,2025,7,28,3
249,2025-07-28,88,700.0,0.25,1500,55.0,200.0,96.0,135.0,56.0,233.0,122.0,82.07719943240429,106.75,145.0,296.0,2025,7,31,3
249,2025-08-04,221,700.0,0.3333333333333333,1500,55.0,200.0,96.0,88.0,135.0,64.0,85.75,35.5375388380606,102.375,145.0,296.0,2025,8,32,3
249,2025-08-11,45,700.0,0.6666666666666666,1500,55.0,242.0,91.0,221.0,88.0,56.0,125.0,71.75421009715504,115.375,187.0,333.0,2025,8,33,3
249,2025-09-01,112,700.0,0.0,1500,55.0,242.0,91.0,45.0,221.0,135.0,122.25,75.39838636646454,109.5,187.0,333.0,2025,9,36,3
249,2025-09-08,143,700.0,0.3333333333333333,1500,55.0,79.0,88.0,112.0,45.0,88.0,116.5,74.97777448462088,119.25,24.0,167.0,2025,9,37,3
249,2025-09-29,32,700.0,0.3333333333333333,1500,55.0,226.0,61.0,143.0,112.0,221.0,130.25,73.02682155664907,108.0,171.0,287.0,2025,9,40,3
249,2025-10-06,171,700.0,0.0,1500,55.0,144.0,96.0,32.0,143.0,45.0,83.0,53.18521097698744,104.0,89.0,240.0,2025,10,41,4
249,2025-10-27,31,700.0,0.5,1500,55.0,188.0,55.0,171.0,32.0,112.0,114.5,60.047203654014275,118.375,133.0,243.0,2025,10,44,4
249,2025-11-03,69,700.0,1.0,1500,55.0,188.0,55.0,31.0,171.0,143.0,94.25,73.35473172649918,105.375,133.0,243.0,2025,11,45,4
249,2025-11-10,36,700.0,0.0,1500,55.0,222.0,29.0,69.0,31.0,32.0,75.75,65.9159818759204,103.0,167.0,251.0,2025,11,46,4
249,2025-12-01,163,700.0,1.0,1500,55.0,161.0,71.0,36.0,69.0,171.0,76.75,65.05574532660431,79.875,106.0,232.0,2025,12,49,4
249,2025-12-08,90,700.0,0.4,1500,55.0,212.0,69.0,163.0,36.0,31.0,74.75,61.20117101276194,94.625,157.0,281.0,2025,12,50,4
250,2024-12-30,90,0.0,0.0,550,0.0,0.0,0.0,0.0,0.0,0.0,0.0,0.0,0.0,0.0,0.0,2024,12,1,4
250,2025-01-06,48,550.0,0.6666666666666666,550,21.0,0.0,0.0,90.0,0.0,0.0,90.0,0.0,90.0,0.0,0.0,2025,1,2,1
250,2025-01-27,28,550.0,0.0,550,21.0,0.0,0.0,48.0,90.0,0.0,69.0,29.698484809834994,69.0,0.0,0.0,2025,1,5,1
250,2025-02-03,167,550.0,0.0,550,21.0,119.0,67.0,28.0,48.0,0.0,55.333333333333336,31.64385143014885,55.333333333333336,98.0,186.0,2025,2,6,1
250,2025-02-10,93,550.0,0.25,550,21.0,163.0,33.0,167.0,28.0,90.0,83.25,61.52167639675195,83.25,142.0,196.0,2025,2,7,1
250,2025-02-24,127,550.0,0.3333333333333333,550,21.0,163.0,33.0,93.0,167.0,48.0,84.0,61.6495471732491,85.2,142.0,196.0,2025,2,9,1
250,2025-03-03,272,550.0,1.0,550,21.0,146.0,18.0,127.0,93.0,28.0,103.75,58.86354276346834,92.16666666666667,125.0,164.0,2025,3,10,1
250,2025-03-10,117,550.0,0.0,550,21.0,119.0,78.0,272.0,127.0,167.0,164.75,77.63321883489482,117.85714285714286,98.0,197.0,2025,3,11,1
250,2025-03-31,148,550.0,0.3333333333333333,550,21.0,119.0,78.0,117.0,272.0,93.0,152.25,81.09819151292257,117.75,98.0,197.0,2025,3,14,1
250,2025-04-07,112,550.0,0.0,550,21.0,226.0,4.0,148.0,117.0,127.0,166.0,71.83778021811828,125.0,205.0,230.0,2025,4,15,2
250,2025-04-28,28,550.0,0.6666666666666666,550,21.0,135.0,15.0,112.0,148.0,272.0,162.25,74.87934739744108,133.0,114.0,150.0,2025,4,18,2
250,2025-05-05,102,550.0,0.0,550,21.0,135.0,15.0,28.0,112.0,117.0,101.25,51.3638978271704,133.0,114.0,150.0,2025,5,19,2
250,2025-06-02,160,550.0,0.5,550,21.0,146.0,43.0,102.0,28.0,148.0,97.5,50.36864103785211,124.875,125.0,189.0,2025,6,23,2
250,2025-06-09,21,550.0,0.0,550,21.0,138.0,5.0,160.0,102.0,112.0,100.5,54.56189146281496,133.25,117.0,143.0,2025,6,24,2
250,2025-06-30,133,550.0,0.0,550,21.0,104.0,39.0,21.0,160.0,28.0,77.75,65.95137097387236,120.0,83.0,143.0,2025,6,27,2
250,2025-07-07,117,550.0,0.2,550,21.0,38.0,73.0,133.0,21.0,102.0,104.0,60.19413038937712,102.625,17.0,111.0,2025,7,28,3
250,2025-07-28,45,550.0,0.3333333333333333,550,21.0,83.0,44.0,117.0,133.0,160.0,107.75,60.494490107226575,102.625,62.0,127.0,2025,7,31,3
250,2025-08-04,48,550.0,0.0,550,21.0,247.0,86.0,45.0,117.0,21.0,79.0,54.405882034941776,89.75,226.0,333.0,2025,8,32,3
250,2025-09-01,147,550.0,0.5,550,21.0,28.0,0.0,48.0,45.0,133.0,85.75,45.80665890457413,81.75,7.0,28.0,2025,9,36,3
250,2025-09-08,87,550.0,0.3333333333333333,550,21.0,110.0,64.0,147.0,48.0,117.0,89.25,50.874846437114684,96.625,89.0,174.0,2025,9,37,3
250,2025-09-29,135,550.0,0.3333333333333333,550,21.0,129.0,7.0,87.0,147.0,45.0,81.75,47.521047968242456,94.75,108.0,136.0,2025,9,40,3
250,2025-10-06,204,550.0,0.5,550,21.0,20.0,22.0,135.0,87.0,48.0,104.25,45.58782732265271,91.625,-1.0,42.0,2025,10,41,4
250,2025-10-27,19,550.0,0.6,550,21.0,123.0,74.0,204.0,135.0,147.0,143.25,48.085860707696604,114.5,102.0,197.0,2025,10,44,4
250,2025-11-03,244,550.0,0.0,550,21.0,50.0,63.0,19.0,204.0,87.0,111.25,78.02723883362783,100.25,29.0,113.0,2025,11,45,4
250,2025-11-10,68,550.0,0.5,550,21.0,107.0,69.0,244.0,19.0,135.0,150.5,98.55117114135851,116.125,86.0,176.0,2025,11,46,4
250,2025-12-01,114,550.0,1.0,550,21.0,75.0,41.0,68.0,244.0,204.0,133.75,107.36347920343614,119.0,54.0,116.0,2025,12,49,4
250,2025-12-08,56,550.0,0.3333333333333333,550,21.0,26.0,15.0,114.0,68.0,19.0,111.25,96.62772204014057,127.25,5.0,41.0,2025,12,50,4
251,2024-12-30,133,0.0,0.0,700,0.0,0.0,0.0,0.0,0.0,0.0,0.0,0.0,0.0,0.0,0.0,2024,12,1,4
251,2025-01-06,74,999.0,0.0,700,86.0,0.0,0.0,133.0,0.0,0.0,133.0,0.0,133.0,0.0,0.0,2025,1,2,1
251,2025-02-03,17,999.0,0.5,700,86.0,0.0,0.0,74.0,133.0,0.0,103.5,41.71930009000631,103.5,0.0,0.0,2025,2,6,1
251,2025-02-10,21,999.0,0.0,700,86.0,167.0,1.0,17.0,74.0,0.0,74.66666666666667,58.002873492037736,74.66666666666667,81.0,168.0,2025,2,7,1
251,2025-02-24,72,999.0,0.0,700,86.0,37.0,63.0,21.0,17.0,133.0,61.25,54.432680134884656,61.25,-49.0,100.0,2025,2,9,1
251,2025-03-03,259,999.0,1.0,700,86.0,173.0,35.0,72.0,21.0,74.0,46.0,31.230327140991225,63.4,87.0,208.0,2025,3,10,1
251,2025-03-10,112,999.0,0.8,700,86.0,173.0,54.0,259.0,72.0,17.0,92.25,113.95137852025603,96.0,87.0,227.0,2025,3,11,1
251,2025-03-31,62,999.0,0.0,700,86.0,151.0,54.0,112.0,259.0,21.0,116.0,102.34907587923466,98.28571428571429,65.0,205.0,2025,3,14,1
251,2025-04-07,104,999.0,0.0,700,86.0,218.0,52.0,62.0,112.0,72.0,126.25,91.09839003334069,93.75,132.0,270.0,2025,4,15,2
251,2025-04-28,61,999.0,0.0,700,86.0,39.0,44.0,104.0,62.0,259.0,134.25,86.00920493373562,90.125,-47.0,83.0,2025,4,18,2
251,2025-05-05,135,999.0,0.0,700,86.0,218.0,76.0,61.0,104.0,112.0,84.75,27.047797199279117,88.5,132.0,294.0,2025,5,19,2
251,2025-05-12,24,999.0,0.75,700,86.0,210.0,0.0,135.0,61.0,62.0,90.5,35.80037243754127,103.25,124.0,210.0,2025,5,20,2
251,2025-06-02,66,999.0,0.0,700,86.0,243.0,70.0,24.0,135.0,104.0,81.0,48.627838391878626,103.625,157.0,313.0,2025,6,23,2
251,2025-06-09,98,999.0,0.0,700,86.0,67.0,8.0,66.0,24.0,61.0,71.5,46.2925479964108,102.875,-19.0,75.0,2025,6,24,2
251,2025-06-30,85,999.0,0.3333333333333333,700,86.0,67.0,8.0,98.0,66.0,135.0,80.75,47.1831537733543,82.75,-19.0,75.0,2025,6,27,2
251,2025-07-07,117,999.0,0.5,700,86.0,215.0,83.0,85.0,98.0,24.0,68.25,32.2942203291342,79.375,129.0,298.0,2025,7,28,3
251,2025-07-28,30,999.0,0.3333333333333333,700,86.0,174.0,35.0,117.0,85.0,66.0,91.5,21.48642982597771,86.25,88.0,209.0,2025,7,31,3
251,2025-08-04,274,999.0,0.0,700,86.0,174.0,35.0,30.0,117.0,98.0,82.5,37.38538038681249,77.0,88.0,209.0,2025,8,32,3
251,2025-08-11,24,999.0,0.5,700,86.0,213.0,79.0,274.0,30.0,85.0,126.5,104.69161061581454,103.625,127.0,292.0,2025,8,33,3
251,2025-09-01,101,999.0,0.0,700,86.0,213.0,79.0,24.0,274.0,117.0,111.25,116.52574822759131,89.75,127.0,292.0,2025,9,36,3
251,2025-09-29,112,999.0,0.0,700,86.0,40.0,99.0,101.0,24.0,30.0,107.25,116.53719005822418,99.375,-46.0,139.0,2025,9,40,3
251,2025-10-06,261,999.0,0.0,700,86.0,164.0,12.0,112.0,101.0,274.0,127.75,105.06624894163998,105.125,78.0,176.0,2025,10,41,4
251,2025-10-27,94,999.0,0.75,700,86.0,84.0,63.0,261.0,112.0,24.0,124.5,99.06395240785956,125.5,-2.0,147.0,2025,10,44,4
251,2025-11-03,220,999.0,1.0,700,86.0,39.0,22.0,94.0,261.0,101.0,142.0,79.678520735934,126.625,-47.0,61.0,2025,11,45,4
251,2025-12-01,47,999.0,0.2,700,86.0,136.0,57.0,220.0,94.0,112.0,171.75,81.46318186763881,139.5,50.0,193.0,2025,12,49,4
252,2024-12-30,133,0.0,0.0,250,0.0,0.0,0.0,0.0,0.0,0.0,0.0,0.0,0.0,0.0,0.0,2024,12,1,4
252,2025-01-06,192,850.0,0.3333333333333333,250,92.0,244.0,28.0,133.0,0.0,0.0,133.0,0.0,133.0,152.0,272.0,2025,1,2,1
252,2025-01-27,49,850.0,0.25,250,92.0,244.0,28.0,192.0,133.0,0.0,162.5,41.71930009000631,162.5,152.0,272.0,2025,1,5,1
252,2025-02-03,170,850.0,0.0,250,92.0,244.0,28.0,49.0,192.0,0.0,124.66666666666667,71.86329614854395,124.66666666666667,152.0,272.0,2025,2,6,1
252,2025-02-10,65,850.0,0.0,250,92.0,94.0,90.0,170.0,49.0,133.0,136.0,62.90204024248074,136.0,2.0,184.0,2025,2,7,1
252,2025-02-24,19,850.0,0.5,250,92.0,94.0,90.0,65.0,170.0,192.0,119.0,72.44768227256596,121.8,2.0,184.0,2025,2,9,1
252,2025-03-03,32,850.0,0.0,250,92.0,74.0,67.0,19.0,65.0,49.0,75.75,65.66264793117419,104.66666666666667,-18.0,141.0,2025,3,10,1
252,2025-03-10,26,850.0,1.0,250,92.0,74.0,67.0,32.0,19.0,170.0,71.5,68.46166810705098,94.28571428571429,-18.0,141.0,2025,3,11,1
252,2025-03-31,143,850.0,0.0,250,92.0,190.0,36.0,26.0,32.0,65.0,35.5,20.37154878746337,85.75,98.0,226.0,2025,3,14,1
252,2025-04-07,140,850.0,0.25,250,92.0,190.0,36.0,143.0,26.0,19.0,55.0,58.90670590009257,87.0,98.0,226.0,2025,4,15,2
252,2025-04-28,209,850.0,0.0,250,92.0,111.0,86.0,140.0,143.0,32.0,85.25,65.00961467352349,80.5,19.0,197.0,2025,4,18,2
252,2025-05-05,142,850.0,1.0,250,92.0,152.0,94.0,209.0,140.0,26.0,129.5,75.99342076785332,100.5,60.0,246.0,2025,5,19,2
252,2025-05-12,43,850.0,0.2,250,92.0,60.0,76.0,142.0,209.0,143.0,158.5,33.689761055846034,97.0,-32.0,136.0,2025,5,20,2
252,2025-06-02,199,850.0,1.0,250,92.0,60.0,76.0,43.0,142.0,140.0,133.5,68.32520276832945,94.25,-32.0,136.0,2025,6,23,2
252,2025-06-09,143,850.0,0.25,250,92.0,156.0,30.0,199.0,43.0,209.0,148.25,76.11997109826041,116.75,64.0,186.0,2025,6,24,2
252,2025-06-30,48,850.0,0.25,250,92.0,156.0,30.0,143.0,199.0,142.0,131.75,64.88643926122006,130.625,64.0,186.0,2025,6,27,2
252,2025-07-07,145,850.0,0.0,250,92.0,156.0,30.0,48.0,143.0,43.0,108.25,76.00603046250124,133.375,64.0,186.0,2025,7,28,3
252,2025-07-28,113,850.0,0.3333333333333333,250,92.0,20.0,50.0,145.0,48.0,199.0,133.75,62.77672073839686,133.625,-72.0,70.0,2025,7,31,3
252,2025-08-04,55,850.0,0.6666666666666666,250,92.0,123.0,42.0,113.0,145.0,143.0,112.25,45.26496069441203,130.25,31.0,165.0,2025,8,32,3
252,2025-08-11,28,850.0,0.0,250,92.0,123.0,42.0,55.0,113.0,48.0,90.25,46.70028550947699,111.0,31.0,165.0,2025,8,33,3
252,2025-09-01,125,850.0,0.0,250,92.0,208.0,30.0,28.0,55.0,145.0,85.25,53.33151038551224,96.75,116.0,238.0,2025,9,36,3
252,2025-09-08,110,850.0,0.25,250,92.0,66.0,71.0,125.0,28.0,113.0,80.25,46.342025563556604,107.0,-26.0,137.0,2025,9,37,3
252,2025-09-29,63,850.0,0.6666666666666666,250,92.0,159.0,84.0,110.0,125.0,55.0,79.5,45.654499595695206,95.875,67.0,243.0,2025,9,40,3
252,2025-10-06,69,850.0,0.5,250,92.0,159.0,84.0,63.0,110.0,28.0,81.5,44.380926834245656,85.875,67.0,243.0,2025,10,41,4
252,2025-10-27,126,850.0,0.0,250,92.0,249.0,98.0,69.0,63.0,125.0,91.75,30.456252778917715,88.5,157.0,347.0,2025,10,44,4
252,2025-11-03,70,850.0,1.0,250,92.0,126.0,29.0,126.0,69.0,110.0,92.0,30.822070014844876,86.125,34.0,155.0,2025,11,45,4
252,2025-11-10,55,850.0,0.0,250,92.0,126.0,29.0,70.0,126.0,63.0,82.0,29.495762407505246,80.75,34.0,155.0,2025,11,46,4
252,2025-12-01,74,850.0,0.0,250,92.0,174.0,31.0,55.0,70.0,69.0,80.0,31.421860755425243,80.75,82.0,205.0,2025,12,49,4
253,2024-12-30,151,0.0,0.0,850,0.0,0.0,0.0,0.0,0.0,0.0,0.0,0.0,0.0,0.0,0.0,2024,12,1,4
253,2025-01-06,184,350.0,0.0,850,31.0,150.0,55.0,151.0,0.0,0.0,151.0,0.0,151.0,119.0,205.0,2025,1,2,1
253,2025-01-27,78,350.0,0.3333333333333333,850,31.0,80.0,21.0,184.0,151.0,0.0,167.5,23.33452377915607,167.5,49.0,101.0,2025,1,5,1
253,2025-02-03,139,350.0,1.0,850,31.0,140.0,77.0,78.0,184.0,0.0,137.66666666666666,54.24327915358116,137.66666666666666,109.0,217.0,2025,2,6,1
253,2025-02-10,51,350.0,0.6666666666666666,850,31.0,125.0,87.0,139.0,78.0,151.0,138.0,44.2944691807002,138.0,94.0,212.0,2025,2,7,1
253,2025-02-24,68,350.0,0.0,850,31.0,125.0,87.0,51.0,139.0,184.0,113.0,59.96109850005529,120.6,94.0,212.0,2025,2,9,1
253,2025-03-03,197,350.0,0.0,850,31.0,125.0,87.0,68.0,51.0,78.0,84.0,38.32318706301273,111.83333333333333,94.0,212.0,2025,3,10,1
253,2025-03-10,107,350.0,0.2,850,31.0,237.0,66.0,197.0,68.0,139.0,113.75,67.32693864024019,124.0,206.0,303.0,2025,3,11,1
253,2025-03-31,146,350.0,1.0,850,31.0,120.0,45.0,107.0,197.0,51.0,105.75,65.1939414363022,121.875,89.0,165.0,2025,3,14,1
253,2025-04-07,178,350.0,0.5,850,31.0,42.0,25.0,146.0,107.0,68.0,129.5,55.12712580935088,121.25,11.0,67.0,2025,4,15,2
253,2025-04-28,121,350.0,0.6,850,31.0,42.0,25.0,178.0,146.0,197.0,157.0,39.42080668885405,120.5,11.0,67.0,2025,4,18,2
253,2025-05-05,173,350.0,0.3333333333333333,850,31.0,42.0,25.0,121.0,178.0,107.0,138.0,31.16622103068213,125.875,11.0,67.0,2025,5,19,2
253,2025-05-26,54,350.0,0.4,850,31.0,183.0,5.0,173.0,121.0,146.0,154.5,26.388128644019698,130.125,152.0,188.0,2025,5,22,2
253,2025-06-02,92,350.0,1.0,850,31.0,183.0,5.0,54.0,173.0,178.0,131.5,57.73791359814335,130.5,152.0,188.0,2025,6,23,2
253,2025-06-30,59,350.0,0.3333333333333333,850,31.0,53.0,7.0,92.0,54.0,121.0,110.0,50.16638981097471,133.5,22.0,60.0,2025,6,27,2
253,2025-07-07,53,350.0,0.5,850,31.0,217.0,31.0,59.0,92.0,173.0,94.5,54.981815175565096,116.25,186.0,248.0,2025,7,28,3
253,2025-07-28,23,350.0,0.5,850,31.0,72.0,13.0,53.0,59.0,54.0,64.5,18.52025917745213,109.5,41.0,85.0,2025,7,31,3
253,2025-08-04,173,350.0,0.0,850,31.0,76.0,94.0,23.0,53.0,92.0,56.75,28.288690319631264,94.125,45.0,170.0,2025,8,32,3
253,2025-08-11,24,350.0,0.16666666666666666,850,31.0,193.0,21.0,173.0,23.0,59.0,77.0,65.90902821313632,93.5,162.0,214.0,2025,8,33,3
253,2025-09-01,128,350.0,0.0,850,31.0,193.0,21.0,24.0,173.0,53.0,68.25,71.20568797504873,81.375,162.0,214.0,2025,9,36,3
253,2025-09-08,85,350.0,0.3333333333333333,850,31.0,244.0,77.0,128.0,24.0,23.0,87.0,75.59100475585703,75.75,213.0,321.0,2025,9,37,3
253,2025-09-29,229,350.0,0.5,850,31.0,133.0,89.0,85.0,128.0,173.0,102.5,63.47965553361697,79.625,102.0,222.0,2025,9,40,3
253,2025-10-06,248,350.0,1.0,850,31.0,190.0,27.0,229.0,85.0,24.0,116.5,86.28827653086292,96.75,159.0,217.0,2025,10,41,4
253,2025-11-03,67,350.0,0.8,850,31.0,26.0,35.0,248.0,229.0,128.0,172.5,78.58965156643292,120.375,-5.0,61.0,2025,11,45,4
253,2025-11-10,35,350.0,0.0,850,31.0,198.0,24.0,67.0,248.0,85.0,157.25,94.42589687156803,122.125,167.0,222.0,2025,11,46,4
253,2025-12-01,104,350.0,1.0,850,31.0,114.0,98.0,35.0,67.0,229.0,144.75,109.31414973979048,123.625,83.0,212.0,2025,12,49,4
253,2025-12-08,26,350.0,0.25,850,31.0,114.0,98.0,104.0,35.0,248.0,113.5,93.99468070055879,115.0,83.0,212.0,2025,12,50,4
254,2024-12-30,230,0.0,0.0,600,0.0,0.0,0.0,0.0,0.0,0.0,0.0,0.0,0.0,0.0,0.0,2024,12,1,4
254,2025-01-06,106,550.0,0.8,600,64.0,0.0,0.0,230.0,0.0,0.0,230.0,0.0,230.0,0.0,0.0,2025,1,2,1
254,2025-02-03,154,550.0,1.0,600,64.0,191.0,33.0,106.0,230.0,0.0,168.0,87.68124086713189,168.0,127.0,224.0,2025,2,6,1
254,2025-02-24,23,550.0,0.4,600,64.0,130.0,11.0,154.0,106.0,0.0,163.33333333333334,62.52466180103123,163.33333333333334,66.0,141.0,2025,2,9,1
254,2025-03-03,80,550.0,0.0,600,64.0,74.0,26.0,23.0,154.0,230.0,128.25,86.77317173719844,128.25,10.0,100.0,2025,3,10,1
254,2025-03-10,57,550.0,0.0,600,64.0,34.0,4.0,80.0,23.0,106.0,90.75,54.58555975103062,118.6,-30.0,38.0,2025,3,11,1
254,2025-03-31,120,550.0,0.0,600,64.0,230.0,71.0,57.0,80.0,154.0,78.5,55.51276129563965,108.33333333333333,166.0,301.0,2025,3,14,1
254,2025-04-07,347,550.0,0.0,600,64.0,120.0,36.0,120.0,57.0,23.0,70.0,40.734915408447016,110.0,56.0,156.0,2025,4,15,2
254,2025-04-28,86,550.0,0.6,600,64.0,71.0,28.0,347.0,120.0,80.0,151.0,133.23412976160924,139.625,7.0,99.0,2025,4,18,2
254,2025-05-05,75,550.0,0.3333333333333333,600,64.0,71.0,28.0,86.0,347.0,57.0,152.5,132.19808369765929,121.625,7.0,99.0,2025,5,19,2
254,2025-06-02,153,550.0,0.0,600,64.0,29.0,20.0,75.0,86.0,120.0,157.0,128.1067263391479,117.75,-35.0,49.0,2025,6,23,2
254,2025-06-09,88,550.0,0.6666666666666666,600,64.0,171.0,64.0,153.0,75.0,347.0,165.25,125.97453446364997,117.625,107.0,235.0,2025,6,24,2
254,2025-06-30,103,550.0,0.5,600,64.0,20.0,67.0,88.0,153.0,86.0,100.5,35.463596358331536,125.75,-44.0,87.0,2025,6,27,2
254,2025-07-07,93,550.0,0.3333333333333333,600,64.0,228.0,38.0,103.0,88.0,75.0,104.75,34.14064049389426,128.625,164.0,266.0,2025,7,28,3
254,2025-07-28,63,550.0,0.0,600,64.0,91.0,48.0,93.0,103.0,153.0,109.25,29.82588361362212,133.125,27.0,139.0,2025,7,31,3
254,2025-08-04,191,550.0,1.0,600,64.0,103.0,43.0,63.0,93.0,88.0,86.75,17.017148213885097,126.0,39.0,146.0,2025,8,32,3
254,2025-08-11,51,550.0,0.6666666666666666,600,64.0,103.0,43.0,191.0,63.0,103.0,112.5,55.02423708391299,106.5,39.0,146.0,2025,8,33,3
254,2025-09-01,53,550.0,0.0,600,64.0,103.0,43.0,51.0,191.0,93.0,99.5,63.505905237229705,102.125,39.0,146.0,2025,9,36,3
254,2025-09-29,73,550.0,0.0,600,64.0,83.0,72.0,53.0,51.0,63.0,89.5,67.86997372427172,99.375,19.0,155.0,2025,9,40,3
254,2025-10-06,250,550.0,1.0,600,64.0,167.0,73.0,73.0,53.0,191.0,92.0,66.74328930062308,89.375,103.0,240.0,2025,10,41,4
254,2025-10-27,66,550.0,0.2,600,64.0,167.0,73.0,250.0,73.0,51.0,106.75,96.01518977050802,109.625,103.0,240.0,2025,10,44,4
254,2025-11-03,67,550.0,1.0,600,64.0,71.0,67.0,66.0,250.0,53.0,110.5,93.36844577621856,105.0,7.0,138.0,2025,11,45,4
254,2025-11-10,49,550.0,1.0,600,64.0,71.0,67.0,67.0,66.0,73.0,114.0,90.7193474403338,101.75,7.0,138.0,2025,11,46,4
254,2025-12-01,47,550.0,0.0,600,64.0,216.0,92.0,49.0,67.0,250.0,108.0,95.0263121456368,100.0,152.0,308.0,2025,12,49,4
254,2025-12-08,160,550.0,1.0,600,64.0,144.0,0.0,47.0,49.0,66.0,57.25,10.719919153923962,82.0,80.0,144.0,2025,12,50,4
255,2024-12-30,177,0.0,0.0,600,0.0,0.0,0.0,0.0,0.0,0.0,0.0,0.0,0.0,0.0,0.0,2024,12,1,4
255,2025-01-06,33,850.0,0.25,600,28.0,69.0,97.0,177.0,0.0,0.0,177.0,0.0,177.0,41.0,166.0,2025,1,2,1
255,2025-01-27,97,850.0,0.0,600,28.0,100.0,41.0,33.0,177.0,0.0,105.0,101.82337649086284,105.0,72.0,141.0,2025,1,5,1
255,2025-02-03,88,850.0,1.0,600,28.0,239.0,16.0,97.0,33.0,0.0,102.33333333333333,72.14799604516631,102.33333333333333,211.0,255.0,2025,2,6,1
255,2025-02-10,58,850.0,0.0,600,28.0,88.0,68.0,88.0,97.0,177.0,98.75,59.34292993553093,98.75,60.0,156.0,2025,2,7,1
255,2025-02-24,36,850.0,1.0,600,28.0,186.0,86.0,58.0,88.0,33.0,69.0,29.223278392404918,90.6,158.0,272.0,2025,2,9,1
255,2025-03-03,209,850.0,1.0,600,28.0,193.0,39.0,36.0,58.0,97.0,69.75,28.004463929880895,81.5,165.0,232.0,2025,3,10,1
255,2025-03-10,98,850.0,0.3333333333333333,600,28.0,12.0,50.0,209.0,36.0,88.0,97.75,77.16810653804244,99.71428571428571,-16.0,62.0,2025,3,11,1
255,2025-03-31,94,850.0,0.0,600,28.0,12.0,50.0,98.0,209.0,58.0,100.25,76.90849541283893,99.5,-16.0,62.0,2025,3,14,1
255,2025-04-07,95,850.0,0.3333333333333333,600,28.0,11.0,0.0,94.0,98.0,36.0,109.25,72.28358504298654,89.125,-17.0,11.0,2025,4,15,2
255,2025-04-28,48,850.0,0.0,600,28.0,212.0,89.0,95.0,94.0,209.0,124.0,56.69215113223348,96.875,184.0,301.0,2025,4,18,2
255,2025-05-05,142,850.0,0.0,600,28.0,212.0,89.0,48.0,95.0,98.0,83.75,23.893862531341984,90.75,184.0,301.0,2025,5,19,2
255,2025-05-12,90,850.0,0.6666666666666666,600,28.0,149.0,56.0,142.0,48.0,94.0,94.75,38.378596465564875,97.5,121.0,205.0,2025,5,20,2
255,2025-05-26,28,850.0,1.0,600,28.0,149.0,56.0,90.0,142.0,95.0,93.75,38.45668559128138,101.5,121.0,205.0,2025,5,22,2
255,2025-06-02,294,850.0,0.0,600,28.0,149.0,56.0,28.0,90.0,48.0,77.0,50.45129664670012,100.5,121.0,205.0,2025,6,23,2
255,2025-06-09,70,850.0,0.5,600,28.0,51.0,12.0,294.0,28.0,142.0,138.5,113.65884626078753,111.125,23.0,63.0,2025,6,24,2
255,2025-06-30,237,850.0,0.3333333333333333,600,28.0,124.0,79.0,70.0,294.0,90.0,120.5,118.51722800223322,107.625,96.0,203.0,2025,6,27,2
255,2025-07-07,136,850.0,0.4,600,28.0,113.0,87.0,237.0,70.0,28.0,157.25,128.29490766719204,125.5,85.0,200.0,2025,7,28,3
255,2025-07-28,82,850.0,0.0,600,28.0,238.0,73.0,136.0,237.0,294.0,184.25,100.3473135332149,130.625,210.0,311.0,2025,7,31,3
255,2025-08-04,99,850.0,0.5,600,28.0,187.0,89.0,82.0,136.0,70.0,131.25,76.11997109826041,134.875,159.0,276.0,2025,8,32,3
255,2025-08-11,81,850.0,0.0,600,28.0,135.0,58.0,99.0,82.0,237.0,138.5,69.42862041934387,129.5,107.0,193.0,2025,8,33,3
255,2025-09-01,139,850.0,0.5,600,28.0,113.0,78.0,81.0,99.0,136.0,99.5,25.696951829610708,128.375,85.0,191.0,2025,9,36,3
255,2025-09-08,102,850.0,0.3333333333333333,600,28.0,113.0,78.0,139.0,81.0,82.0,100.25,27.121639576790578,142.25,85.0,191.0,2025,9,37,3
255,2025-09-29,282,850.0,0.0,600,28.0,71.0,59.0,102.0,139.0,99.0,105.25,24.336187047275907,118.25,43.0,130.0,2025,9,40,3
255,2025-10-06,145,850.0,0.4,600,28.0,71.0,59.0,282.0,102.0,81.0,151.0,90.56489386070079,144.75,43.0,130.0,2025,10,41,4
255,2025-11-03,55,850.0,0.25,600,28.0,106.0,76.0,145.0,282.0,139.0,167.0,78.9894507724502,133.25,78.0,182.0,2025,11,45,4
255,2025-11-10,60,850.0,0.0,600,28.0,72.0,62.0,55.0,145.0,102.0,146.0,97.8331913684376,123.125,44.0,134.0,2025,11,46,4
255,2025-12-01,159,850.0,0.0,600,28.0,142.0,2.0,60.0,55.0,282.0,135.5,106.0393008904403,120.375,114.0,144.0,2025,12,49,4
255,2025-12-08,105,850.0,0.3333333333333333,600,28.0,173.0,16.0,159.0,60.0,145.0,104.75,54.89611400940264,127.875,145.0,189.0,2025,12,50,4
256,2024-12-30,26,0.0,0.0,999,0.0,0.0,0.0,0.0,0.0,0.0,0.0,0.0,0.0,0.0,0.0,2024,12,1,4
256,2025-01-06,156,350.0,0.0,999,74.0,0.0,0.0,26.0,0.0,0.0,26.0,0.0,26.0,0.0,0.0,2025,1,2,1
256,2025-01-27,39,350.0,0.5,999,74.0,20.0,49.0,156.0,26.0,0.0,91.0,91.92388155425118,91.0,-54.0,69.0,2025,1,5,1
256,2025-02-03,81,350.0,1.0,999,74.0,20.0,49.0,39.0,156.0,0.0,73.66666666666667,71.59841711471933,73.66666666666667,-54.0,69.0,2025,2,6,1
256,2025-02-10,79,350.0,0.3333333333333333,999,74.0,205.0,44.0,81.0,39.0,26.0,75.5,58.57473858242989,75.5,131.0,249.0,2025,2,7,1
256,2025-02-24,35,350.0,0.3333333333333333,999,74.0,212.0,5.0,79.0,81.0,156.0,88.75,48.82878249557325,76.2,138.0,217.0,2025,2,9,1
256,2025-03-03,254,350.0,1.0,999,74.0,43.0,77.0,35.0,79.0,39.0,58.5,24.893104801664798,69.33333333333333,-31.0,120.0,2025,3,10,1
256,2025-03-10,49,350.0,0.4,999,74.0,138.0,80.0,254.0,35.0,81.0,112.25,96.85513237132386,95.71428571428571,64.0,218.0,2025,3,11,1
256,2025-03-31,100,350.0,0.0,999,74.0,138.0,80.0,49.0,254.0,79.0,104.25,101.50656793199805,89.875,64.0,218.0,2025,3,14,1
256,2025-04-07,112,350.0,0.0,999,74.0,170.0,1.0,100.0,49.0,35.0,109.5,100.30121302024884,99.125,96.0,171.0,2025,4,15,2
256,2025-04-28,89,350.0,0.3333333333333333,999,74.0,170.0,1.0,112.0,100.0,254.0,128.75,87.85357135597846,93.625,96.0,171.0,2025,4,18,2
256,2025-05-05,100,350.0,0.0,999,74.0,170.0,1.0,89.0,112.0,49.0,87.5,27.331300737432873,99.875,96.0,171.0,2025,5,19,2
256,2025-05-12,21,350.0,0.0,999,74.0,157.0,52.0,100.0,89.0,100.0,100.25,9.394147114027904,102.25,83.0,209.0,2025,5,20,2
256,2025-05-26,33,350.0,0.0,999,74.0,146.0,27.0,21.0,100.0,112.0,80.5,40.763545805862684,95.0,72.0,173.0,2025,5,22,2
256,2025-06-02,211,350.0,0.0,999,74.0,146.0,27.0,33.0,21.0,89.0,60.75,39.53374086355433,94.75,72.0,173.0,2025,6,23,2
256,2025-06-09,105,350.0,0.25,999,74.0,235.0,34.0,211.0,33.0,100.0,91.25,87.072287975758,89.375,161.0,269.0,2025,6,24,2
256,2025-06-30,162,350.0,0.6666666666666666,999,74.0,27.0,63.0,105.0,211.0,21.0,92.5,87.27542609463444,96.375,-47.0,90.0,2025,6,27,2
256,2025-07-07,92,350.0,0.25,999,74.0,191.0,38.0,162.0,105.0,33.0,127.75,76.59144860883622,104.125,117.0,229.0,2025,7,28,3
256,2025-08-04,150,350.0,0.0,999,74.0,74.0,25.0,92.0,162.0,211.0,142.5,54.86042896903619,101.625,0.0,99.0,2025,8,32,3
256,2025-08-11,65,350.0,0.25,999,74.0,208.0,68.0,150.0,92.0,105.0,127.25,33.974254958718355,109.25,134.0,276.0,2025,8,33,3
256,2025-09-01,120,350.0,0.5,999,74.0,208.0,68.0,65.0,150.0,162.0,117.25,46.34202556355659,104.875,134.0,276.0,2025,9,36,3
256,2025-09-08,120,350.0,0.3333333333333333,999,74.0,33.0,7.0,120.0,65.0,92.0,106.75,36.545633574112955,117.25,-41.0,40.0,2025,9,37,3
256,2025-09-29,104,350.0,0.5,999,74.0,242.0,84.0,120.0,120.0,150.0,113.75,35.44361719689455,128.125,168.0,326.0,2025,9,40,3
256,2025-10-27,49,350.0,0.3333333333333333,999,74.0,242.0,84.0,104.0,120.0,65.0,102.25,25.95348403072952,114.75,168.0,326.0,2025,10,44,4
256,2025-11-03,116,350.0,1.0,999,74.0,150.0,32.0,49.0,104.0,120.0,98.25,33.68852425777457,107.75,76.0,182.0,2025,11,45,4
256,2025-11-10,75,350.0,0.2,999,74.0,163.0,52.0,116.0,49.0,120.0,97.25,32.8772971314046,102.0,89.0,215.0,2025,11,46,4
256,2025-12-01,172,350.0,0.3333333333333333,999,74.0,163.0,52.0,75.0,116.0,104.0,86.0,30.07767721528153,99.875,89.0,215.0,2025,12,49,4
256,2025-12-08,50,350.0,0.25,999,74.0,163.0,52.0,172.0,75.0,49.0,103.0,53.6345659688476,102.625,89.0,215.0,2025,12,50,4
257,2024-12-30,174,0.0,0.0,350,0.0,0.0,0.0,0.0,0.0,0.0,0.0,0.0,0.0,0.0,0.0,2024,12,1,4
257,2025-01-06,144,550.0,0.6666666666666666,350,42.0,88.0,74.0,174.0,0.0,0.0,174.0,0.0,174.0,46.0,162.0,2025,1,2,1
257,2025-01-27,25,550.0,0.6666666666666666,350,42.0,189.0,49.0,144.0,174.0,0.0,159.0,21.213203435596427,159.0,147.0,238.0,2025,1,5,1
257,2025-02-03,129,550.0,0.0,350,42.0,189.0,49.0,25.0,144.0,0.0,114.33333333333333,78.8056681548563,114.33333333333333,147.0,238.0,2025,2,6,1
257,2025-02-10,60,550.0,0.25,350,42.0,226.0,22.0,129.0,25.0,174.0,118.0,64.76109943476871,118.0,184.0,248.0,2025,2,7,1
257,2025-02-24,27,550.0,0.0,350,42.0,226.0,22.0,60.0,129.0,144.0,89.5,56.45352070508978,106.4,184.0,248.0,2025,2,9,1
257,2025-03-03,315,550.0,1.0,350,42.0,226.0,22.0,27.0,60.0,25.0,60.25,48.56181627575312,93.16666666666667,184.0,248.0,2025,3,10,1
257,2025-03-10,121,550.0,0.6666666666666666,350,42.0,149.0,5.0,315.0,27.0,129.0,132.75,128.71771439860171,124.85714285714286,107.0,154.0,2025,3,11,1
257,2025-03-31,152,550.0,1.0,350,42.0,156.0,39.0,121.0,315.0,60.0,130.75,128.85747941039355,124.375,114.0,195.0,2025,3,14,1
257,2025-04-07,157,550.0,0.5,350,42.0,32.0,42.0,152.0,121.0,27.0,153.75,119.92045975006377,121.625,-10.0,74.0,2025,4,15,2
257,2025-04-28,95,550.0,0.25,350,42.0,42.0,58.0,157.0,152.0,315.0,186.25,87.29786175311894,123.25,0.0,100.0,2025,4,18,2
257,2025-05-05,84,550.0,0.0,350,42.0,146.0,9.0,95.0,157.0,121.0,131.25,28.941032001871218,132.0,104.0,155.0,2025,5,19,2
257,2025-05-12,62,550.0,0.3333333333333333,350,42.0,249.0,56.0,84.0,95.0,152.0,122.0,37.850583438920296,126.375,207.0,305.0,2025,5,20,2
257,2025-05-26,64,550.0,1.0,350,42.0,26.0,30.0,62.0,84.0,157.0,99.5,40.71445279832049,126.625,-16.0,56.0,2025,5,22,2
257,2025-06-02,73,550.0,1.0,350,42.0,37.0,87.0,64.0,62.0,95.0,76.25,15.966109941581482,131.25,-5.0,124.0,2025,6,23,2
257,2025-06-09,88,550.0,0.0,350,42.0,151.0,64.0,73.0,64.0,84.0,70.75,10.045728777279777,101.0,109.0,215.0,2025,6,24,2
257,2025-06-30,131,550.0,0.0,350,42.0,247.0,99.0,88.0,73.0,62.0,71.75,11.842719282327026,96.875,205.0,346.0,2025,6,27,2
257,2025-07-07,177,550.0,0.25,350,42.0,247.0,99.0,131.0,88.0,64.0,89.0,29.698484809835,94.25,205.0,346.0,2025,7,28,3
257,2025-07-28,38,550.0,0.25,350,42.0,182.0,2.0,177.0,131.0,73.0,117.25,46.80722878644566,96.75,140.0,184.0,2025,7,31,3
257,2025-08-04,53,550.0,1.0,350,42.0,220.0,33.0,38.0,177.0,88.0,108.5,59.41099785954337,89.625,178.0,253.0,2025,8,32,3
257,2025-09-01,139,550.0,0.0,350,42.0,183.0,50.0,53.0,38.0,131.0,99.75,65.68295060363839,85.75,141.0,233.0,2025,9,36,3
257,2025-09-08,145,550.0,0.0,350,42.0,175.0,36.0,139.0,53.0,177.0,101.75,67.05905357717678,95.375,133.0,211.0,2025,9,37,3
257,2025-09-29,110,550.0,0.5,350,42.0,175.0,36.0,145.0,139.0,38.0,93.75,56.10332729289176,105.5,133.0,211.0,2025,9,40,3
257,2025-10-06,282,550.0,0.0,350,42.0,175.0,36.0,110.0,145.0,53.0,111.75,42.04263708823857,110.125,133.0,211.0,2025,10,41,4
257,2025-10-27,44,550.0,0.5,350,42.0,108.0,4.0,282.0,110.0,139.0,169.0,76.86785197120228,134.375,66.0,112.0,2025,10,44,4
257,2025-11-03,29,550.0,0.0,350,42.0,102.0,57.0,44.0,282.0,145.0,145.25,100.32405826453925,123.5,60.0,159.0,2025,11,45,4
257,2025-11-10,99,550.0,0.0,350,42.0,102.0,57.0,29.0,44.0,110.0,116.25,115.96659001626287,105.0,60.0,159.0,2025,11,46,4
257,2025-12-01,93,550.0,0.5,350,42.0,102.0,57.0,99.0,29.0,282.0,113.5,116.29416723693986,112.625,60.0,159.0,2025,12,49,4
257,2025-12-08,200,550.0,0.3333333333333333,350,42.0,186.0,33.0,93.0,99.0,44.0,66.25,34.97975605022618,117.625,144.0,219.0,2025,12,50,4
258,2024-12-30,111,0.0,0.0,550,0.0,0.0,0.0,0.0,0.0,0.0,0.0,0.0,0.0,0.0,0.0,2024,12,1,4
258,2025-01-06,150,1200.0,0.25,550,73.0,144.0,80.0,111.0,0.0,0.0,111.0,0.0,111.0,71.0,224.0,2025,1,2,1
258,2025-01-27,52,1200.0,0.25,550,73.0,235.0,96.0,150.0,111.0,0.0,130.5,27.577164466275352,130.5,162.0,331.0,2025,1,5,1
258,2025-02-03,142,1200.0,0.0,550,73.0,235.0,96.0,52.0,150.0,0.0,104.33333333333333,49.33896364267629,104.33333333333333,162.0,331.0,2025,2,6,1
258,2025-02-10,23,1200.0,1.0,550,73.0,245.0,94.0,142.0,52.0,111.0,113.75,44.47002735926,113.75,172.0,339.0,2025,2,7,1
258,2025-02-24,42,1200.0,0.0,550,73.0,224.0,19.0,23.0,142.0,150.0,91.75,63.835073953639835,95.6,151.0,243.0,2025,2,9,1
258,2025-03-03,137,1200.0,1.0,550,73.0,235.0,39.0,42.0,23.0,52.0,64.75,52.885883434681006,86.66666666666667,162.0,274.0,2025,3,10,1
258,2025-03-10,47,1200.0,0.3333333333333333,550,73.0,235.0,39.0,137.0,42.0,142.0,86.0,62.294997123899655,93.85714285714286,162.0,274.0,2025,3,11,1
258,2025-03-31,125,1200.0,0.0,550,73.0,235.0,39.0,47.0,137.0,23.0,62.25,50.894498720392164,88.0,162.0,274.0,2025,3,14,1
258,2025-04-07,72,1200.0,0.3333333333333333,550,73.0,194.0,33.0,125.0,47.0,42.0,87.75,50.22200712834962,89.75,121.0,227.0,2025,4,15,2
258,2025-04-28,23,1200.0,0.0,550,73.0,213.0,61.0,72.0,125.0,137.0,95.25,42.80478945164898,80.0,140.0,274.0,2025,4,18,2
258,2025-05-05,25,1200.0,0.0,550,73.0,213.0,61.0,23.0,72.0,47.0,66.75,43.68352092036538,76.375,140.0,274.0,2025,5,19,2
258,2025-05-26,26,1200.0,0.0,550,73.0,72.0,26.0,25.0,23.0,125.0,61.25,48.155131259987925,61.75,-1.0,98.0,2025,5,22,2
258,2025-06-02,53,1200.0,0.0,550,73.0,62.0,91.0,26.0,25.0,72.0,36.5,23.69950773047125,62.125,-11.0,153.0,2025,6,23,2
258,2025-06-09,112,1200.0,0.0,550,73.0,78.0,30.0,53.0,26.0,23.0,31.75,14.22146265332789,63.5,5.0,108.0,2025,6,24,2
258,2025-06-30,181,1200.0,0.3333333333333333,550,73.0,137.0,25.0,112.0,53.0,25.0,54.0,40.78398378448743,60.375,64.0,162.0,2025,6,27,2
258,2025-07-07,185,1200.0,0.16666666666666666,550,73.0,207.0,9.0,181.0,112.0,26.0,93.0,68.78468821862417,77.125,134.0,216.0,2025,7,28,3
258,2025-07-28,19,1200.0,0.4,550,73.0,207.0,9.0,185.0,181.0,53.0,132.75,62.84571054044448,84.625,134.0,216.0,2025,7,31,3
258,2025-08-04,121,1200.0,0.0,550,73.0,142.0,77.0,19.0,185.0,112.0,124.25,77.75763628094671,78.0,69.0,219.0,2025,8,32,3
258,2025-08-11,83,1200.0,0.6666666666666666,550,73.0,56.0,53.0,121.0,19.0,181.0,126.5,77.41446893184762,90.25,-17.0,109.0,2025,8,33,3
258,2025-09-01,193,1200.0,0.5,550,73.0,81.0,37.0,83.0,121.0,185.0,102.0,69.5221787153807,97.5,8.0,118.0,2025,9,36,3
258,2025-09-08,102,1200.0,0.25,550,73.0,81.0,37.0,193.0,83.0,19.0,104.0,72.74613391789285,118.375,8.0,118.0,2025,9,37,3
258,2025-09-29,124,1200.0,0.3333333333333333,550,73.0,81.0,37.0,102.0,193.0,121.0,124.75,48.071994619182036,124.5,8.0,118.0,2025,9,40,3
258,2025-10-06,43,1200.0,0.6666666666666666,550,73.0,205.0,6.0,124.0,102.0,83.0,125.5,48.01735797257765,126.0,132.0,211.0,2025,10,41,4
258,2025-10-27,48,1200.0,0.5,550,73.0,233.0,24.0,43.0,124.0,193.0,115.5,61.95966429863868,108.75,160.0,257.0,2025,10,44,4
258,2025-11-03,203,1200.0,0.0,550,73.0,218.0,39.0,48.0,43.0,102.0,79.25,40.044766616042764,91.625,145.0,257.0,2025,11,45,4
258,2025-11-10,25,1200.0,0.4,550,73.0,182.0,27.0,203.0,48.0,124.0,104.5,75.40335978367719,114.625,109.0,209.0,2025,11,46,4
258,2025-12-01,171,1200.0,0.0,550,73.0,72.0,47.0,25.0,203.0,43.0,79.75,82.75818187144198,102.625,-1.0,119.0,2025,12,49,4
258,2025-12-08,97,1200.0,0.2,550,73.0,32.0,25.0,171.0,25.0,48.0,111.75,88.36807492905267,113.625,-41.0,57.0,2025,12,50,4
259,2024-12-30,97,0.0,0.0,1200,0.0,0.0,0.0,0.0,0.0,0.0,0.0,0.0,0.0,0.0,0.0,2024,12,1,4
259,2025-01-06,125,650.0,0.3333333333333333,1200,78.0,88.0,51.0,97.0,0.0,0.0,97.0,0.0,97.0,10.0,139.0,2025,1,2,1
259,2025-01-27,52,650.0,0.0,1200,78.0,163.0,40.0,125.0,97.0,0.0,111.0,19.79898987322333,111.0,85.0,203.0,2025,1,5,1
259,2025-02-03,84,650.0,0.0,1200,78.0,163.0,40.0,52.0,125.0,0.0,91.33333333333333,36.8284310463171,91.33333333333333,85.0,203.0,2025,2,6,1
259,2025-02-10,182,650.0,0.0,1200,78.0,107.0,2.0,84.0,52.0,97.0,89.5,30.293013495964157,89.5,29.0,109.0,2025,2,7,1
259,2025-03-03,66,650.0,0.6666666666666666,1200,78.0,107.0,2.0,182.0,84.0,125.0,110.75,56.11520887127363,108.0,29.0,109.0,2025,3,10,1
259,2025-03-10,87,650.0,0.5,1200,78.0,94.0,54.0,66.0,182.0,52.0,96.0,58.81042991397586,101.0,16.0,148.0,2025,3,11,1
259,2025-03-31,198,650.0,1.0,1200,78.0,77.0,36.0,87.0,66.0,84.0,104.75,52.32829062753722,99.0,-1.0,113.0,2025,3,14,1
259,2025-04-07,126,650.0,0.2,1200,78.0,105.0,6.0,198.0,87.0,182.0,133.25,66.40971314499107,111.375,27.0,111.0,2025,4,15,2
259,2025-04-28,126,650.0,0.25,1200,78.0,105.0,6.0,126.0,198.0,66.0,119.25,58.088294862218156,115.0,27.0,111.0,2025,4,18,2
259,2025-05-05,75,650.0,0.3333333333333333,1200,78.0,209.0,54.0,126.0,126.0,87.0,134.25,46.30604712129939,115.125,131.0,263.0,2025,5,19,2
259,2025-06-09,194,650.0,0.0,1200,78.0,50.0,92.0,75.0,126.0,198.0,131.25,50.5791459002621,118.0,-28.0,142.0,2025,6,24,2
259,2025-06-30,135,650.0,0.0,1200,78.0,101.0,48.0,194.0,75.0,126.0,130.25,48.82878249557324,131.75,23.0,149.0,2025,6,27,2
259,2025-07-07,82,650.0,0.0,1200,78.0,30.0,42.0,135.0,194.0,126.0,132.5,48.774993593028796,125.875,-48.0,72.0,2025,7,28,3
259,2025-07-28,44,650.0,0.0,1200,78.0,233.0,64.0,82.0,135.0,75.0,121.5,55.25999155507234,127.875,155.0,297.0,2025,7,31,3
259,2025-08-04,136,650.0,1.0,1200,78.0,19.0,1.0,44.0,82.0,194.0,113.75,65.22972226421531,122.5,-59.0,20.0,2025,8,32,3
259,2025-08-11,56,650.0,0.2,1200,78.0,78.0,63.0,136.0,44.0,135.0,99.25,44.642095231593544,114.75,0.0,141.0,2025,8,33,3
259,2025-09-01,109,650.0,0.0,1200,78.0,217.0,27.0,56.0,136.0,82.0,79.5,40.869711686447374,106.0,139.0,244.0,2025,9,36,3
259,2025-09-08,93,650.0,0.25,1200,78.0,228.0,14.0,109.0,56.0,44.0,86.25,43.56125954714043,103.875,150.0,242.0,2025,9,37,3
259,2025-09-29,164,650.0,0.5,1200,78.0,91.0,95.0,93.0,109.0,136.0,98.5,33.43152205130162,106.125,13.0,186.0,2025,9,40,3
259,2025-10-06,125,650.0,0.5,1200,78.0,166.0,39.0,164.0,93.0,56.0,105.5,44.87389738663967,102.375,88.0,205.0,2025,10,41,4
259,2025-10-27,69,650.0,1.0,1200,78.0,158.0,10.0,125.0,164.0,109.0,122.75,30.445306151633073,101.125,80.0,168.0,2025,10,44,4
259,2025-11-03,87,650.0,1.0,1200,78.0,94.0,20.0,69.0,125.0,93.0,112.75,41.15316917727398,99.5,16.0,114.0,2025,11,45,4
259,2025-12-01,194,650.0,0.0,1200,78.0,125.0,33.0,87.0,69.0,164.0,111.25,42.20880634812282,104.875,47.0,158.0,2025,12,49,4
259,2025-12-08,65,650.0,0.6,1200,78.0,27.0,28.0,194.0,87.0,125.0,118.75,55.33157627732408,112.125,-51.0,55.0,2025,12,50,4
260,2024-12-30,89,0.0,0.0,2200,0.0,0.0,0.0,0.0,0.0,0.0,0.0,0.0,0.0,0.0,0.0,2024,12,1,4
260,2025-01-06,197,700.0,0.0,2200,82.0,0.0,0.0,89.0,0.0,0.0,89.0,0.0,89.0,0.0,0.0,2025,1,2,1
260,2025-01-27,16,700.0,0.25,2200,82.0,140.0,16.0,197.0,89.0,0.0,143.0,76.36753236814714,143.0,58.0,156.0,2025,1,5,1
260,2025-02-03,199,700.0,0.0,2200,82.0,140.0,16.0,16.0,197.0,0.0,100.66666666666667,91.0622497708756,100.66666666666667,58.0,156.0,2025,2,6,1
260,2025-02-10,37,700.0,0.5,2200,82.0,140.0,16.0,199.0,16.0,89.0,125.25,89.13800162295166,125.25,58.0,156.0,2025,2,7,1
260,2025-03-03,91,700.0,0.0,2200,82.0,185.0,96.0,37.0,199.0,197.0,112.25,99.38938575119579,107.6,103.0,281.0,2025,3,10,1
260,2025-03-10,74,700.0,0.0,2200,82.0,185.0,96.0,91.0,37.0,16.0,85.75,81.84283719422244,104.83333333333333,103.0,281.0,2025,3,11,1
260,2025-03-31,97,700.0,0.5,2200,82.0,185.0,96.0,74.0,91.0,199.0,100.25,69.58627738282887,100.42857142857143,103.0,281.0,2025,3,14,1
260,2025-04-07,26,700.0,0.0,2200,82.0,130.0,66.0,97.0,74.0,37.0,74.75,26.986107537027276,100.0,48.0,196.0,2025,4,15,2
260,2025-04-28,81,700.0,0.0,2200,82.0,125.0,23.0,26.0,97.0,91.0,72.0,32.17659604950986,92.125,43.0,148.0,2025,4,18,2
260,2025-05-05,171,700.0,0.3333333333333333,2200,82.0,125.0,23.0,81.0,26.0,74.0,69.5,30.555959593288296,77.625,43.0,148.0,2025,5,19,2
260,2025-05-26,96,700.0,0.25,2200,82.0,175.0,80.0,171.0,81.0,97.0,93.75,59.807329539669865,97.0,93.0,255.0,2025,5,22,2
260,2025-06-02,124,700.0,1.0,2200,82.0,175.0,80.0,96.0,171.0,26.0,93.5,59.79130371550699,84.125,93.0,255.0,2025,6,23,2
260,2025-06-09,101,700.0,0.3333333333333333,2200,82.0,134.0,99.0,124.0,96.0,81.0,118.0,39.572717874818764,95.0,52.0,233.0,2025,6,24,2
260,2025-06-30,19,700.0,0.5,2200,82.0,134.0,99.0,101.0,124.0,171.0,123.0,34.24422092363421,96.25,52.0,233.0,2025,6,27,2
260,2025-07-07,171,700.0,0.0,2200,82.0,63.0,39.0,19.0,101.0,96.0,85.0,45.6581500574286,89.375,-19.0,102.0,2025,7,28,3
260,2025-07-28,67,700.0,0.5,2200,82.0,166.0,82.0,171.0,19.0,124.0,103.75,63.568204840680124,98.625,84.0,248.0,2025,7,31,3
260,2025-08-04,128,700.0,0.0,2200,82.0,166.0,82.0,67.0,171.0,101.0,89.5,63.903573191697724,103.75,84.0,248.0,2025,8,32,3
260,2025-09-01,110,700.0,1.0,2200,82.0,67.0,46.0,128.0,67.0,19.0,96.25,66.87986742411103,109.625,-15.0,113.0,2025,9,36,3
260,2025-09-08,186,700.0,0.0,2200,82.0,24.0,17.0,110.0,128.0,171.0,119.0,43.089055068157016,102.0,-58.0,41.0,2025,9,37,3
260,2025-09-29,114,700.0,0.6666666666666666,2200,82.0,37.0,1.0,186.0,110.0,67.0,122.75,49.324605083737545,113.25,-45.0,38.0,2025,9,40,3
260,2025-10-06,80,700.0,0.5,2200,82.0,171.0,90.0,114.0,186.0,128.0,134.5,35.189960689567904,112.0,89.0,261.0,2025,10,41,4
260,2025-11-03,78,700.0,0.0,2200,82.0,30.0,90.0,80.0,114.0,110.0,122.5,44.97036060933172,109.375,-52.0,120.0,2025,11,45,4
260,2025-11-10,28,700.0,0.3333333333333333,2200,82.0,87.0,87.0,78.0,80.0,186.0,114.5,50.44799302251777,116.75,5.0,174.0,2025,11,46,4
260,2025-12-01,104,700.0,1.0,2200,82.0,151.0,82.0,28.0,78.0,114.0,75.0,35.42127421009397,98.875,69.0,233.0,2025,12,49,4
260,2025-12-08,134,700.0,0.0,2200,82.0,228.0,69.0,104.0,28.0,80.0,72.5,31.93221988316296,103.5,146.0,297.0,2025,12,50,4
261,2024-12-30,184,0.0,0.0,600,0.0,0.0,0.0,0.0,0.0,0.0,0.0,0.0,0.0,0.0,0.0,2024,12,1,4
261,2025-01-06,128,850.0,0.5,600,28.0,114.0,37.0,184.0,0.0,0.0,184.0,0.0,184.0,86.0,151.0,2025,1,2,1
261,2025-01-27,26,850.0,0.0,600,28.0,114.0,37.0,128.0,184.0,0.0,156.0,39.59797974644666,156.0,86.0,151.0,2025,1,5,1
261,2025-02-03,168,850.0,0.0,600,28.0,17.0,40.0,26.0,128.0,0.0,112.66666666666667,80.10826008180014,112.66666666666667,-11.0,57.0,2025,2,6,1
261,2025-02-10,70,850.0,0.6666666666666666,600,28.0,17.0,40.0,168.0,26.0,184.0,126.5,71.01877685983241,126.5,-11.0,57.0,2025,2,7,1
261,2025-03-03,218,850.0,0.0,600,28.0,70.0,34.0,70.0,168.0,128.0,98.0,62.63119563497624,115.2,42.0,104.0,2025,3,10,1
261,2025-03-10,85,850.0,0.4,600,28.0,154.0,38.0,218.0,70.0,26.0,120.5,88.02083086785007,132.33333333333334,126.0,192.0,2025,3,11,1
261,2025-03-31,159,850.0,0.5,600,28.0,85.0,9.0,85.0,218.0,168.0,135.25,70.00654731285258,125.57142857142857,57.0,94.0,2025,3,14,1
261,2025-04-07,79,850.0,0.25,600,28.0,19.0,48.0,159.0,85.0,70.0,133.0,68.73621073834859,129.75,-9.0,67.0,2025,4,15,2
261,2025-04-28,138,850.0,0.3333333333333333,600,28.0,179.0,57.0,79.0,159.0,218.0,135.25,66.08265026969384,116.625,151.0,236.0,2025,4,18,2
261,2025-05-05,130,850.0,1.0,600,28.0,51.0,26.0,138.0,79.0,85.0,115.25,39.415521477374035,117.875,23.0,77.0,2025,5,19,2
261,2025-05-12,68,850.0,1.0,600,28.0,130.0,61.0,130.0,138.0,159.0,126.5,33.94603560555096,130.875,102.0,191.0,2025,5,20,2
261,2025-06-02,195,850.0,1.0,600,28.0,222.0,86.0,68.0,130.0,79.0,103.75,35.36830030785572,118.375,194.0,308.0,2025,6,23,2
261,2025-06-09,45,850.0,0.25,600,28.0,116.0,21.0,195.0,68.0,138.0,132.75,51.9703441076415,134.0,88.0,137.0,2025,6,24,2
261,2025-06-30,227,850.0,0.0,600,28.0,190.0,60.0,45.0,195.0,130.0,109.5,67.3622050312092,112.375,162.0,250.0,2025,6,27,2
261,2025-07-07,51,850.0,0.6,600,28.0,101.0,11.0,227.0,45.0,68.0,133.75,90.63985510432667,130.125,73.0,112.0,2025,7,28,3
261,2025-07-28,32,850.0,0.0,600,28.0,201.0,32.0,51.0,227.0,195.0,129.5,95.0420959364849,116.625,173.0,233.0,2025,7,31,3
261,2025-08-04,187,850.0,0.0,600,28.0,123.0,40.0,32.0,51.0,45.0,88.75,92.5072069264516,110.75,95.0,163.0,2025,8,32,3
261,2025-09-01,189,850.0,0.0,600,28.0,51.0,89.0,187.0,32.0,227.0,124.25,97.24667946344834,116.875,23.0,140.0,2025,9,36,3
261,2025-09-08,43,850.0,0.5,600,28.0,93.0,3.0,189.0,187.0,51.0,114.75,84.94066556524423,124.25,65.0,96.0,2025,9,37,3
261,2025-09-29,128,850.0,0.0,600,28.0,93.0,3.0,43.0,189.0,32.0,112.75,87.0110146284174,121.125,65.0,96.0,2025,9,40,3
261,2025-10-06,283,850.0,0.3333333333333333,600,28.0,47.0,92.0,128.0,43.0,187.0,136.75,68.60697243478003,112.75,19.0,139.0,2025,10,41,4
261,2025-11-03,188,850.0,0.4,600,28.0,226.0,36.0,283.0,128.0,189.0,160.75,101.12821894341197,142.5,198.0,262.0,2025,11,45,4
261,2025-11-10,94,850.0,0.3333333333333333,600,28.0,250.0,6.0,188.0,283.0,43.0,160.5,101.03629710818451,137.625,222.0,256.0,2025,11,46,4
261,2025-12-01,70,850.0,0.0,600,28.0,250.0,6.0,94.0,188.0,128.0,173.25,82.8467460636405,143.0,222.0,256.0,2025,12,49,4
261,2025-12-08,72,850.0,0.3333333333333333,600,28.0,96.0,85.0,70.0,94.0,283.0,158.75,97.23296766015115,147.75,68.0,181.0,2025,12,50,4
262,2024-12-30,30,0.0,0.0,900,0.0,0.0,0.0,0.0,0.0,0.0,0.0,0.0,0.0,0.0,0.0,2024,12,1,4
262,2025-01-06,159,550.0,0.0,900,94.0,0.0,0.0,30.0,0.0,0.0,30.0,0.0,30.0,0.0,0.0,2025,1,2,1
262,2025-01-27,25,550.0,0.2,900,94.0,79.0,82.0,159.0,30.0,0.0,94.5,91.21677477306463,94.5,-15.0,161.0,2025,1,5,1
262,2025-02-03,115,550.0,0.0,900,94.0,79.0,82.0,25.0,159.0,0.0,71.33333333333333,75.96271015000276,71.33333333333333,-15.0,161.0,2025,2,6,1
262,2025-02-10,18,550.0,0.0,900,94.0,133.0,29.0,115.0,25.0,30.0,82.25,65.7539605904719,82.25,39.0,162.0,2025,2,7,1
262,2025-02-24,68,550.0,0.0,900,94.0,133.0,29.0,18.0,115.0,159.0,79.25,69.12006462188337,69.4,39.0,162.0,2025,2,9,1
262,2025-03-03,119,550.0,1.0,900,94.0,133.0,29.0,68.0,18.0,25.0,56.5,44.82930589097568,69.16666666666667,39.0,162.0,2025,3,10,1
262,2025-03-10,53,550.0,0.0,900,94.0,121.0,18.0,119.0,68.0,115.0,80.0,47.377913278939026,76.28571428571429,27.0,139.0,2025,3,11,1
262,2025-03-31,210,550.0,0.0,900,94.0,121.0,18.0,53.0,119.0,18.0,64.5,41.94043395102154,73.375,27.0,139.0,2025,3,14,1
262,2025-04-07,76,550.0,0.5,900,94.0,187.0,62.0,210.0,53.0,68.0,112.5,70.87312607751969,95.875,93.0,249.0,2025,4,15,2
262,2025-04-28,47,550.0,0.3333333333333333,900,94.0,206.0,2.0,76.0,210.0,119.0,114.5,69.29405938943589,85.5,112.0,208.0,2025,4,18,2
262,2025-05-05,183,550.0,0.0,900,94.0,116.0,57.0,47.0,76.0,53.0,96.5,76.69202479180392,88.25,22.0,173.0,2025,5,19,2
262,2025-05-12,31,550.0,0.3333333333333333,900,94.0,116.0,57.0,183.0,47.0,210.0,129.0,79.60318251594384,96.75,22.0,173.0,2025,5,20,2
262,2025-06-02,89,550.0,0.0,900,94.0,116.0,57.0,31.0,183.0,76.0,84.25,68.41722492667083,98.375,22.0,173.0,2025,6,23,2
262,2025-06-09,23,550.0,0.5,900,94.0,203.0,63.0,89.0,31.0,47.0,87.5,68.20312798300871,101.0,109.0,266.0,2025,6,24,2
262,2025-06-30,66,550.0,1.0,900,94.0,203.0,63.0,23.0,89.0,183.0,81.5,73.78120808625098,89.0,109.0,266.0,2025,6,27,2
262,2025-07-07,143,550.0,0.0,900,94.0,178.0,42.0,66.0,23.0,31.0,52.25,30.80449101456907,90.625,84.0,220.0,2025,7,28,3
262,2025-07-28,30,550.0,0.25,900,94.0,71.0,60.0,143.0,66.0,89.0,80.25,49.98249693642765,82.25,-23.0,131.0,2025,7,31,3
262,2025-08-04,203,550.0,0.0,900,94.0,71.0,60.0,30.0,143.0,23.0,65.5,54.9939390599849,76.5,-23.0,131.0,2025,8,32,3
262,2025-08-11,132,550.0,0.4,900,94.0,51.0,3.0,203.0,30.0,66.0,110.5,77.61657898499091,96.0,-43.0,54.0,2025,8,33,3
262,2025-09-01,128,550.0,0.5,900,94.0,60.0,17.0,132.0,203.0,143.0,127.0,71.800649950633,89.625,-34.0,77.0,2025,9,36,3
262,2025-09-08,40,550.0,0.2,900,94.0,205.0,69.0,128.0,132.0,30.0,123.25,71.07449143914667,101.75,111.0,274.0,2025,9,37,3
262,2025-09-29,75,550.0,1.0,900,94.0,196.0,75.0,40.0,128.0,203.0,125.75,66.74516212180976,95.625,102.0,271.0,2025,9,40,3
262,2025-10-06,89,550.0,0.5,900,94.0,196.0,75.0,75.0,40.0,132.0,93.75,44.259650548402064,102.125,102.0,271.0,2025,10,41,4
262,2025-11-03,162,550.0,0.6666666666666666,900,94.0,156.0,99.0,89.0,75.0,128.0,83.0,36.395970472933776,105.0,62.0,255.0,2025,11,45,4
262,2025-12-01,141,550.0,0.0,900,94.0,229.0,25.0,162.0,89.0,40.0,91.5,51.31926214070763,107.375,135.0,254.0,2025,12,49,4
262,2025-12-08,124,550.0,1.0,900,94.0,156.0,98.0,141.0,162.0,75.0,116.75,41.42764777295472,121.25,62.0,254.0,2025,12,50,4
263,2024-12-30,53,0.0,0.0,2200,0.0,0.0,0.0,0.0,0.0,0.0,0.0,0.0,0.0,0.0,0.0,2024,12,1,4
263,2025-01-06,198,1200.0,0.0,2200,38.0,173.0,10.0,53.0,0.0,0.0,53.0,0.0,53.0,135.0,183.0,2025,1,2,1
263,2025-01-27,38,1200.0,0.5,2200,38.0,179.0,80.0,198.0,53.0,0.0,125.5,102.5304832720494,125.5,141.0,259.0,2025,1,5,1
263,2025-02-03,136,1200.0,1.0,2200,38.0,179.0,80.0,38.0,198.0,0.0,96.33333333333333,88.36477427874375,96.33333333333333,141.0,259.0,2025,2,6,1
263,2025-02-10,54,1200.0,1.0,2200,38.0,69.0,50.0,136.0,38.0,53.0,106.25,74.82590906007536,106.25,31.0,119.0,2025,2,7,1
263,2025-03-03,63,1200.0,0.0,2200,38.0,69.0,50.0,54.0,136.0,198.0,106.5,74.58999039191966,95.8,31.0,119.0,2025,3,10,1
263,2025-03-10,60,1200.0,0.5,2200,38.0,211.0,29.0,63.0,54.0,38.0,72.75,43.41562698691183,90.33333333333333,173.0,240.0,2025,3,11,1
263,2025-03-31,76,1200.0,1.0,2200,38.0,244.0,100.0,60.0,63.0,136.0,78.25,38.68139087468288,86.0,206.0,344.0,2025,3,14,1
263,2025-04-07,135,1200.0,0.0,2200,38.0,96.0,89.0,76.0,60.0,54.0,63.25,9.287087810503355,84.75,58.0,185.0,2025,4,15,2
263,2025-04-28,20,1200.0,0.0,2200,38.0,215.0,14.0,135.0,76.0,63.0,83.5,35.02855977627399,95.0,177.0,229.0,2025,4,18,2
263,2025-05-05,161,1200.0,0.0,2200,38.0,215.0,14.0,20.0,135.0,60.0,72.75,47.71704796680812,72.75,177.0,229.0,2025,5,19,2
263,2025-06-02,25,1200.0,0.0,2200,38.0,146.0,7.0,161.0,20.0,76.0,98.0,62.99735444180705,88.125,108.0,153.0,2025,6,23,2
263,2025-06-30,27,1200.0,0.0,2200,38.0,58.0,78.0,25.0,161.0,135.0,85.25,73.25924287533053,74.25,20.0,136.0,2025,6,27,2
263,2025-07-07,89,1200.0,0.0,2200,38.0,51.0,88.0,27.0,25.0,20.0,58.25,68.56323115684286,70.875,13.0,139.0,2025,7,28,3
263,2025-07-28,46,1200.0,0.3333333333333333,2200,38.0,19.0,49.0,89.0,27.0,161.0,75.5,64.27804187019598,74.125,-19.0,68.0,2025,7,31,3
263,2025-08-04,128,1200.0,0.0,2200,38.0,94.0,52.0,46.0,89.0,25.0,46.75,29.713913688147297,72.375,56.0,146.0,2025,8,32,3
263,2025-08-11,20,1200.0,0.25,2200,38.0,61.0,36.0,128.0,46.0,27.0,72.5,45.184805705753206,78.875,23.0,97.0,2025,8,33,3
263,2025-09-01,73,1200.0,0.0,2200,38.0,61.0,36.0,20.0,128.0,89.0,70.75,47.60514678057406,64.5,23.0,97.0,2025,9,36,3
263,2025-09-08,82,1200.0,0.5,2200,38.0,169.0,42.0,73.0,20.0,46.0,66.75,46.212372080789514,71.125,131.0,211.0,2025,9,37,3
263,2025-09-29,69,1200.0,0.5,2200,38.0,74.0,55.0,82.0,73.0,128.0,75.75,44.28976555970164,61.25,36.0,129.0,2025,9,40,3
263,2025-10-06,93,1200.0,0.0,2200,38.0,105.0,46.0,69.0,82.0,20.0,61.0,27.868739954771314,66.75,67.0,151.0,2025,10,41,4
263,2025-10-27,49,1200.0,0.0,2200,38.0,105.0,46.0,93.0,69.0,73.0,79.25,10.657548185832121,75.0,67.0,151.0,2025,10,44,4
263,2025-11-03,140,1200.0,0.0,2200,38.0,220.0,18.0,49.0,93.0,82.0,73.25,18.909873963972725,70.0,182.0,238.0,2025,11,45,4
263,2025-11-10,66,1200.0,0.25,2200,38.0,141.0,22.0,140.0,49.0,69.0,87.75,39.20352875273688,81.75,103.0,163.0,2025,11,46,4
263,2025-12-01,103,1200.0,0.0,2200,38.0,49.0,17.0,66.0,140.0,93.0,87.0,39.70726214015097,74.0,11.0,66.0,2025,12,49,4
263,2025-12-08,76,1200.0,0.0,2200,38.0,177.0,3.0,103.0,66.0,49.0,89.5,40.517485937144066,84.375,139.0,180.0,2025,12,50,4
264,2024-12-30,148,0.0,0.0,550,0.0,0.0,0.0,0.0,0.0,0.0,0.0,0.0,0.0,0.0,0.0,2024,12,1,4
264,2025-01-06,202,250.0,0.6666666666666666,550,23.0,161.0,7.0,148.0,0.0,0.0,148.0,0.0,148.0,138.0,168.0,2025,1,2,1
264,2025-02-03,115,250.0,0.3333333333333333,550,23.0,108.0,77.0,202.0,148.0,0.0,175.0,38.18376618407357,175.0,85.0,185.0,2025,2,6,1
264,2025-02-10,72,250.0,0.3333333333333333,550,23.0,135.0,11.0,115.0,202.0,0.0,155.0,43.9203825119955,155.0,112.0,146.0,2025,2,7,1
264,2025-03-03,122,250.0,1.0,550,23.0,135.0,11.0,72.0,115.0,148.0,134.25,54.847515896346664,134.25,112.0,146.0,2025,3,10,1
264,2025-03-10,37,250.0,0.0,550,23.0,148.0,28.0,122.0,72.0,202.0,127.75,54.21177608847239,131.8,125.0,176.0,2025,3,11,1
264,2025-03-31,146,250.0,1.0,550,23.0,175.0,82.0,37.0,122.0,115.0,86.5,39.719852299154724,116.0,152.0,257.0,2025,3,14,1
264,2025-04-07,233,250.0,0.3333333333333333,550,23.0,19.0,16.0,146.0,37.0,72.0,94.25,49.06033700115264,120.28571428571429,-4.0,35.0,2025,4,15,2
264,2025-05-05,163,250.0,0.4,550,23.0,56.0,68.0,233.0,146.0,122.0,134.5,80.61637550770935,134.375,33.0,124.0,2025,5,19,2
264,2025-05-26,26,250.0,0.25,550,23.0,134.0,65.0,163.0,233.0,37.0,144.75,81.10230165250141,136.25,111.0,199.0,2025,5,22,2
264,2025-06-02,92,250.0,0.0,550,23.0,134.0,65.0,26.0,163.0,146.0,142.0,86.0116271209887,114.25,111.0,199.0,2025,6,23,2
264,2025-06-09,57,250.0,0.0,550,23.0,47.0,90.0,92.0,26.0,233.0,128.5,89.34763567101258,111.375,24.0,137.0,2025,6,24,2
264,2025-06-30,199,250.0,0.5,550,23.0,44.0,30.0,57.0,92.0,163.0,84.5,58.8699130852651,109.5,21.0,74.0,2025,6,27,2
264,2025-07-07,238,250.0,0.2,550,23.0,93.0,52.0,199.0,57.0,26.0,93.5,75.3237457025782,119.125,70.0,145.0,2025,7,28,3
264,2025-07-28,53,250.0,0.75,550,23.0,112.0,58.0,238.0,199.0,92.0,146.5,85.84676270347454,144.25,89.0,170.0,2025,7,31,3
264,2025-08-04,262,250.0,0.0,550,23.0,112.0,58.0,53.0,238.0,57.0,136.75,95.74401634915189,132.625,89.0,170.0,2025,8,32,3
264,2025-08-11,55,250.0,0.3333333333333333,550,23.0,94.0,89.0,262.0,53.0,199.0,188.0,93.66963221877194,136.25,71.0,183.0,2025,8,33,3
264,2025-09-01,157,250.0,0.0,550,23.0,94.0,89.0,55.0,262.0,238.0,152.0,113.58697108383514,122.75,71.0,183.0,2025,9,36,3
264,2025-09-08,88,250.0,0.5,550,23.0,117.0,43.0,157.0,55.0,53.0,131.75,99.4899492411168,139.125,94.0,160.0,2025,9,37,3
264,2025-09-29,17,250.0,0.6666666666666666,550,23.0,117.0,43.0,88.0,157.0,262.0,140.5,91.47130697655959,138.625,94.0,160.0,2025,9,40,3
264,2025-10-06,72,250.0,0.0,550,23.0,117.0,43.0,17.0,88.0,55.0,79.25,59.399074066857295,133.625,94.0,160.0,2025,10,41,4
264,2025-10-27,49,250.0,0.0,550,23.0,167.0,11.0,72.0,17.0,157.0,83.5,57.66859341675212,117.75,144.0,178.0,2025,10,44,4
264,2025-11-03,76,250.0,1.0,550,23.0,167.0,11.0,49.0,72.0,88.0,56.5,30.81666215972563,94.125,144.0,178.0,2025,11,45,4
264,2025-11-10,20,250.0,0.0,550,23.0,202.0,32.0,76.0,49.0,17.0,53.5,27.08628189077758,97.0,179.0,234.0,2025,11,46,4
264,2025-12-01,113,250.0,0.0,550,23.0,202.0,32.0,20.0,76.0,72.0,54.25,25.747168129071312,66.75,179.0,234.0,2025,12,49,4
264,2025-12-08,123,250.0,0.0,550,23.0,127.0,65.0,113.0,20.0,49.0,64.5,39.602188491715104,74.0,104.0,192.0,2025,12,50,4
265,2024-12-30,90,0.0,0.0,350,0.0,0.0,0.0,0.0,0.0,0.0,0.0,0.0,0.0,0.0,0.0,2024,12,1,4
265,2025-01-06,138,650.0,0.3333333333333333,350,64.0,0.0,0.0,90.0,0.0,0.0,90.0,0.0,90.0,0.0,0.0,2025,1,2,1
265,2025-01-27,22,650.0,0.0,350,64.0,0.0,0.0,138.0,90.0,0.0,114.0,33.94112549695428,114.0,0.0,0.0,2025,1,5,1
265,2025-02-10,26,650.0,0.0,350,64.0,33.0,92.0,22.0,138.0,0.0,83.33333333333333,58.286647985051715,83.33333333333333,-31.0,125.0,2025,2,7,1
265,2025-02-24,42,650.0,0.0,350,64.0,40.0,26.0,26.0,22.0,90.0,69.0,55.55777773333511,69.0,-24.0,66.0,2025,2,9,1
265,2025-03-03,86,650.0,1.0,350,64.0,40.0,26.0,42.0,26.0,138.0,57.0,54.68698809284222,63.6,-24.0,66.0,2025,3,10,1
265,2025-03-10,79,650.0,0.6666666666666666,350,64.0,34.0,30.0,86.0,42.0,22.0,44.0,29.30301463444788,67.33333333333333,-30.0,64.0,2025,3,11,1
265,2025-03-31,75,650.0,0.5,350,64.0,79.0,68.0,79.0,86.0,26.0,58.25,28.894924583162812,69.0,15.0,147.0,2025,3,14,1
265,2025-04-07,118,650.0,0.0,350,64.0,152.0,40.0,75.0,79.0,42.0,70.5,19.53629101612347,69.75,88.0,192.0,2025,4,15,2
265,2025-04-28,24,650.0,0.0,350,64.0,69.0,25.0,118.0,75.0,86.0,89.5,19.53629101612347,73.25,5.0,94.0,2025,4,18,2
265,2025-05-05,292,650.0,0.0,350,64.0,85.0,91.0,24.0,118.0,79.0,74.0,38.56596081174866,59.0,21.0,176.0,2025,5,19,2
265,2025-05-12,25,650.0,0.5,350,64.0,247.0,100.0,292.0,24.0,75.0,127.25,116.35971525116987,92.75,183.0,347.0,2025,5,20,2
265,2025-06-02,98,650.0,0.0,350,64.0,247.0,100.0,25.0,292.0,118.0,114.75,126.11998255629439,92.625,183.0,347.0,2025,6,23,2
265,2025-06-09,31,650.0,0.0,350,64.0,58.0,48.0,98.0,25.0,24.0,109.75,126.3444366272875,99.625,-6.0,106.0,2025,6,24,2
265,2025-06-30,17,650.0,0.0,350,64.0,58.0,48.0,31.0,98.0,292.0,111.5,124.79983974348686,92.75,-6.0,106.0,2025,6,27,2
265,2025-07-07,34,650.0,0.0,350,64.0,58.0,48.0,17.0,31.0,25.0,42.75,37.27711541057509,85.0,-6.0,106.0,2025,7,28,3
265,2025-07-28,121,650.0,0.0,350,64.0,138.0,38.0,34.0,17.0,98.0,45.0,36.10170817749951,79.875,74.0,176.0,2025,7,31,3
265,2025-08-04,103,650.0,0.3333333333333333,350,64.0,68.0,77.0,121.0,34.0,31.0,50.75,47.41571469460312,80.25,4.0,145.0,2025,8,32,3
265,2025-09-01,172,650.0,0.5,350,64.0,23.0,82.0,103.0,121.0,17.0,68.75,50.9534100919654,90.125,-41.0,105.0,2025,9,36,3
265,2025-09-08,77,650.0,0.6,350,64.0,30.0,31.0,172.0,103.0,34.0,107.5,57.05260730238366,75.125,-34.0,61.0,2025,9,37,3
265,2025-09-29,22,650.0,1.0,350,64.0,151.0,4.0,77.0,172.0,121.0,118.25,40.12792045446663,81.625,87.0,155.0,2025,9,40,3
265,2025-10-06,98,650.0,0.0,350,64.0,151.0,4.0,22.0,77.0,103.0,93.5,62.2816184760801,72.125,87.0,155.0,2025,10,41,4
265,2025-11-03,94,650.0,0.6666666666666666,350,64.0,205.0,13.0,98.0,22.0,172.0,92.25,62.07723683713166,80.5,141.0,218.0,2025,11,45,4
265,2025-11-10,35,650.0,0.0,350,64.0,176.0,44.0,94.0,98.0,77.0,72.75,35.03688532580109,90.125,112.0,220.0,2025,11,46,4
265,2025-12-01,117,650.0,0.0,350,64.0,176.0,44.0,35.0,94.0,22.0,62.25,39.36474734242982,90.25,112.0,220.0,2025,12,49,4
265,2025-12-08,108,650.0,0.0,350,64.0,176.0,44.0,117.0,35.0,98.0,86.0,35.44949458972115,89.75,112.0,220.0,2025,12,50,4
266,2024-12-30,154,0.0,0.0,850,0.0,0.0,0.0,0.0,0.0,0.0,0.0,0.0,0.0,0.0,0.0,2024,12,1,4
266,2025-01-06,13,700.0,0.0,850,50.0,114.0,27.0,154.0,0.0,0.0,154.0,0.0,154.0,64.0,141.0,2025,1,2,1
266,2025-02-03,94,700.0,0.0,850,50.0,140.0,4.0,13.0,154.0,0.0,83.5,99.7020561473032,83.5,90.0,144.0,2025,2,6,1
266,2025-02-10,85,700.0,0.6666666666666666,850,50.0,140.0,4.0,94.0,13.0,0.0,87.0,70.76015828133795,87.0,90.0,144.0,2025,2,7,1
266,2025-02-24,111,700.0,0.0,850,50.0,140.0,4.0,85.0,94.0,154.0,86.5,57.784080852774665,86.5,90.0,144.0,2025,2,9,1
266,2025-03-03,179,700.0,0.5,850,50.0,202.0,61.0,111.0,85.0,13.0,75.75,43.200115740585694,91.4,152.0,263.0,2025,3,10,1
266,2025-03-10,79,700.0,0.0,850,50.0,202.0,61.0,179.0,111.0,94.0,117.25,42.5548665450459,106.0,152.0,263.0,2025,3,11,1
266,2025-03-31,123,700.0,0.3333333333333333,850,50.0,202.0,61.0,79.0,179.0,85.0,113.5,45.822119840385675,102.14285714285714,152.0,263.0,2025,3,14,1
266,2025-04-07,82,700.0,0.6666666666666666,850,50.0,31.0,19.0,123.0,79.0,111.0,123.0,41.69732205629837,104.75,-19.0,50.0,2025,4,15,2
266,2025-04-28,101,700.0,0.3333333333333333,850,50.0,117.0,54.0,82.0,123.0,179.0,115.75,46.70028550947699,95.75,67.0,171.0,2025,4,18,2
266,2025-05-05,51,700.0,0.0,850,50.0,22.0,34.0,101.0,82.0,79.0,96.25,20.320351046836432,106.75,-28.0,56.0,2025,5,19,2
266,2025-05-12,22,700.0,0.5,850,50.0,102.0,35.0,51.0,101.0,123.0,89.25,30.51092700438101,101.375,52.0,137.0,2025,5,20,2
266,2025-05-26,33,700.0,0.0,850,50.0,68.0,33.0,22.0,51.0,82.0,64.0,34.76588366008645,93.5,18.0,101.0,2025,5,22,2
266,2025-06-02,104,700.0,1.0,850,50.0,68.0,33.0,33.0,22.0,101.0,51.75,34.94161797436785,83.75,18.0,101.0,2025,6,23,2
266,2025-06-09,122,700.0,0.3333333333333333,850,50.0,60.0,19.0,104.0,33.0,51.0,52.5,36.35473375870969,74.375,10.0,79.0,2025,6,24,2
266,2025-06-30,74,700.0,0.0,850,50.0,234.0,76.0,122.0,104.0,22.0,70.25,50.10904775254332,79.75,184.0,310.0,2025,6,27,2
266,2025-07-07,135,700.0,0.0,850,50.0,234.0,76.0,74.0,122.0,33.0,83.25,38.91336531321854,73.625,184.0,310.0,2025,7,28,3
266,2025-07-28,121,700.0,0.0,850,50.0,133.0,21.0,135.0,74.0,104.0,108.75,26.42442052344762,80.25,83.0,154.0,2025,7,31,3
266,2025-08-04,276,700.0,1.0,850,50.0,49.0,35.0,121.0,135.0,122.0,113.0,26.77063067368168,82.75,-1.0,84.0,2025,8,32,3
266,2025-09-01,11,700.0,0.6,850,50.0,49.0,35.0,276.0,121.0,74.0,151.5,87.0038313332618,110.875,-1.0,84.0,2025,9,36,3
266,2025-09-08,41,700.0,0.0,850,50.0,54.0,77.0,11.0,276.0,135.0,135.75,108.70564229453164,109.5,4.0,131.0,2025,9,37,3
266,2025-09-29,61,700.0,1.0,850,50.0,150.0,40.0,41.0,11.0,121.0,112.25,118.6293246489529,110.5,100.0,190.0,2025,9,40,3
266,2025-10-06,322,700.0,1.0,850,50.0,150.0,40.0,61.0,41.0,276.0,97.25,120.92525239447163,105.125,100.0,190.0,2025,10,41,4
266,2025-10-27,33,700.0,0.6,850,50.0,150.0,40.0,322.0,61.0,11.0,108.75,143.64394638596272,130.125,100.0,190.0,2025,10,44,4
266,2025-11-03,184,700.0,1.0,850,50.0,59.0,21.0,33.0,322.0,41.0,114.25,138.99970023948492,125.0,9.0,80.0,2025,11,45,4
266,2025-11-10,52,700.0,0.6666666666666666,850,50.0,59.0,21.0,184.0,33.0,61.0,150.0,132.09844813622905,131.125,9.0,80.0,2025,11,46,4
266,2025-12-01,260,700.0,0.0,850,50.0,192.0,65.0,52.0,184.0,322.0,147.75,134.1799165300083,122.5,142.0,257.0,2025,12,49,4
266,2025-12-08,142,700.0,0.4,850,50.0,163.0,85.0,260.0,52.0,33.0,132.25,108.45698071893142,120.5,113.0,248.0,2025,12,50,4
267,2024-12-30,144,0.0,0.0,600,0.0,0.0,0.0,0.0,0.0,0.0,0.0,0.0,0.0,0.0,0.0,2024,12,1,4
267,2025-01-06,25,450.0,0.5,600,87.0,0.0,0.0,144.0,0.0,0.0,144.0,0.0,144.0,0.0,0.0,2025,1,2,1
267,2025-02-03,155,450.0,0.0,600,87.0,147.0,40.0,25.0,144.0,0.0,84.5,84.14570696119915,84.5,60.0,187.0,2025,2,6,1
267,2025-02-10,18,450.0,0.0,600,87.0,193.0,7.0,155.0,25.0,0.0,108.0,72.09022125087424,108.0,106.0,200.0,2025,2,7,1
267,2025-02-24,86,450.0,0.0,600,87.0,81.0,46.0,18.0,155.0,144.0,85.5,74.09228479853127,85.5,-6.0,127.0,2025,2,9,1
267,2025-03-03,59,450.0,0.0,600,87.0,81.0,46.0,86.0,18.0,25.0,71.0,63.78610088935258,85.6,-6.0,127.0,2025,3,10,1
267,2025-03-10,21,450.0,0.5,600,87.0,79.0,2.0,59.0,86.0,155.0,79.5,57.57603668193913,81.16666666666667,-8.0,81.0,2025,3,11,1
267,2025-03-31,170,450.0,0.0,600,87.0,109.0,46.0,21.0,59.0,18.0,46.0,32.54740132995772,72.57142857142857,22.0,155.0,2025,3,14,1
267,2025-04-07,96,450.0,0.5,600,87.0,109.0,46.0,170.0,21.0,86.0,84.0,63.229739838148944,84.75,22.0,155.0,2025,4,15,2
267,2025-04-28,107,450.0,1.0,600,87.0,115.0,57.0,96.0,170.0,59.0,86.5,63.53214409520061,78.75,28.0,172.0,2025,4,18,2
267,2025-05-05,266,450.0,1.0,600,87.0,115.0,57.0,107.0,96.0,21.0,98.5,61.09282554714042,89.0,28.0,172.0,2025,5,19,2
267,2025-05-12,22,450.0,0.5,600,87.0,161.0,56.0,266.0,107.0,170.0,159.75,77.97595783316804,102.875,74.0,217.0,2025,5,20,2
267,2025-06-02,129,450.0,0.0,600,87.0,161.0,56.0,22.0,266.0,96.0,122.75,102.68844465988697,103.375,74.0,217.0,2025,6,23,2
267,2025-06-09,23,450.0,0.25,600,87.0,246.0,15.0,129.0,22.0,107.0,131.0,101.1368709554862,108.75,159.0,261.0,2025,6,24,2
267,2025-06-30,25,450.0,0.0,600,87.0,198.0,91.0,23.0,129.0,266.0,110.0,115.48448669265785,104.25,111.0,289.0,2025,6,27,2
267,2025-07-07,129,450.0,0.0,600,87.0,198.0,91.0,25.0,23.0,22.0,49.75,52.84805262889702,104.75,111.0,289.0,2025,7,28,3
267,2025-07-28,64,450.0,0.5,600,87.0,14.0,59.0,129.0,25.0,129.0,76.5,60.62727658955719,99.625,-73.0,73.0,2025,7,31,3
267,2025-08-04,73,450.0,0.5,600,87.0,46.0,48.0,64.0,129.0,23.0,60.25,49.56729432465191,95.625,-41.0,94.0,2025,8,32,3
267,2025-08-11,47,450.0,1.0,600,87.0,201.0,18.0,73.0,64.0,25.0,72.75,42.89813515760332,91.375,114.0,219.0,2025,8,33,3
267,2025-09-01,131,450.0,0.0,600,87.0,241.0,18.0,47.0,73.0,129.0,78.25,35.509388429916235,64.0,154.0,259.0,2025,9,36,3
267,2025-09-08,58,450.0,0.5,600,87.0,94.0,61.0,131.0,47.0,64.0,78.75,36.463452021624825,77.625,7.0,155.0,2025,9,37,3
267,2025-09-29,60,450.0,0.0,600,87.0,115.0,4.0,58.0,131.0,73.0,77.25,37.38426585253929,68.75,28.0,119.0,2025,9,40,3
267,2025-10-06,78,450.0,1.0,600,87.0,127.0,9.0,60.0,58.0,47.0,74.0,38.42742076521229,73.375,40.0,136.0,2025,10,41,4
267,2025-10-27,55,450.0,0.0,600,87.0,171.0,31.0,78.0,60.0,131.0,81.75,34.04286513598215,80.0,84.0,202.0,2025,10,44,4
267,2025-11-03,177,450.0,0.0,600,87.0,212.0,42.0,55.0,78.0,58.0,62.75,10.372238588334508,70.75,125.0,254.0,2025,11,45,4
267,2025-11-10,26,450.0,0.6,600,87.0,164.0,92.0,177.0,55.0,60.0,92.5,57.192656871315236,84.875,77.0,256.0,2025,11,46,4
267,2025-12-01,121,450.0,0.0,600,87.0,164.0,92.0,26.0,177.0,78.0,84.0,65.54896388705674,79.0,77.0,256.0,2025,12,49,4
267,2025-12-08,70,450.0,0.5,600,87.0,52.0,38.0,121.0,26.0,55.0,94.75,67.72677953857446,88.25,-35.0,90.0,2025,12,50,4
268,2024-12-30,122,0.0,0.0,750,0.0,0.0,0.0,0.0,0.0,0.0,0.0,0.0,0.0,0.0,0.0,2024,12,1,4
268,2025-01-06,95,999.0,0.0,750,85.0,214.0,63.0,122.0,0.0,0.0,122.0,0.0,122.0,129.0,277.0,2025,1,2,1
268,2025-01-27,41,999.0,0.3333333333333333,750,85.0,214.0,63.0,95.0,122.0,0.0,108.5,19.091883092036785,108.5,129.0,277.0,2025,1,5,1
268,2025-02-03,211,999.0,1.0,750,85.0,29.0,17.0,41.0,95.0,0.0,86.0,41.24318125460256,86.0,-56.0,46.0,2025,2,6,1
268,2025-02-10,27,999.0,0.6666666666666666,750,85.0,138.0,76.0,211.0,41.0,122.0,117.25,70.99471811339207,117.25,53.0,214.0,2025,2,7,1
268,2025-03-03,111,999.0,1.0,750,85.0,132.0,92.0,27.0,211.0,95.0,93.5,83.64010202448743,99.2,47.0,224.0,2025,3,10,1
268,2025-03-31,75,999.0,0.25,750,85.0,11.0,26.0,111.0,27.0,41.0,97.5,84.11698203494147,101.16666666666667,-74.0,37.0,2025,3,14,1
268,2025-04-07,107,999.0,0.3333333333333333,750,85.0,71.0,43.0,75.0,111.0,211.0,106.0,78.0,97.42857142857143,-14.0,114.0,2025,4,15,2
268,2025-04-28,121,999.0,0.5,750,85.0,148.0,33.0,107.0,75.0,27.0,80.0,38.8329756778952,98.625,63.0,181.0,2025,4,18,2
268,2025-05-05,163,999.0,0.5,750,85.0,148.0,33.0,121.0,107.0,111.0,103.5,19.89137166378092,98.5,63.0,181.0,2025,5,19,2
268,2025-05-26,28,999.0,0.6666666666666666,750,85.0,54.0,63.0,163.0,121.0,75.0,116.5,36.492008257516694,107.0,-31.0,117.0,2025,5,22,2
268,2025-06-02,198,999.0,0.0,750,85.0,54.0,63.0,28.0,163.0,107.0,104.75,56.4291591289468,105.375,-31.0,117.0,2025,6,23,2
268,2025-06-09,76,999.0,0.4,750,85.0,157.0,19.0,198.0,28.0,121.0,127.5,73.4234295031225,103.75,72.0,176.0,2025,6,24,2
268,2025-06-30,166,999.0,0.0,750,85.0,152.0,37.0,76.0,198.0,163.0,116.25,78.05286669943648,109.875,67.0,189.0,2025,6,27,2
268,2025-07-07,103,999.0,0.4,750,85.0,49.0,21.0,166.0,76.0,28.0,117.0,78.66384175718855,116.75,-36.0,70.0,2025,7,28,3
268,2025-07-28,113,999.0,0.0,750,85.0,131.0,88.0,103.0,166.0,198.0,135.75,56.073612332361826,120.25,46.0,219.0,2025,7,31,3
268,2025-08-04,141,999.0,1.0,750,85.0,56.0,44.0,113.0,103.0,76.0,114.5,37.72267222772003,121.0,-29.0,100.0,2025,8,32,3
268,2025-08-11,113,999.0,0.2,750,85.0,236.0,52.0,141.0,113.0,166.0,130.75,28.476598579652503,123.5,151.0,288.0,2025,8,33,3
268,2025-09-01,131,999.0,0.0,750,85.0,236.0,52.0,113.0,141.0,103.0,117.5,16.360521589077372,117.25,151.0,288.0,2025,9,36,3
268,2025-09-08,131,999.0,1.0,750,85.0,84.0,75.0,131.0,113.0,113.0,124.5,13.892443989449811,130.125,-1.0,159.0,2025,9,37,3
268,2025-09-29,77,999.0,0.0,750,85.0,193.0,67.0,131.0,131.0,141.0,129.0,11.661903789690607,121.75,108.0,260.0,2025,9,40,3
268,2025-10-06,127,999.0,0.0,750,85.0,193.0,67.0,77.0,131.0,113.0,113.0,25.455844122715714,121.875,108.0,260.0,2025,10,41,4
268,2025-11-03,107,999.0,0.5,750,85.0,113.0,11.0,127.0,77.0,131.0,116.5,26.400757564888174,117.0,28.0,124.0,2025,11,45,4
268,2025-11-10,45,999.0,0.0,750,85.0,113.0,11.0,107.0,127.0,131.0,110.5,24.677925358506133,117.5,28.0,124.0,2025,11,46,4
268,2025-12-01,123,999.0,0.0,750,85.0,113.0,11.0,45.0,107.0,77.0,89.0,35.81433604950212,109.0,28.0,124.0,2025,12,49,4
269,2024-12-30,77,0.0,0.0,2200,0.0,0.0,0.0,0.0,0.0,0.0,0.0,0.0,0.0,0.0,0.0,2024,12,1,4
269,2025-01-06,247,250.0,0.3333333333333333,2200,45.0,166.0,34.0,77.0,0.0,0.0,77.0,0.0,77.0,121.0,200.0,2025,1,2,1
269,2025-02-03,98,250.0,0.5,2200,45.0,118.0,18.0,247.0,77.0,0.0,162.0,120.20815280171308,162.0,73.0,136.0,2025,2,6,1
269,2025-02-10,143,250.0,0.5,2200,45.0,118.0,18.0,98.0,247.0,0.0,140.66666666666666,92.6840511271132,140.66666666666666,73.0,136.0,2025,2,7,1
269,2025-02-24,55,250.0,0.6666666666666666,2200,45.0,50.0,64.0,143.0,98.0,77.0,141.25,75.68520330949768,141.25,5.0,114.0,2025,2,9,1
269,2025-03-03,133,250.0,0.0,2200,45.0,50.0,64.0,55.0,143.0,247.0,135.75,82.41106317317677,124.0,5.0,114.0,2025,3,10,1
269,2025-03-10,118,250.0,0.5,2200,45.0,142.0,74.0,133.0,55.0,98.0,107.25,39.819383889424145,125.5,97.0,216.0,2025,3,11,1
269,2025-03-31,120,250.0,0.5,2200,45.0,142.0,74.0,118.0,133.0,143.0,112.25,39.52530834794332,124.42857142857143,97.0,216.0,2025,3,14,1
269,2025-04-07,138,250.0,0.25,2200,45.0,142.0,74.0,120.0,118.0,55.0,106.5,34.9714169000914,123.875,97.0,216.0,2025,4,15,2
269,2025-04-28,132,250.0,0.3333333333333333,2200,45.0,142.0,74.0,138.0,120.0,133.0,127.25,9.77667291737488,131.5,97.0,216.0,2025,4,18,2
269,2025-05-05,151,250.0,0.3333333333333333,2200,45.0,103.0,50.0,132.0,138.0,118.0,127.0,9.59166304662534,117.125,58.0,153.0,2025,5,19,2
269,2025-05-12,77,250.0,0.3333333333333333,2200,45.0,103.0,50.0,151.0,132.0,120.0,135.25,12.893796958227552,123.75,58.0,153.0,2025,5,20,2
269,2025-06-02,99,250.0,1.0,2200,45.0,103.0,50.0,77.0,151.0,138.0,124.5,32.644550336413964,115.5,58.0,153.0,2025,6,23,2
269,2025-06-09,148,250.0,0.5,2200,45.0,103.0,50.0,99.0,77.0,132.0,114.75,33.089525029330126,121.0,58.0,153.0,2025,6,24,2
269,2025-06-30,47,250.0,0.5,2200,45.0,147.0,45.0,148.0,99.0,151.0,118.75,36.645827411407495,122.875,102.0,192.0,2025,6,27,2
269,2025-07-07,174,250.0,1.0,2200,45.0,220.0,8.0,47.0,148.0,77.0,92.75,42.554866545045876,114.0,175.0,228.0,2025,7,28,3
269,2025-07-28,122,250.0,0.6,2200,45.0,190.0,73.0,174.0,47.0,99.0,117.0,56.07732756352308,120.75,145.0,263.0,2025,7,31,3
269,2025-08-04,275,250.0,0.3333333333333333,2200,45.0,190.0,73.0,122.0,174.0,148.0,122.75,54.78062309491071,118.75,145.0,263.0,2025,8,32,3
269,2025-08-11,22,250.0,0.6,2200,45.0,190.0,73.0,275.0,122.0,47.0,154.5,95.7653381970742,136.625,145.0,263.0,2025,8,33,3
269,2025-09-01,204,250.0,0.0,2200,45.0,190.0,73.0,22.0,275.0,174.0,148.25,105.446273839651,120.5,145.0,263.0,2025,9,36,3
269,2025-09-08,41,250.0,0.5,2200,45.0,190.0,73.0,204.0,22.0,122.0,155.75,108.89865319032494,136.375,145.0,263.0,2025,9,37,3
269,2025-09-29,63,250.0,0.0,2200,45.0,175.0,95.0,41.0,204.0,275.0,135.5,123.78072009269725,129.125,130.0,270.0,2025,9,40,3
269,2025-10-06,193,250.0,0.5,2200,45.0,137.0,98.0,63.0,41.0,22.0,82.5,82.71436795785038,118.5,92.0,235.0,2025,10,41,4
269,2025-10-27,62,250.0,0.2,2200,45.0,215.0,2.0,193.0,63.0,204.0,125.25,85.17579859717587,136.75,170.0,217.0,2025,10,44,4
269,2025-11-03,62,250.0,0.5,2200,45.0,215.0,2.0,62.0,193.0,41.0,89.75,69.57669629025703,122.75,170.0,217.0,2025,11,45,4
269,2025-11-10,73,250.0,0.5,2200,45.0,215.0,2.0,62.0,62.0,63.0,95.0,65.33503399147097,115.25,170.0,217.0,2025,11,46,4
269,2025-12-01,125,250.0,0.5,2200,45.0,99.0,36.0,73.0,62.0,193.0,97.5,63.87748690527308,90.0,54.0,135.0,2025,12,49,4
269,2025-12-08,39,250.0,0.25,2200,45.0,14.0,79.0,125.0,73.0,62.0,80.5,30.116440692751198,102.875,-31.0,93.0,2025,12,50,4
270,2024-12-30,81,0.0,0.0,450,0.0,0.0,0.0,0.0,0.0,0.0,0.0,0.0,0.0,0.0,0.0,2024,12,1,4
270,2025-01-06,190,850.0,0.0,450,97.0,165.0,66.0,81.0,0.0,0.0,81.0,0.0,81.0,68.0,231.0,2025,1,2,1
270,2025-02-03,222,850.0,0.16666666666666666,450,97.0,165.0,66.0,190.0,81.0,0.0,135.5,77.07463914933368,135.5,68.0,231.0,2025,2,6,1
270,2025-02-10,86,850.0,0.4,450,97.0,200.0,98.0,222.0,190.0,0.0,164.33333333333334,73.92112914000525,164.33333333333334,103.0,298.0,2025,2,7,1
270,2025-02-24,54,850.0,0.3333333333333333,450,97.0,233.0,68.0,86.0,222.0,81.0,144.75,71.95079337065484,144.75,136.0,301.0,2025,2,9,1
270,2025-03-03,168,850.0,0.0,450,97.0,233.0,68.0,54.0,86.0,190.0,138.0,80.66391179868893,126.6,136.0,301.0,2025,3,10,1
270,2025-03-10,32,850.0,0.6666666666666666,450,97.0,97.0,76.0,168.0,54.0,222.0,132.5,76.58328799418317,133.5,0.0,173.0,2025,3,11,1
270,2025-03-31,95,850.0,0.0,450,97.0,97.0,76.0,32.0,168.0,86.0,85.0,59.60984258772484,119.0,0.0,173.0,2025,3,14,1
270,2025-04-07,171,850.0,0.5,450,97.0,97.0,76.0,95.0,32.0,54.0,87.25,59.82961919762931,116.0,0.0,173.0,2025,4,15,2
270,2025-04-28,79,850.0,0.5,450,97.0,35.0,54.0,171.0,95.0,168.0,116.5,66.39528095680697,127.25,-62.0,89.0,2025,4,18,2
270,2025-05-05,206,850.0,0.0,450,97.0,168.0,79.0,79.0,171.0,32.0,94.25,57.731418367009375,113.375,71.0,247.0,2025,5,19,2
270,2025-05-12,45,850.0,0.25,450,97.0,63.0,82.0,206.0,79.0,95.0,137.75,60.670558483227,111.375,-34.0,145.0,2025,5,20,2
270,2025-05-26,43,850.0,0.0,450,97.0,63.0,82.0,45.0,206.0,171.0,125.25,75.70281808933315,106.25,-34.0,145.0,2025,5,22,2
270,2025-06-02,163,850.0,0.0,450,97.0,63.0,82.0,43.0,45.0,79.0,93.25,76.96048769769243,104.875,-34.0,145.0,2025,6,23,2
270,2025-06-09,88,850.0,0.3333333333333333,450,97.0,42.0,12.0,163.0,43.0,206.0,114.25,82.99949799044973,104.25,-55.0,54.0,2025,6,24,2
270,2025-06-30,83,850.0,0.0,450,97.0,42.0,12.0,88.0,163.0,45.0,84.75,56.14490181663871,111.25,-55.0,54.0,2025,6,27,2
270,2025-07-07,258,850.0,0.5,450,97.0,18.0,69.0,83.0,88.0,43.0,94.25,50.06246098625197,109.75,-79.0,87.0,2025,7,28,3
270,2025-07-28,76,850.0,0.8,450,97.0,18.0,69.0,258.0,83.0,163.0,148.0,81.95527235429499,120.625,-79.0,87.0,2025,7,31,3
270,2025-08-04,193,850.0,0.0,450,97.0,49.0,58.0,76.0,258.0,88.0,126.25,87.97111268289534,120.25,-48.0,107.0,2025,8,32,3
270,2025-08-11,21,850.0,0.4,450,97.0,75.0,71.0,193.0,76.0,83.0,152.5,88.41756989799407,118.625,-22.0,146.0,2025,8,33,3
270,2025-09-01,153,850.0,0.0,450,97.0,75.0,71.0,21.0,193.0,258.0,137.0,107.94134209529422,115.625,-22.0,146.0,2025,9,36,3
270,2025-09-08,119,850.0,0.0,450,97.0,226.0,28.0,153.0,21.0,76.0,110.75,77.05571577328533,129.375,129.0,254.0,2025,9,37,3
270,2025-09-29,56,850.0,0.3333333333333333,450,97.0,226.0,28.0,119.0,153.0,193.0,121.5,73.50963655648603,123.875,129.0,254.0,2025,9,40,3
270,2025-10-06,180,850.0,0.5,450,97.0,195.0,41.0,56.0,119.0,21.0,87.25,59.71250566952733,119.875,98.0,236.0,2025,10,41,4
270,2025-11-03,124,850.0,0.6666666666666666,450,97.0,196.0,46.0,180.0,56.0,153.0,127.0,53.5101236527569,132.0,99.0,242.0,2025,11,45,4
270,2025-11-10,30,850.0,0.3333333333333333,450,97.0,196.0,46.0,124.0,180.0,119.0,119.75,50.70420758346064,115.25,99.0,242.0,2025,11,46,4
270,2025-12-01,100,850.0,0.0,450,97.0,23.0,12.0,30.0,124.0,56.0,97.5,67.79134654708274,109.5,-74.0,35.0,2025,12,49,4
270,2025-12-08,156,850.0,0.3333333333333333,450,97.0,23.0,12.0,100.0,30.0,180.0,108.5,62.14767359550423,97.875,-74.0,35.0,2025,12,50,4
271,2024-12-30,123,0.0,0.0,900,0.0,0.0,0.0,0.0,0.0,0.0,0.0,0.0,0.0,0.0,0.0,2024,12,1,4
271,2025-01-06,54,850.0,0.3333333333333333,900,43.0,0.0,0.0,123.0,0.0,0.0,123.0,0.0,123.0,0.0,0.0,2025,1,2,1
271,2025-01-27,89,850.0,0.5,900,43.0,71.0,78.0,54.0,123.0,0.0,88.5,48.79036790187178,88.5,28.0,149.0,2025,1,5,1
271,2025-02-03,111,850.0,1.0,900,43.0,71.0,78.0,89.0,54.0,0.0,88.66666666666667,34.50120770833006,88.66666666666667,28.0,149.0,2025,2,6,1
271,2025-02-10,29,850.0,0.6666666666666666,900,43.0,71.0,78.0,111.0,89.0,123.0,94.25,30.30264014900352,94.25,28.0,149.0,2025,2,7,1
271,2025-03-03,92,850.0,0.0,900,43.0,63.0,70.0,29.0,111.0,54.0,70.75,36.40856126425945,81.2,20.0,133.0,2025,3,10,1
271,2025-03-10,158,850.0,0.0,900,43.0,92.0,17.0,92.0,29.0,89.0,80.25,35.52815784698104,83.0,49.0,109.0,2025,3,11,1
271,2025-03-31,138,850.0,0.6666666666666666,900,43.0,92.0,17.0,158.0,92.0,111.0,97.5,53.43220002957018,93.71428571428571,49.0,109.0,2025,3,14,1
271,2025-04-07,85,850.0,0.25,900,43.0,114.0,8.0,138.0,158.0,29.0,104.25,57.273466806192204,99.25,71.0,122.0,2025,4,15,2
271,2025-04-28,113,850.0,0.0,900,43.0,125.0,5.0,85.0,138.0,92.0,118.25,35.42480298698451,94.5,82.0,130.0,2025,4,18,2
271,2025-05-05,133,850.0,1.0,900,43.0,125.0,5.0,113.0,85.0,158.0,123.5,31.58586181611429,101.875,82.0,130.0,2025,5,19,2
271,2025-05-12,15,850.0,0.25,900,43.0,29.0,38.0,133.0,113.0,138.0,117.25,24.060687161148714,107.375,-14.0,67.0,2025,5,20,2
271,2025-05-26,40,850.0,0.0,900,43.0,29.0,38.0,15.0,133.0,85.0,86.5,51.571956203606106,95.375,-14.0,67.0,2025,5,22,2
271,2025-06-02,80,850.0,1.0,900,43.0,29.0,38.0,40.0,15.0,113.0,75.25,56.66495095441861,96.75,-14.0,67.0,2025,6,23,2
271,2025-06-09,120,850.0,0.0,900,43.0,29.0,38.0,80.0,40.0,133.0,67.0,51.504045148577084,95.25,-14.0,67.0,2025,6,24,2
271,2025-06-30,180,850.0,0.3333333333333333,900,43.0,29.0,38.0,120.0,80.0,15.0,63.75,46.07511982259695,90.5,-14.0,67.0,2025,6,27,2
271,2025-07-07,25,850.0,0.4,900,43.0,38.0,27.0,180.0,120.0,40.0,105.0,59.72157622389639,95.75,-5.0,65.0,2025,7,28,3
271,2025-07-28,64,850.0,0.0,900,43.0,38.0,27.0,25.0,180.0,80.0,101.25,65.36755056346128,88.25,-5.0,65.0,2025,7,31,3
271,2025-08-04,44,850.0,0.5,900,43.0,38.0,27.0,64.0,25.0,120.0,97.25,67.55429914767329,82.125,-5.0,65.0,2025,8,32,3
271,2025-09-01,183,850.0,0.0,900,43.0,218.0,55.0,44.0,64.0,180.0,78.25,69.67723205371082,71.0,175.0,273.0,2025,9,36,3
271,2025-09-29,223,850.0,0.25,900,43.0,111.0,37.0,183.0,44.0,25.0,79.0,71.13836283375284,92.0,68.0,148.0,2025,9,40,3
271,2025-10-06,91,850.0,0.2,900,43.0,32.0,38.0,223.0,183.0,64.0,128.5,87.94126827983928,114.875,-11.0,70.0,2025,10,41,4
271,2025-10-27,67,850.0,0.5,900,43.0,35.0,75.0,91.0,223.0,44.0,135.25,82.18830005947724,116.25,-8.0,110.0,2025,10,44,4
271,2025-11-03,53,850.0,1.0,900,43.0,35.0,75.0,67.0,91.0,183.0,141.0,74.08103670980854,109.625,-8.0,110.0,2025,11,45,4
271,2025-11-10,43,850.0,0.0,900,43.0,61.0,51.0,53.0,67.0,223.0,108.5,77.92945527847606,93.75,18.0,112.0,2025,11,46,4
271,2025-12-01,124,850.0,0.0,900,43.0,250.0,5.0,43.0,53.0,91.0,63.5,20.808652046684823,96.0,207.0,255.0,2025,12,49,4
271,2025-12-08,114,850.0,0.3333333333333333,900,43.0,250.0,5.0,124.0,43.0,67.0,71.75,36.197375595476544,103.5,207.0,255.0,2025,12,50,4
272,2024-12-30,128,0.0,0.0,900,0.0,0.0,0.0,0.0,0.0,0.0,0.0,0.0,0.0,0.0,0.0,2024,12,1,4
272,2025-01-06,200,999.0,1.0,900,61.0,0.0,0.0,128.0,0.0,0.0,128.0,0.0,128.0,0.0,0.0,2025,1,2,1
272,2025-01-27,91,999.0,0.5,900,61.0,227.0,4.0,200.0,128.0,0.0,164.0,50.91168824543142,164.0,166.0,231.0,2025,1,5,1
272,2025-02-03,88,999.0,1.0,900,61.0,206.0,80.0,91.0,200.0,0.0,139.66666666666666,55.428632793289545,139.66666666666666,145.0,286.0,2025,2,6,1
272,2025-02-10,80,999.0,0.0,900,61.0,210.0,87.0,88.0,91.0,128.0,126.75,52.11125918007867,126.75,149.0,297.0,2025,2,7,1
272,2025-03-03,114,999.0,0.0,900,61.0,102.0,65.0,80.0,88.0,200.0,114.75,57.02265631600595,117.4,41.0,167.0,2025,3,10,1
272,2025-03-10,66,999.0,0.5,900,61.0,90.0,72.0,114.0,80.0,91.0,93.25,14.591664287073854,116.83333333333333,29.0,162.0,2025,3,11,1
272,2025-03-31,84,999.0,0.5,900,61.0,100.0,66.0,66.0,114.0,88.0,87.0,20.16597794967223,109.57142857142857,39.0,166.0,2025,3,14,1
272,2025-04-07,214,999.0,0.0,900,61.0,24.0,71.0,84.0,66.0,80.0,86.0,20.19900987672415,106.375,-37.0,95.0,2025,4,15,2
272,2025-04-28,112,999.0,0.6,900,61.0,101.0,32.0,214.0,84.0,114.0,119.5,66.03786792439622,117.125,40.0,133.0,2025,4,18,2
272,2025-05-05,53,999.0,1.0,900,61.0,210.0,56.0,112.0,214.0,66.0,119.0,66.10093292332063,106.125,149.0,266.0,2025,5,19,2
272,2025-06-02,57,999.0,0.0,900,61.0,200.0,80.0,53.0,112.0,84.0,115.75,69.79195273573212,101.375,139.0,280.0,2025,6,23,2
272,2025-06-30,96,999.0,0.5,900,61.0,54.0,7.0,57.0,53.0,214.0,109.0,74.997777744855,97.5,-7.0,61.0,2025,6,27,2
272,2025-07-07,118,999.0,1.0,900,61.0,54.0,7.0,96.0,57.0,112.0,79.5,29.08034846191955,99.5,-7.0,61.0,2025,7,28,3
272,2025-07-28,90,999.0,0.3333333333333333,900,61.0,25.0,35.0,118.0,96.0,53.0,81.0,31.379398762032817,100.0,-36.0,60.0,2025,7,31,3
272,2025-08-04,238,999.0,0.5,900,61.0,202.0,69.0,90.0,118.0,57.0,90.25,25.22399651125888,103.0,141.0,271.0,2025,8,32,3
272,2025-08-11,25,999.0,0.2,900,61.0,112.0,89.0,238.0,90.0,96.0,135.5,69.38539711879824,122.25,51.0,201.0,2025,8,33,3
272,2025-09-01,91,999.0,0.0,900,61.0,112.0,89.0,25.0,238.0,118.0,117.75,89.13052226931019,98.625,51.0,201.0,2025,9,36,3
272,2025-09-08,75,999.0,0.3333333333333333,900,61.0,112.0,89.0,91.0,25.0,90.0,111.0,90.12213934433647,96.0,51.0,201.0,2025,9,37,3
272,2025-09-29,175,999.0,0.3333333333333333,900,61.0,32.0,39.0,75.0,91.0,238.0,107.25,91.58738996171907,98.75,-29.0,71.0,2025,9,40,3
272,2025-10-06,128,999.0,1.0,900,61.0,94.0,98.0,175.0,75.0,25.0,91.5,62.36184731067546,113.5,33.0,192.0,2025,10,41,4
272,2025-11-03,150,999.0,0.4,900,61.0,78.0,31.0,128.0,175.0,91.0,117.25,44.44003450343694,117.5,17.0,109.0,2025,11,45,4
272,2025-11-10,64,999.0,0.6666666666666666,900,61.0,226.0,6.0,150.0,128.0,75.0,132.0,42.57542327055206,121.5,165.0,232.0,2025,11,46,4
272,2025-12-01,109,999.0,0.5,900,61.0,226.0,6.0,64.0,150.0,175.0,129.25,47.54909743272385,118.25,165.0,232.0,2025,12,49,4
272,2025-12-08,160,999.0,0.6666666666666666,900,61.0,89.0,79.0,109.0,64.0,128.0,112.75,36.563871056914444,102.125,28.0,168.0,2025,12,50,4
273,2024-12-30,87,0.0,0.0,1800,0.0,0.0,0.0,0.0,0.0,0.0,0.0,0.0,0.0,0.0,0.0,2024,12,1,4
273,2025-01-06,78,450.0,0.5,1800,40.0,64.0,48.0,87.0,0.0,0.0,87.0,0.0,87.0,24.0,112.0,2025,1,2,1
273,2025-02-03,158,450.0,0.5,1800,40.0,64.0,48.0,78.0,87.0,0.0,82.5,6.363961030678928,82.5,24.0,112.0,2025,2,6,1
273,2025-02-10,59,450.0,0.3333333333333333,1800,40.0,71.0,26.0,158.0,78.0,0.0,107.66666666666667,43.82160806421112,107.66666666666667,31.0,97.0,2025,2,7,1
273,2025-02-24,20,450.0,0.0,1800,40.0,71.0,26.0,59.0,158.0,87.0,95.5,43.270467218801016,95.5,31.0,97.0,2025,2,9,1
273,2025-03-03,25,450.0,0.0,1800,40.0,71.0,26.0,20.0,59.0,78.0,78.75,58.088294862218156,80.4,31.0,97.0,2025,3,10,1
273,2025-03-10,45,450.0,0.0,1800,40.0,71.0,26.0,25.0,20.0,158.0,65.5,64.05466415492317,71.16666666666667,31.0,97.0,2025,3,11,1
273,2025-03-31,145,450.0,1.0,1800,40.0,54.0,92.0,45.0,25.0,59.0,37.25,18.080837001274777,67.42857142857143,14.0,146.0,2025,3,14,1
273,2025-04-07,99,450.0,0.5,1800,40.0,12.0,96.0,145.0,45.0,20.0,58.75,58.50569772822701,77.125,-28.0,108.0,2025,4,15,2
273,2025-04-28,82,450.0,0.3333333333333333,1800,40.0,115.0,10.0,99.0,145.0,25.0,78.5,54.24327915358117,78.625,75.0,125.0,2025,4,18,2
273,2025-05-05,183,450.0,0.3333333333333333,1800,40.0,241.0,29.0,82.0,99.0,45.0,92.75,41.49196709404525,79.125,201.0,270.0,2025,5,19,2
273,2025-05-12,40,450.0,0.5,1800,40.0,226.0,31.0,183.0,82.0,145.0,127.25,45.7119605063416,82.25,186.0,257.0,2025,5,20,2
273,2025-06-02,184,450.0,1.0,1800,40.0,226.0,31.0,40.0,183.0,99.0,101.0,60.02777135071178,79.875,186.0,257.0,2025,6,23,2
273,2025-06-09,86,450.0,0.6666666666666666,1800,40.0,226.0,31.0,184.0,40.0,82.0,122.25,72.77533922971435,100.375,186.0,257.0,2025,6,24,2
273,2025-06-30,149,450.0,0.5,1800,40.0,96.0,35.0,86.0,184.0,183.0,123.25,72.06189469245633,108.0,56.0,131.0,2025,6,27,2
273,2025-07-07,240,450.0,0.3333333333333333,1800,40.0,96.0,35.0,149.0,86.0,40.0,114.75,64.24627096830861,121.0,56.0,131.0,2025,7,28,3
273,2025-07-28,95,450.0,0.6666666666666666,1800,40.0,58.0,88.0,240.0,149.0,184.0,164.75,64.50516775163574,132.875,18.0,146.0,2025,7,31,3
273,2025-08-04,118,450.0,0.5,1800,40.0,68.0,79.0,95.0,240.0,86.0,142.5,70.70360669725413,132.375,28.0,147.0,2025,8,32,3
273,2025-09-01,116,450.0,0.0,1800,40.0,130.0,73.0,118.0,95.0,149.0,150.5,63.63699133889554,136.875,90.0,203.0,2025,9,36,3
273,2025-09-08,37,450.0,0.6666666666666666,1800,40.0,137.0,16.0,116.0,118.0,240.0,142.25,65.99179241895666,128.5,97.0,153.0,2025,9,37,3
273,2025-09-29,24,450.0,0.0,1800,40.0,137.0,16.0,37.0,116.0,95.0,91.5,37.79329746573237,128.125,97.0,153.0,2025,9,40,3
273,2025-10-06,170,450.0,0.0,1800,40.0,40.0,43.0,24.0,37.0,118.0,73.75,50.22864388639879,108.125,0.0,83.0,2025,10,41,4
273,2025-10-27,138,450.0,0.16666666666666666,1800,40.0,37.0,14.0,170.0,24.0,116.0,86.75,68.79619660029664,118.625,-3.0,51.0,2025,10,44,4
273,2025-11-03,211,450.0,0.5,1800,40.0,37.0,14.0,138.0,170.0,37.0,92.25,72.68367537945964,117.25,-3.0,51.0,2025,11,45,4
273,2025-11-10,89,450.0,0.3333333333333333,1800,40.0,186.0,42.0,211.0,138.0,24.0,135.75,80.26778100001685,113.625,146.0,228.0,2025,11,46,4
273,2025-12-01,181,450.0,0.0,1800,40.0,69.0,9.0,89.0,211.0,170.0,152.0,51.54286242213044,112.875,29.0,78.0,2025,12,49,4
273,2025-12-08,111,450.0,0.2,1800,40.0,69.0,9.0,181.0,89.0,138.0,154.75,53.09347103615158,120.75,29.0,78.0,2025,12,50,4
274,2024-12-30,42,0.0,0.0,2200,0.0,0.0,0.0,0.0,0.0,0.0,0.0,0.0,0.0,0.0,0.0,2024,12,1,4
274,2025-01-06,218,350.0,0.0,2200,95.0,0.0,0.0,42.0,0.0,0.0,42.0,0.0,42.0,0.0,0.0,2025,1,2,1
274,2025-01-27,25,350.0,0.25,2200,95.0,192.0,70.0,218.0,42.0,0.0,130.0,124.45079348883236,130.0,97.0,262.0,2025,1,5,1
274,2025-02-03,137,350.0,0.0,2200,95.0,244.0,31.0,25.0,218.0,0.0,95.0,106.85972113008718,95.0,149.0,275.0,2025,2,6,1
274,2025-02-10,34,350.0,0.3333333333333333,2200,95.0,179.0,94.0,137.0,25.0,42.0,105.5,89.74222343282267,105.5,84.0,273.0,2025,2,7,1
274,2025-02-24,69,350.0,1.0,2200,95.0,179.0,94.0,34.0,137.0,218.0,103.5,91.69696468985947,91.2,84.0,273.0,2025,2,9,1
274,2025-03-03,210,350.0,1.0,2200,95.0,179.0,94.0,69.0,34.0,25.0,66.25,50.84207575096307,87.5,84.0,273.0,2025,3,10,1
274,2025-03-10,19,350.0,0.6,2200,95.0,179.0,94.0,210.0,69.0,137.0,112.5,77.8053125863952,105.0,84.0,273.0,2025,3,11,1
274,2025-03-31,106,350.0,0.0,2200,95.0,17.0,82.0,19.0,210.0,34.0,83.0,87.22002828097072,94.25,-78.0,99.0,2025,3,14,1
274,2025-04-07,62,350.0,0.3333333333333333,2200,95.0,186.0,30.0,106.0,19.0,69.0,101.0,80.94030722287464,102.25,91.0,216.0,2025,4,15,2
274,2025-04-28,78,350.0,0.5,2200,95.0,166.0,30.0,62.0,106.0,210.0,99.25,81.9323908272343,82.75,71.0,196.0,2025,4,18,2
274,2025-05-05,67,350.0,1.0,2200,95.0,170.0,38.0,78.0,62.0,19.0,66.25,36.371921404658664,89.375,75.0,208.0,2025,5,19,2
274,2025-05-12,22,350.0,0.0,2200,95.0,170.0,38.0,67.0,78.0,106.0,78.25,19.670197423174663,80.625,75.0,208.0,2025,5,20,2
274,2025-06-02,142,350.0,0.0,2200,95.0,170.0,38.0,22.0,67.0,62.0,57.25,24.431878083083728,79.125,75.0,208.0,2025,6,23,2
274,2025-06-09,58,350.0,0.6666666666666666,2200,95.0,110.0,30.0,142.0,22.0,78.0,77.25,49.50000000000001,88.25,15.0,140.0,2025,6,24,2
274,2025-06-30,213,350.0,0.0,2200,95.0,92.0,18.0,58.0,142.0,67.0,72.25,50.40089284923433,69.25,-3.0,110.0,2025,6,27,2
274,2025-07-07,189,350.0,0.4,2200,95.0,92.0,18.0,213.0,58.0,22.0,108.75,85.78024248042203,93.5,-3.0,110.0,2025,7,28,3
274,2025-07-28,104,350.0,0.6666666666666666,2200,95.0,16.0,44.0,189.0,213.0,142.0,150.5,68.35446827628267,103.875,-79.0,60.0,2025,7,31,3
274,2025-08-04,123,350.0,0.5,2200,95.0,16.0,44.0,104.0,189.0,58.0,141.0,72.44768227256596,109.125,-79.0,60.0,2025,8,32,3
274,2025-09-01,91,350.0,0.0,2200,95.0,97.0,10.0,123.0,104.0,213.0,157.25,52.04084933972543,114.75,2.0,107.0,2025,9,36,3
274,2025-09-08,208,350.0,0.6666666666666666,2200,95.0,195.0,13.0,91.0,123.0,189.0,126.75,43.53064054969404,117.75,100.0,208.0,2025,9,37,3
274,2025-09-29,147,350.0,0.3333333333333333,2200,95.0,10.0,96.0,208.0,91.0,104.0,131.5,52.66561180378205,141.0,-85.0,106.0,2025,9,40,3
274,2025-10-06,210,350.0,0.3333333333333333,2200,95.0,146.0,24.0,147.0,208.0,123.0,142.25,49.47305664028991,141.625,51.0,170.0,2025,10,41,4
274,2025-11-03,243,350.0,0.2,2200,95.0,171.0,2.0,210.0,147.0,91.0,164.0,56.77440737985148,160.625,76.0,173.0,2025,11,45,4
274,2025-11-10,66,350.0,0.75,2200,95.0,154.0,49.0,243.0,210.0,208.0,202.0,40.02499219237901,164.375,59.0,203.0,2025,11,46,4
274,2025-12-01,81,350.0,1.0,2200,95.0,56.0,5.0,66.0,243.0,147.0,166.5,77.94228634059948,149.0,-39.0,61.0,2025,12,49,4
274,2025-12-08,92,350.0,0.0,2200,95.0,194.0,85.0,81.0,66.0,210.0,150.0,89.56561840349231,146.125,99.0,279.0,2025,12,50,4
275,2025-01-06,143,0.0,0.0,450,0.0,0.0,0.0,0.0,0.0,0.0,0.0,0.0,0.0,0.0,0.0,2025,1,2,1
275,2025-01-27,30,700.0,0.6666666666666666,450,33.0,106.0,25.0,143.0,0.0,0.0,143.0,0.0,143.0,73.0,131.0,2025,1,5,1
275,2025-02-03,102,700.0,0.0,450,33.0,106.0,25.0,30.0,143.0,0.0,86.5,79.90306627407988,86.5,73.0,131.0,2025,2,6,1
275,2025-02-10,26,700.0,0.0,450,33.0,218.0,75.0,102.0,30.0,0.0,91.66666666666667,57.204312191768665,91.66666666666667,185.0,293.0,2025,2,7,1
275,2025-02-24,42,700.0,0.0,450,33.0,202.0,23.0,26.0,102.0,143.0,75.25,57.09276077869534,75.25,169.0,225.0,2025,2,9,1
275,2025-03-03,187,700.0,0.0,450,33.0,202.0,23.0,42.0,26.0,30.0,50.0,35.32704346531139,68.6,169.0,225.0,2025,3,10,1
275,2025-03-10,83,700.0,0.0,450,33.0,132.0,57.0,187.0,42.0,102.0,89.25,72.91719047430905,88.33333333333333,99.0,189.0,2025,3,11,1
275,2025-03-31,107,700.0,0.0,450,33.0,132.0,57.0,83.0,187.0,26.0,84.5,72.42697471706703,87.57142857142857,99.0,189.0,2025,3,14,1
275,2025-04-07,129,700.0,0.3333333333333333,450,33.0,187.0,62.0,107.0,83.0,42.0,104.75,61.04847800450611,90.0,154.0,249.0,2025,4,15,2
275,2025-04-28,51,700.0,0.6666666666666666,450,33.0,29.0,71.0,129.0,107.0,187.0,126.5,44.493445210128044,88.25,-4.0,100.0,2025,4,18,2
275,2025-05-05,228,700.0,0.0,450,33.0,238.0,19.0,51.0,129.0,83.0,92.5,33.44149119482163,90.875,205.0,257.0,2025,5,19,2
275,2025-05-12,35,700.0,0.4,450,33.0,238.0,19.0,228.0,51.0,107.0,128.75,73.86643351347078,106.625,205.0,257.0,2025,5,20,2
275,2025-06-02,173,700.0,0.0,450,33.0,19.0,73.0,35.0,228.0,129.0,110.75,88.29637591656862,107.75,-14.0,92.0,2025,6,23,2
275,2025-06-09,67,700.0,0.5,450,33.0,50.0,49.0,173.0,35.0,51.0,121.75,93.89133790362843,124.125,17.0,99.0,2025,6,24,2
275,2025-06-30,54,700.0,0.5,450,33.0,211.0,30.0,67.0,173.0,228.0,125.75,90.13831963525095,109.125,178.0,241.0,2025,6,27,2
275,2025-07-07,214,700.0,0.0,450,33.0,211.0,30.0,54.0,67.0,35.0,82.25,61.91055375835906,105.5,178.0,241.0,2025,7,28,3
275,2025-07-28,31,700.0,0.5,450,33.0,123.0,4.0,214.0,54.0,173.0,127.0,78.76970652901194,118.875,90.0,127.0,2025,7,31,3
275,2025-08-04,106,700.0,0.0,450,33.0,123.0,4.0,31.0,214.0,67.0,91.5,83.01204731844649,106.625,90.0,127.0,2025,8,32,3
275,2025-08-11,81,700.0,0.25,450,33.0,160.0,92.0,106.0,31.0,54.0,101.25,81.45090545844165,113.5,127.0,252.0,2025,8,33,3
275,2025-09-01,163,700.0,0.5,450,33.0,160.0,92.0,81.0,106.0,214.0,108.0,77.23988606931007,95.125,127.0,252.0,2025,9,36,3
275,2025-09-08,77,700.0,0.3333333333333333,450,33.0,23.0,44.0,163.0,81.0,31.0,95.25,54.8839685154053,111.125,-10.0,67.0,2025,9,37,3
275,2025-09-29,94,700.0,0.5,450,33.0,224.0,46.0,77.0,163.0,106.0,106.75,39.634791114205036,99.125,191.0,270.0,2025,9,40,3
275,2025-10-06,35,700.0,0.0,450,33.0,106.0,85.0,94.0,77.0,81.0,103.75,40.16113378213652,102.5,73.0,191.0,2025,10,41,4
275,2025-10-27,32,700.0,0.0,450,33.0,170.0,81.0,35.0,94.0,163.0,92.25,53.287740929160556,100.125,137.0,251.0,2025,10,44,4
275,2025-11-03,139,700.0,0.0,450,33.0,170.0,81.0,32.0,35.0,77.0,59.5,30.838287890218552,77.375,137.0,251.0,2025,11,45,4
275,2025-11-10,113,700.0,0.25,450,33.0,225.0,51.0,139.0,32.0,94.0,75.0,51.33549778986597,90.875,192.0,276.0,2025,11,46,4
275,2025-12-01,232,700.0,0.5,450,33.0,225.0,51.0,113.0,139.0,35.0,79.75,54.46329038903177,91.75,192.0,276.0,2025,12,49,4
275,2025-12-08,78,700.0,0.5,450,33.0,136.0,11.0,232.0,113.0,32.0,129.0,82.40954637257344,110.625,103.0,147.0,2025,12,50,4
276,2024-12-30,45,0.0,0.0,850,0.0,0.0,0.0,0.0,0.0,0.0,0.0,0.0,0.0,0.0,0.0,2024,12,1,4
276,2025-01-06,220,1500.0,0.0,850,23.0,116.0,60.0,45.0,0.0,0.0,45.0,0.0,45.0,93.0,176.0,2025,1,2,1
276,2025-01-27,23,1500.0,0.5,850,23.0,204.0,53.0,220.0,45.0,0.0,132.5,123.74368670764582,132.5,181.0,257.0,2025,1,5,1
276,2025-02-03,105,1500.0,0.0,850,23.0,173.0,18.0,23.0,220.0,0.0,96.0,107.9490620616965,96.0,150.0,191.0,2025,2,6,1
276,2025-02-10,97,1500.0,0.3333333333333333,850,23.0,129.0,81.0,105.0,23.0,45.0,98.25,88.25483933851258,98.25,106.0,210.0,2025,2,7,1
276,2025-03-03,198,1500.0,0.5,850,23.0,129.0,81.0,97.0,105.0,220.0,111.25,81.35672477838982,98.0,106.0,210.0,2025,3,10,1
276,2025-03-10,45,1500.0,1.0,850,23.0,129.0,81.0,198.0,97.0,23.0,105.75,71.72807446646443,114.66666666666667,106.0,210.0,2025,3,11,1
276,2025-03-31,174,1500.0,0.0,850,23.0,127.0,88.0,45.0,198.0,105.0,111.25,63.657285521768834,104.71428571428571,104.0,215.0,2025,3,14,1
276,2025-04-07,90,1500.0,0.6666666666666666,850,23.0,46.0,47.0,174.0,45.0,97.0,128.5,70.39176088151227,113.375,23.0,93.0,2025,4,15,2
276,2025-04-28,160,1500.0,0.6666666666666666,850,23.0,46.0,47.0,90.0,174.0,198.0,126.75,71.51398464636131,119.0,23.0,93.0,2025,4,18,2
276,2025-05-05,139,1500.0,0.0,850,23.0,46.0,47.0,160.0,90.0,45.0,117.25,60.58258825768341,111.5,23.0,93.0,2025,5,19,2
276,2025-05-26,53,1500.0,0.3333333333333333,850,23.0,209.0,28.0,139.0,160.0,174.0,140.75,36.763886265373706,126.0,186.0,237.0,2025,5,22,2
276,2025-06-02,125,1500.0,1.0,850,23.0,209.0,28.0,53.0,139.0,90.0,110.5,48.266620626129054,119.5,186.0,237.0,2025,6,23,2
276,2025-06-09,78,1500.0,0.25,850,23.0,232.0,58.0,125.0,53.0,160.0,119.25,46.44979368450772,123.0,209.0,290.0,2025,6,24,2
276,2025-06-30,31,1500.0,0.0,850,23.0,125.0,10.0,78.0,125.0,139.0,98.75,40.136226363058434,108.0,102.0,135.0,2025,6,27,2
276,2025-07-07,147,1500.0,0.0,850,23.0,18.0,18.0,31.0,78.0,53.0,71.75,40.3598397750371,106.25,-5.0,36.0,2025,7,28,3
276,2025-07-28,76,1500.0,0.3333333333333333,850,23.0,41.0,26.0,147.0,31.0,125.0,95.25,51.60345595661851,102.875,18.0,67.0,2025,7,31,3
276,2025-08-04,128,1500.0,0.5,850,23.0,222.0,26.0,76.0,147.0,78.0,83.0,47.86787370808665,101.125,199.0,248.0,2025,8,32,3
276,2025-08-11,78,1500.0,0.25,850,23.0,68.0,12.0,128.0,76.0,31.0,95.5,52.43726410356157,97.125,45.0,80.0,2025,8,33,3
276,2025-09-01,121,1500.0,0.0,850,23.0,68.0,12.0,78.0,128.0,147.0,107.25,35.78989615333728,89.5,45.0,80.0,2025,9,36,3
276,2025-09-08,54,1500.0,0.0,850,23.0,196.0,12.0,121.0,78.0,76.0,100.75,27.584717991429,98.0,173.0,208.0,2025,9,37,3
276,2025-09-29,80,1500.0,0.0,850,23.0,249.0,98.0,54.0,121.0,128.0,95.25,35.28337663357444,89.125,226.0,347.0,2025,9,40,3
276,2025-10-06,113,1500.0,0.0,850,23.0,166.0,50.0,80.0,54.0,78.0,83.25,27.801378862687127,89.375,143.0,216.0,2025,10,41,4
276,2025-10-27,22,1500.0,0.0,850,23.0,173.0,41.0,113.0,80.0,121.0,92.0,30.930028559098787,99.625,150.0,214.0,2025,10,44,4
276,2025-11-03,154,1500.0,0.0,850,23.0,173.0,41.0,22.0,113.0,54.0,67.25,38.63827980988112,84.0,150.0,214.0,2025,11,45,4
276,2025-11-10,41,1500.0,0.25,850,23.0,206.0,77.0,154.0,22.0,80.0,92.25,55.763638092697406,93.75,183.0,283.0,2025,11,46,4
276,2025-12-01,179,1500.0,1.0,850,23.0,206.0,77.0,41.0,154.0,113.0,82.5,61.71169527191206,82.875,183.0,283.0,2025,12,49,4
276,2025-12-08,66,1500.0,0.4,850,23.0,155.0,42.0,179.0,41.0,22.0,99.0,78.9894507724502,95.5,132.0,197.0,2025,12,50,4
277,2024-12-30,74,0.0,0.0,600,0.0,0.0,0.0,0.0,0.0,0.0,0.0,0.0,0.0,0.0,0.0,2024,12,1,4
277,2025-01-06,71,999.0,1.0,600,55.0,215.0,4.0,74.0,0.0,0.0,74.0,0.0,74.0,160.0,219.0,2025,1,2,1
277,2025-02-03,171,999.0,0.3333333333333333,600,55.0,63.0,66.0,71.0,74.0,0.0,72.5,2.1213203435596424,72.5,8.0,129.0,2025,2,6,1
277,2025-02-10,88,999.0,0.25,600,55.0,63.0,66.0,171.0,71.0,0.0,105.33333333333333,56.88878038184096,105.33333333333333,8.0,129.0,2025,2,7,1
277,2025-03-03,211,999.0,0.0,600,55.0,233.0,76.0,88.0,171.0,74.0,101.0,47.25110227991159,101.0,178.0,309.0,2025,3,10,1
277,2025-03-31,56,999.0,0.25,600,55.0,245.0,33.0,211.0,88.0,71.0,135.25,66.77512011720134,123.0,190.0,278.0,2025,3,14,1
277,2025-04-07,30,999.0,0.5,600,55.0,245.0,33.0,56.0,211.0,171.0,131.5,71.8168968047678,111.83333333333333,190.0,278.0,2025,4,15,2
277,2025-05-05,95,999.0,0.0,600,55.0,36.0,75.0,30.0,56.0,88.0,96.25,80.0931749068962,100.14285714285714,-19.0,111.0,2025,5,19,2
277,2025-05-12,31,999.0,0.5,600,55.0,171.0,76.0,95.0,30.0,211.0,98.0,79.92913528036361,99.5,116.0,247.0,2025,5,20,2
277,2025-06-02,150,999.0,1.0,600,55.0,171.0,76.0,31.0,95.0,56.0,53.0,30.474032661705063,94.125,116.0,247.0,2025,6,23,2
277,2025-06-09,131,999.0,0.6666666666666666,600,55.0,24.0,82.0,150.0,31.0,30.0,76.5,57.66859341675213,104.0,-31.0,106.0,2025,6,24,2
277,2025-06-30,127,999.0,0.5,600,55.0,24.0,82.0,131.0,150.0,95.0,101.75,52.39195230821874,99.0,-31.0,106.0,2025,6,27,2
277,2025-07-07,183,999.0,1.0,600,55.0,238.0,17.0,127.0,131.0,31.0,109.75,53.450132522442516,103.875,183.0,255.0,2025,7,28,3
277,2025-07-28,37,999.0,0.5,600,55.0,238.0,17.0,183.0,127.0,150.0,147.75,25.552234083670008,100.375,183.0,255.0,2025,7,31,3
277,2025-08-04,116,999.0,0.0,600,55.0,238.0,17.0,37.0,183.0,131.0,119.5,60.62727658955718,98.0,183.0,255.0,2025,8,32,3
277,2025-08-11,47,999.0,0.25,600,55.0,143.0,9.0,116.0,37.0,127.0,115.75,60.14080700046074,108.75,88.0,152.0,2025,8,33,3
277,2025-09-01,140,999.0,0.0,600,55.0,78.0,1.0,47.0,116.0,183.0,95.75,67.94789670524517,102.75,23.0,79.0,2025,9,36,3
277,2025-09-08,169,999.0,0.6666666666666666,600,55.0,203.0,88.0,140.0,47.0,37.0,85.0,50.77400909914442,116.375,148.0,291.0,2025,9,37,3
277,2025-09-29,111,999.0,0.3333333333333333,600,55.0,22.0,58.0,169.0,140.0,116.0,118.0,52.05766033928149,118.75,-33.0,80.0,2025,9,40,3
277,2025-10-06,153,999.0,0.0,600,55.0,41.0,94.0,111.0,169.0,47.0,116.75,52.18157401484424,116.25,-14.0,135.0,2025,10,41,4
277,2025-10-27,20,999.0,0.25,600,55.0,156.0,30.0,153.0,111.0,140.0,143.25,24.55436145915156,119.5,101.0,186.0,2025,10,44,4
277,2025-11-03,84,999.0,0.0,600,55.0,118.0,89.0,20.0,153.0,169.0,113.25,66.80506467826125,99.125,63.0,207.0,2025,11,45,4
277,2025-12-01,196,999.0,0.3333333333333333,600,55.0,61.0,48.0,84.0,20.0,111.0,92.0,55.76737397439476,105.0,6.0,109.0,2025,12,49,4
277,2025-12-08,145,999.0,0.2,600,55.0,132.0,32.0,196.0,84.0,153.0,113.25,77.41393070156474,115.0,77.0,164.0,2025,12,50,4
278,2024-12-30,32,0.0,0.0,2200,0.0,0.0,0.0,0.0,0.0,0.0,0.0,0.0,0.0,0.0,0.0,2024,12,1,4
278,2025-01-06,124,450.0,1.0,2200,100.0,124.0,51.0,32.0,0.0,0.0,32.0,0.0,32.0,24.0,175.0,2025,1,2,1
278,2025-01-27,38,450.0,0.25,2200,100.0,228.0,66.0,124.0,32.0,0.0,78.0,65.05382386916237,78.0,128.0,294.0,2025,1,5,1
278,2025-02-03,149,450.0,1.0,2200,100.0,13.0,21.0,38.0,124.0,0.0,64.66666666666667,51.47167505855364,64.66666666666667,-87.0,34.0,2025,2,6,1
278,2025-02-24,54,450.0,0.2,2200,100.0,175.0,71.0,149.0,38.0,32.0,85.75,59.53360395608517,85.75,75.0,246.0,2025,2,9,1
278,2025-03-03,97,450.0,1.0,2200,100.0,94.0,40.0,54.0,149.0,124.0,91.25,53.636896504800376,79.4,-6.0,134.0,2025,3,10,1
278,2025-03-31,212,450.0,0.3333333333333333,2200,100.0,55.0,67.0,97.0,54.0,38.0,84.5,49.695740930855095,82.33333333333333,-45.0,122.0,2025,3,14,1
278,2025-04-07,245,450.0,0.6666666666666666,2200,100.0,64.0,29.0,212.0,97.0,149.0,128.0,68.15179136799463,100.85714285714286,-36.0,93.0,2025,4,15,2
278,2025-04-28,86,450.0,0.3333333333333333,2200,100.0,224.0,70.0,245.0,212.0,54.0,152.0,91.06408000230753,118.875,124.0,294.0,2025,4,18,2
278,2025-05-05,171,450.0,1.0,2200,100.0,224.0,70.0,86.0,245.0,97.0,160.0,80.36168241145776,125.625,124.0,294.0,2025,5,19,2
278,2025-05-12,15,450.0,0.5,2200,100.0,224.0,70.0,171.0,86.0,212.0,178.5,68.69497798238238,131.5,124.0,294.0,2025,5,20,2
278,2025-06-02,65,450.0,0.0,2200,100.0,224.0,70.0,15.0,171.0,245.0,129.25,100.10785849938722,128.625,124.0,294.0,2025,6,23,2
278,2025-06-09,81,450.0,0.0,2200,100.0,72.0,53.0,65.0,15.0,86.0,84.25,65.0506213139685,118.125,-28.0,125.0,2025,6,24,2
278,2025-06-30,89,450.0,0.0,2200,100.0,145.0,80.0,81.0,65.0,171.0,83.0,65.05382386916239,121.5,45.0,225.0,2025,6,27,2
278,2025-07-07,94,450.0,0.5,2200,100.0,222.0,17.0,89.0,81.0,15.0,62.5,33.20140559273559,120.5,122.0,239.0,2025,7,28,3
278,2025-07-28,86,450.0,0.3333333333333333,2200,100.0,70.0,83.0,94.0,89.0,65.0,82.25,12.685293322058724,105.75,-30.0,153.0,2025,7,31,3
278,2025-08-04,285,450.0,0.5,2200,100.0,70.0,83.0,86.0,94.0,81.0,87.5,5.446711546122825,85.875,-30.0,153.0,2025,8,32,3
278,2025-09-01,129,450.0,0.42857142857142855,2200,100.0,161.0,5.0,285.0,86.0,89.0,138.5,97.7223959318777,110.75,61.0,166.0,2025,9,36,3
278,2025-09-08,30,450.0,0.3333333333333333,2200,100.0,145.0,53.0,129.0,285.0,94.0,148.5,92.89599919623379,105.5,45.0,198.0,2025,9,37,3
278,2025-09-29,70,450.0,1.0,2200,100.0,196.0,87.0,30.0,129.0,86.0,132.5,109.4486180817282,107.375,96.0,283.0,2025,9,40,3
278,2025-10-06,125,450.0,0.3333333333333333,2200,100.0,216.0,45.0,70.0,30.0,285.0,128.5,111.97767634667188,108.0,116.0,261.0,2025,10,41,4
278,2025-10-27,43,450.0,0.0,2200,100.0,123.0,5.0,125.0,70.0,129.0,88.5,47.388465544546456,113.5,23.0,128.0,2025,10,44,4
278,2025-11-03,145,450.0,0.0,2200,100.0,123.0,5.0,43.0,125.0,30.0,67.0,42.10304818735417,107.75,23.0,128.0,2025,11,45,4
278,2025-11-10,28,450.0,0.2,2200,100.0,123.0,5.0,145.0,43.0,70.0,95.75,47.3524022621873,114.125,23.0,128.0,2025,11,46,4
278,2025-12-01,136,450.0,0.0,2200,100.0,123.0,5.0,28.0,145.0,125.0,85.25,58.345951016330176,106.875,23.0,128.0,2025,12,49,4
278,2025-12-08,84,450.0,0.0,2200,100.0,226.0,89.0,136.0,28.0,43.0,88.0,61.04096984812742,88.25,126.0,315.0,2025,12,50,4
279,2024-12-30,64,0.0,0.0,450,0.0,0.0,0.0,0.0,0.0,0.0,0.0,0.0,0.0,0.0,0.0,2024,12,1,4
279,2025-01-06,21,650.0,0.0,450,92.0,0.0,0.0,64.0,0.0,0.0,64.0,0.0,64.0,0.0,0.0,2025,1,2,1
279,2025-01-27,16,650.0,0.0,450,92.0,0.0,0.0,21.0,64.0,0.0,42.5,30.405591591021544,42.5,0.0,0.0,2025,1,5,1
279,2025-02-03,174,650.0,0.0,450,92.0,95.0,73.0,16.0,21.0,0.0,33.666666666666664,26.388128644019705,33.666666666666664,3.0,168.0,2025,2,6,1
279,2025-02-10,27,650.0,0.6,450,92.0,163.0,88.0,174.0,16.0,64.0,68.75,73.40015894624025,68.75,71.0,251.0,2025,2,7,1
279,2025-02-24,87,650.0,1.0,450,92.0,163.0,88.0,27.0,174.0,21.0,59.5,76.46567857542362,60.4,71.0,251.0,2025,2,9,1
279,2025-03-03,72,650.0,1.0,450,92.0,163.0,88.0,87.0,27.0,16.0,76.0,72.40165743959182,64.83333333333333,71.0,251.0,2025,3,10,1
279,2025-03-10,102,650.0,0.0,450,92.0,114.0,24.0,72.0,87.0,174.0,90.0,61.53048025166064,65.85714285714286,22.0,138.0,2025,3,11,1
279,2025-03-31,86,650.0,0.0,450,92.0,14.0,50.0,102.0,72.0,27.0,72.0,32.4037034920393,70.375,-78.0,64.0,2025,3,14,1
279,2025-04-07,188,650.0,0.25,450,92.0,55.0,92.0,86.0,102.0,87.0,86.75,12.257650672131263,73.125,-37.0,147.0,2025,4,15,2
279,2025-04-28,135,650.0,0.25,450,92.0,55.0,92.0,188.0,86.0,72.0,112.0,52.12804747286564,94.0,-37.0,147.0,2025,4,18,2
279,2025-05-05,58,650.0,0.0,450,92.0,55.0,92.0,135.0,188.0,102.0,127.75,45.05089714238034,108.875,-37.0,147.0,2025,5,19,2
279,2025-05-12,52,650.0,0.0,450,92.0,226.0,68.0,58.0,135.0,86.0,116.75,57.174440676465444,94.375,134.0,294.0,2025,5,20,2
279,2025-06-02,89,650.0,1.0,450,92.0,226.0,68.0,52.0,58.0,188.0,108.25,65.22972226421531,97.5,134.0,294.0,2025,6,23,2
279,2025-06-09,51,650.0,0.6666666666666666,450,92.0,105.0,71.0,89.0,52.0,135.0,83.5,37.969285832981726,97.75,13.0,176.0,2025,6,24,2
279,2025-06-30,24,650.0,0.0,450,92.0,105.0,71.0,51.0,89.0,58.0,62.5,17.935068069752813,95.125,13.0,176.0,2025,6,27,2
279,2025-07-07,108,650.0,0.0,450,92.0,105.0,71.0,24.0,51.0,52.0,54.0,26.695817400234574,85.375,13.0,176.0,2025,7,28,3
279,2025-08-04,178,650.0,0.3333333333333333,450,92.0,60.0,8.0,108.0,24.0,89.0,68.0,37.70941526992961,88.125,-32.0,68.0,2025,8,32,3
279,2025-08-11,47,650.0,0.6666666666666666,450,92.0,60.0,8.0,178.0,108.0,51.0,90.25,68.17807565486136,86.875,-32.0,68.0,2025,8,33,3
279,2025-09-01,182,650.0,0.0,450,92.0,249.0,23.0,47.0,178.0,24.0,89.25,68.97040428087011,75.875,157.0,272.0,2025,9,36,3
279,2025-09-08,102,650.0,0.5,450,92.0,249.0,23.0,182.0,47.0,108.0,128.75,64.22551414092896,91.375,157.0,272.0,2025,9,37,3
279,2025-09-29,42,650.0,0.0,450,92.0,179.0,66.0,102.0,182.0,178.0,127.25,64.93779074365456,97.625,87.0,245.0,2025,9,40,3
279,2025-10-06,279,650.0,1.0,450,92.0,179.0,66.0,42.0,102.0,47.0,93.25,65.11208285205852,91.75,87.0,245.0,2025,10,41,4
279,2025-10-27,56,650.0,0.4,450,92.0,17.0,46.0,279.0,42.0,182.0,151.25,102.67545958017426,120.25,-75.0,63.0,2025,10,44,4
279,2025-11-03,81,650.0,0.5,450,92.0,17.0,46.0,56.0,279.0,102.0,119.75,109.21652805322096,124.25,-75.0,63.0,2025,11,45,4
279,2025-11-10,39,650.0,0.0,450,92.0,157.0,76.0,81.0,56.0,42.0,114.5,110.84674104365901,120.875,65.0,233.0,2025,11,46,4
279,2025-12-01,197,650.0,0.0,450,92.0,232.0,3.0,39.0,81.0,279.0,113.75,111.50896824919509,103.5,140.0,235.0,2025,12,49,4
279,2025-12-08,110,650.0,0.75,450,92.0,248.0,81.0,197.0,39.0,56.0,93.25,71.2852252106517,122.25,156.0,329.0,2025,12,50,4
280,2024-12-30,104,0.0,0.0,350,0.0,0.0,0.0,0.0,0.0,0.0,0.0,0.0,0.0,0.0,0.0,2024,12,1,4
280,2025-01-06,96,450.0,0.6666666666666666,350,80.0,215.0,35.0,104.0,0.0,0.0,104.0,0.0,104.0,135.0,250.0,2025,1,2,1
280,2025-01-27,47,450.0,0.0,350,80.0,121.0,13.0,96.0,104.0,0.0,100.0,5.656854249492381,100.0,41.0,134.0,2025,1,5,1
280,2025-02-03,187,450.0,0.0,350,80.0,121.0,13.0,47.0,96.0,0.0,82.33333333333333,30.85989846602437,82.33333333333333,41.0,134.0,2025,2,6,1
280,2025-02-10,32,450.0,0.25,350,80.0,200.0,98.0,187.0,47.0,104.0,108.5,58.083273553293004,108.5,120.0,298.0,2025,2,7,1
280,2025-02-24,109,450.0,0.0,350,80.0,200.0,98.0,32.0,187.0,96.0,90.5,69.89754406748972,93.2,120.0,298.0,2025,2,9,1
280,2025-03-03,204,450.0,0.0,350,80.0,214.0,37.0,109.0,32.0,47.0,93.75,70.53781491748474,95.83333333333333,134.0,251.0,2025,3,10,1
280,2025-03-10,42,450.0,0.6666666666666666,350,80.0,189.0,95.0,204.0,109.0,187.0,133.0,79.02320334349062,111.28571428571429,109.0,284.0,2025,3,11,1
280,2025-03-31,125,450.0,0.0,350,80.0,189.0,95.0,42.0,204.0,32.0,96.75,79.25223445851017,102.625,109.0,284.0,2025,3,14,1
280,2025-04-07,140,450.0,0.0,350,80.0,20.0,90.0,125.0,42.0,109.0,120.0,66.54822812567339,105.25,-60.0,110.0,2025,4,15,2
280,2025-04-28,78,450.0,0.4,350,80.0,20.0,90.0,140.0,125.0,204.0,127.75,66.64520487877078,110.75,-60.0,110.0,2025,4,18,2
280,2025-05-05,111,450.0,0.0,350,80.0,223.0,35.0,78.0,140.0,42.0,96.25,44.7837396086273,114.625,143.0,258.0,2025,5,19,2
280,2025-05-12,29,450.0,0.0,350,80.0,223.0,35.0,111.0,78.0,125.0,113.5,26.463811768778395,105.125,143.0,258.0,2025,5,20,2
280,2025-05-26,20,450.0,0.0,350,80.0,69.0,48.0,29.0,111.0,140.0,89.5,47.62702314162973,104.75,-11.0,117.0,2025,5,22,2
280,2025-06-02,119,450.0,0.0,350,80.0,69.0,48.0,20.0,29.0,78.0,59.5,42.75901464408802,93.625,-11.0,117.0,2025,6,23,2
280,2025-06-09,52,450.0,0.0,350,80.0,42.0,26.0,119.0,20.0,111.0,69.75,52.48094892434778,83.0,-38.0,68.0,2025,6,24,2
280,2025-06-30,85,450.0,0.0,350,80.0,110.0,52.0,52.0,119.0,29.0,55.0,44.743714642394195,84.25,30.0,162.0,2025,6,27,2
280,2025-07-07,136,450.0,0.0,350,80.0,206.0,44.0,85.0,52.0,20.0,69.0,42.606728733069076,79.25,126.0,250.0,2025,7,28,3
280,2025-07-28,31,450.0,0.5,350,80.0,197.0,27.0,136.0,85.0,119.0,98.0,37.2827037646145,78.75,117.0,224.0,2025,7,31,3
280,2025-08-04,184,450.0,0.0,350,80.0,37.0,88.0,31.0,136.0,52.0,76.0,45.760244754590204,72.875,-43.0,125.0,2025,8,32,3
280,2025-08-11,62,450.0,0.25,350,80.0,94.0,57.0,184.0,31.0,85.0,109.0,65.86349520030045,82.0,14.0,151.0,2025,8,33,3
280,2025-09-01,206,450.0,0.5,350,80.0,80.0,75.0,62.0,184.0,136.0,103.25,69.55753014591592,86.125,0.0,155.0,2025,9,36,3
280,2025-09-08,83,450.0,0.2,350,80.0,238.0,81.0,206.0,62.0,31.0,120.75,87.1296926043776,109.375,158.0,319.0,2025,9,37,3
280,2025-09-29,60,450.0,0.0,350,80.0,230.0,75.0,83.0,206.0,184.0,133.75,71.80703308172536,104.875,150.0,305.0,2025,9,40,3
280,2025-10-06,30,450.0,0.5,350,80.0,230.0,75.0,60.0,83.0,62.0,102.75,69.61501274868805,105.875,150.0,305.0,2025,10,41,4
280,2025-10-27,46,450.0,1.0,350,80.0,230.0,75.0,30.0,60.0,206.0,94.75,77.276020428936,99.0,150.0,305.0,2025,10,44,4
280,2025-11-03,76,450.0,0.0,350,80.0,230.0,75.0,46.0,30.0,83.0,54.75,22.470350835415672,87.75,150.0,305.0,2025,11,45,4
280,2025-12-01,78,450.0,0.0,350,80.0,230.0,75.0,76.0,46.0,60.0,53.0,19.629909152447254,93.375,150.0,305.0,2025,12,49,4
280,2025-12-08,129,450.0,1.0,350,80.0,173.0,65.0,78.0,76.0,30.0,57.5,23.459184413217194,80.125,93.0,238.0,2025,12,50,4
281,2024-12-30,18,0.0,0.0,1500,0.0,0.0,0.0,0.0,0.0,0.0,0.0,0.0,0.0,0.0,0.0,2024,12,1,4
281,2025-01-06,140,999.0,0.0,1500,92.0,0.0,0.0,18.0,0.0,0.0,18.0,0.0,18.0,0.0,0.0,2025,1,2,1
281,2025-01-27,70,999.0,0.3333333333333333,1500,92.0,229.0,85.0,140.0,18.0,0.0,79.0,86.2670273047588,79.0,137.0,314.0,2025,1,5,1
281,2025-02-03,164,999.0,1.0,1500,92.0,158.0,49.0,70.0,140.0,0.0,76.0,61.220911460055866,76.0,66.0,207.0,2025,2,6,1
281,2025-02-10,83,999.0,0.5,1500,92.0,70.0,36.0,164.0,70.0,18.0,98.0,66.59329295557224,98.0,-22.0,106.0,2025,2,7,1
281,2025-03-03,86,999.0,0.5,1500,92.0,169.0,2.0,83.0,164.0,140.0,114.25,44.9916658949188,95.0,77.0,171.0,2025,3,10,1
281,2025-03-10,94,999.0,0.0,1500,92.0,169.0,2.0,86.0,83.0,70.0,100.75,42.7346463656832,93.5,77.0,171.0,2025,3,11,1
281,2025-03-31,66,999.0,1.0,1500,92.0,169.0,2.0,94.0,86.0,164.0,106.75,38.44801685392889,93.57142857142857,77.0,171.0,2025,3,14,1
281,2025-04-07,24,999.0,0.5,1500,92.0,205.0,76.0,66.0,94.0,83.0,82.25,11.786291472158101,90.125,113.0,281.0,2025,4,15,2
281,2025-04-28,131,999.0,0.0,1500,92.0,65.0,9.0,24.0,66.0,86.0,67.5,31.299627260826394,90.875,-27.0,74.0,2025,4,18,2
281,2025-05-05,37,999.0,0.6666666666666666,1500,92.0,147.0,50.0,131.0,24.0,94.0,78.75,45.17650569340957,89.75,55.0,197.0,2025,5,19,2
281,2025-05-12,65,999.0,0.0,1500,92.0,155.0,25.0,37.0,131.0,66.0,64.5,47.68298089115934,85.625,63.0,180.0,2025,5,20,2
281,2025-06-02,152,999.0,1.0,1500,92.0,155.0,25.0,65.0,37.0,24.0,64.25,47.67511580129268,73.25,63.0,180.0,2025,6,23,2
281,2025-07-07,127,999.0,0.25,1500,92.0,27.0,6.0,152.0,65.0,131.0,96.25,54.16871790987857,81.875,-65.0,33.0,2025,7,28,3
281,2025-07-28,70,999.0,0.6666666666666666,1500,92.0,86.0,63.0,127.0,152.0,37.0,95.25,53.34400934812955,87.0,-6.0,149.0,2025,7,31,3
281,2025-08-04,68,999.0,0.0,1500,92.0,147.0,94.0,70.0,127.0,65.0,103.5,42.85246006162696,84.0,55.0,241.0,2025,8,32,3
281,2025-08-11,45,999.0,0.5,1500,92.0,163.0,34.0,68.0,70.0,152.0,104.25,41.97122029835841,84.25,71.0,197.0,2025,8,33,3
281,2025-09-01,36,999.0,1.0,1500,92.0,233.0,11.0,45.0,68.0,127.0,77.5,34.895080837657716,86.875,141.0,244.0,2025,9,36,3
281,2025-09-08,139,999.0,0.0,1500,92.0,79.0,29.0,36.0,45.0,70.0,54.75,16.879474715365603,75.0,-13.0,108.0,2025,9,37,3
281,2025-09-29,147,999.0,0.6666666666666666,1500,92.0,126.0,67.0,139.0,36.0,68.0,72.0,46.654760385909896,87.75,34.0,193.0,2025,9,40,3
281,2025-10-06,145,999.0,0.25,1500,92.0,126.0,67.0,147.0,139.0,45.0,91.75,59.38223640113262,98.0,34.0,193.0,2025,10,41,4
281,2025-10-27,24,999.0,0.3333333333333333,1500,92.0,151.0,39.0,145.0,147.0,36.0,116.75,53.94055369880192,97.125,59.0,190.0,2025,10,44,4
281,2025-11-03,147,999.0,0.0,1500,92.0,151.0,39.0,24.0,145.0,139.0,113.75,59.92982006758684,84.25,59.0,190.0,2025,11,45,4
281,2025-11-10,38,999.0,0.5,1500,92.0,214.0,64.0,147.0,24.0,147.0,115.75,61.17393235684625,93.875,122.0,278.0,2025,11,46,4
281,2025-12-01,106,999.0,1.0,1500,92.0,214.0,64.0,38.0,147.0,145.0,88.5,66.64583007710735,90.125,122.0,278.0,2025,12,49,4
281,2025-12-08,60,999.0,0.25,1500,92.0,237.0,73.0,106.0,38.0,24.0,78.75,57.90437519451071,97.75,145.0,310.0,2025,12,50,4
282,2024-12-30,159,0.0,0.0,550,0.0,0.0,0.0,0.0,0.0,0.0,0.0,0.0,0.0,0.0,0.0,2024,12,1,4
282,2025-01-06,115,700.0,1.0,550,92.0,118.0,39.0,159.0,0.0,0.0,159.0,0.0,159.0,26.0,157.0,2025,1,2,1
282,2025-01-27,57,700.0,0.25,550,92.0,239.0,9.0,115.0,159.0,0.0,137.0,31.11269837220809,137.0,147.0,248.0,2025,1,5,1
282,2025-02-03,160,700.0,0.0,550,92.0,239.0,9.0,57.0,115.0,0.0,110.33333333333333,51.15988011453245,110.33333333333333,147.0,248.0,2025,2,6,1
282,2025-02-10,76,700.0,0.0,550,92.0,56.0,4.0,160.0,57.0,159.0,122.75,48.59612467402451,122.75,-36.0,60.0,2025,2,7,1
282,2025-02-24,23,700.0,0.0,550,92.0,56.0,4.0,76.0,160.0,115.0,102.0,45.58508528016593,113.4,-36.0,60.0,2025,2,9,1
282,2025-03-03,142,700.0,0.0,550,92.0,237.0,98.0,23.0,76.0,57.0,79.0,58.28092884183184,98.33333333333333,145.0,335.0,2025,3,10,1
282,2025-03-10,21,700.0,0.0,550,92.0,168.0,99.0,142.0,23.0,160.0,100.25,62.89872812704562,104.57142857142857,76.0,267.0,2025,3,11,1
282,2025-03-31,130,700.0,1.0,550,92.0,121.0,75.0,21.0,142.0,76.0,65.5,57.005847653259806,94.125,29.0,196.0,2025,3,14,1
282,2025-04-07,29,700.0,0.5,550,92.0,35.0,83.0,130.0,21.0,23.0,79.0,66.00505031182588,90.5,-57.0,118.0,2025,4,15,2
282,2025-04-28,86,700.0,0.0,550,92.0,35.0,83.0,29.0,130.0,142.0,80.5,64.35578192102608,79.75,-57.0,118.0,2025,4,18,2
282,2025-05-05,140,700.0,0.0,550,92.0,175.0,81.0,86.0,29.0,21.0,66.5,51.28027561028379,83.375,83.0,256.0,2025,5,19,2
282,2025-06-02,71,700.0,0.6666666666666666,550,92.0,180.0,15.0,140.0,86.0,130.0,96.25,50.598913031803356,80.875,88.0,195.0,2025,6,23,2
282,2025-06-30,103,700.0,0.0,550,92.0,207.0,75.0,71.0,140.0,29.0,81.5,45.8584779511924,80.25,115.0,282.0,2025,6,27,2
282,2025-07-07,126,700.0,0.25,550,92.0,166.0,44.0,103.0,71.0,86.0,100.0,29.69848480983499,90.25,74.0,210.0,2025,7,28,3
282,2025-07-28,30,700.0,0.25,550,92.0,185.0,73.0,126.0,103.0,140.0,110.0,30.14409837209709,88.25,93.0,258.0,2025,7,31,3
282,2025-08-04,39,700.0,0.0,550,92.0,185.0,73.0,30.0,126.0,71.0,82.5,41.63732300072456,89.375,93.0,258.0,2025,8,32,3
282,2025-08-11,25,700.0,0.0,550,92.0,239.0,39.0,39.0,30.0,103.0,74.5,47.27578661429125,78.0,147.0,278.0,2025,8,33,3
282,2025-09-01,139,700.0,0.0,550,92.0,239.0,39.0,25.0,39.0,126.0,55.0,47.68647607026545,77.5,147.0,278.0,2025,9,36,3
282,2025-09-29,91,700.0,0.0,550,92.0,237.0,92.0,139.0,25.0,30.0,58.25,54.14409786240171,84.125,145.0,329.0,2025,9,40,3
282,2025-10-06,171,700.0,0.25,550,92.0,237.0,92.0,91.0,139.0,39.0,73.5,52.086466572421664,78.0,145.0,329.0,2025,10,41,4
282,2025-10-27,21,700.0,0.0,550,92.0,126.0,74.0,171.0,91.0,25.0,106.5,63.50590523722971,90.5,34.0,200.0,2025,10,44,4
282,2025-11-03,141,700.0,0.0,550,92.0,65.0,88.0,21.0,171.0,139.0,105.5,65.22525073415459,80.25,-27.0,153.0,2025,11,45,4
282,2025-11-10,44,700.0,0.2,550,92.0,12.0,22.0,141.0,21.0,91.0,106.0,65.57438524302,82.125,-80.0,34.0,2025,11,46,4
282,2025-12-01,239,700.0,0.0,550,92.0,12.0,22.0,44.0,141.0,171.0,94.25,72.95375247374189,83.875,-80.0,34.0,2025,12,49,4
282,2025-12-08,57,700.0,0.4,550,92.0,16.0,16.0,239.0,44.0,21.0,111.25,99.78769129172863,108.875,-76.0,32.0,2025,12,50,4
283,2024-12-30,74,0.0,0.0,350,0.0,0.0,0.0,0.0,0.0,0.0,0.0,0.0,0.0,0.0,0.0,2024,12,1,4
283,2025-01-06,141,650.0,0.0,350,62.0,109.0,88.0,74.0,0.0,0.0,74.0,0.0,74.0,47.0,197.0,2025,1,2,1
283,2025-01-27,31,650.0,0.25,350,62.0,100.0,94.0,141.0,74.0,0.0,107.5,47.37615433949868,107.5,38.0,194.0,2025,1,5,1
283,2025-02-03,144,650.0,1.0,350,62.0,100.0,94.0,31.0,141.0,0.0,82.0,55.4346462061408,82.0,38.0,194.0,2025,2,6,1
283,2025-02-10,56,650.0,0.2,350,62.0,200.0,83.0,144.0,31.0,74.0,97.5,54.8604289690362,97.5,138.0,283.0,2025,2,7,1
283,2025-03-03,70,650.0,0.5,350,62.0,200.0,83.0,56.0,144.0,141.0,93.0,58.07466458505522,89.2,138.0,283.0,2025,3,10,1
283,2025-03-31,94,650.0,0.5,350,62.0,226.0,60.0,70.0,56.0,31.0,75.25,48.58926493235585,86.0,164.0,286.0,2025,3,14,1
283,2025-04-07,107,650.0,0.5,350,62.0,47.0,97.0,94.0,70.0,144.0,91.0,38.660919113061276,87.14285714285714,-15.0,144.0,2025,4,15,2
283,2025-04-28,15,650.0,0.5,350,62.0,209.0,99.0,107.0,94.0,56.0,81.75,23.01267766543766,89.625,147.0,308.0,2025,4,18,2
283,2025-05-05,96,650.0,0.0,350,62.0,209.0,99.0,15.0,107.0,70.0,71.5,40.665300523501195,82.25,147.0,308.0,2025,5,19,2
283,2025-06-02,106,650.0,0.3333333333333333,350,62.0,128.0,52.0,96.0,15.0,94.0,78.0,42.38710495736488,76.625,66.0,180.0,2025,6,23,2
283,2025-06-30,85,650.0,0.0,350,62.0,38.0,26.0,106.0,96.0,107.0,81.0,44.27941583474952,86.0,-24.0,64.0,2025,6,27,2
283,2025-07-07,41,650.0,0.5,350,62.0,38.0,26.0,85.0,106.0,15.0,75.5,41.23509831846328,78.625,-24.0,64.0,2025,7,28,3
283,2025-07-28,124,650.0,0.0,350,62.0,38.0,26.0,41.0,85.0,96.0,82.0,28.647280266487186,76.75,-24.0,64.0,2025,7,31,3
283,2025-08-04,57,650.0,0.5,350,62.0,119.0,23.0,124.0,41.0,106.0,89.0,35.74912586343895,83.5,57.0,142.0,2025,8,32,3
283,2025-08-11,57,650.0,0.0,350,62.0,119.0,23.0,57.0,124.0,85.0,76.75,36.37192140465865,78.875,57.0,142.0,2025,8,33,3
283,2025-09-01,82,650.0,0.5,350,62.0,119.0,23.0,57.0,57.0,41.0,69.75,36.94477861168836,72.625,57.0,142.0,2025,9,36,3
283,2025-09-08,169,650.0,0.3333333333333333,350,62.0,133.0,41.0,82.0,57.0,124.0,80.0,31.61223391874312,81.0,71.0,174.0,2025,9,37,3
283,2025-09-29,27,650.0,0.75,350,62.0,26.0,23.0,169.0,82.0,57.0,91.25,53.15621631882139,90.125,-36.0,49.0,2025,9,40,3
283,2025-10-06,150,650.0,0.0,350,62.0,88.0,65.0,27.0,169.0,57.0,83.75,61.11941862725245,80.25,26.0,153.0,2025,10,41,4
283,2025-10-27,29,650.0,0.25,350,62.0,97.0,89.0,150.0,27.0,82.0,107.0,65.11016305718589,88.375,35.0,186.0,2025,10,44,4
283,2025-11-03,75,650.0,0.0,350,62.0,97.0,89.0,29.0,150.0,169.0,93.75,76.32114167559777,86.875,35.0,186.0,2025,11,45,4
283,2025-11-10,16,650.0,0.0,350,62.0,180.0,62.0,75.0,29.0,27.0,70.25,57.604253315184984,80.75,118.0,242.0,2025,11,46,4
283,2025-12-01,107,650.0,0.0,350,62.0,214.0,40.0,16.0,75.0,150.0,67.5,60.544749290641775,75.625,152.0,254.0,2025,12,49,4
283,2025-12-08,55,650.0,0.3333333333333333,350,62.0,149.0,10.0,107.0,16.0,29.0,56.75,41.98710119389843,81.875,87.0,159.0,2025,12,50,4
284,2024-12-30,61,0.0,0.0,750,0.0,0.0,0.0,0.0,0.0,0.0,0.0,0.0,0.0,0.0,0.0,2024,12,1,4
284,2025-01-06,262,250.0,0.5,750,45.0,245.0,9.0,61.0,0.0,0.0,61.0,0.0,61.0,200.0,254.0,2025,1,2,1
284,2025-01-27,21,250.0,0.5,750,45.0,228.0,85.0,262.0,61.0,0.0,161.5,142.12846301849606,161.5,183.0,313.0,2025,1,5,1
284,2025-02-03,264,250.0,1.0,750,45.0,138.0,8.0,21.0,262.0,0.0,114.66666666666667,129.15236479961695,114.66666666666667,93.0,146.0,2025,2,6,1
284,2025-02-10,69,250.0,0.5,750,45.0,188.0,80.0,264.0,21.0,61.0,152.0,129.2104226962103,152.0,143.0,268.0,2025,2,7,1
284,2025-02-24,53,250.0,0.0,750,45.0,188.0,80.0,69.0,264.0,262.0,154.0,127.38131731144878,135.4,143.0,268.0,2025,2,9,1
284,2025-03-03,315,250.0,0.0,750,45.0,139.0,21.0,53.0,69.0,21.0,101.75,109.99204516691195,121.66666666666667,94.0,160.0,2025,3,10,1
284,2025-03-10,23,250.0,0.6666666666666666,750,45.0,139.0,21.0,315.0,53.0,264.0,175.25,133.7170520165622,149.28571428571428,94.0,160.0,2025,3,11,1
284,2025-03-31,183,250.0,0.0,750,45.0,194.0,3.0,23.0,315.0,69.0,115.0,134.689766995616,133.5,149.0,197.0,2025,3,14,1
284,2025-04-07,82,250.0,0.25,750,45.0,144.0,23.0,183.0,23.0,53.0,143.5,133.76970259865772,148.75,99.0,167.0,2025,4,15,2
284,2025-04-28,122,250.0,0.3333333333333333,750,45.0,144.0,23.0,82.0,183.0,315.0,150.75,127.8863427683608,126.25,99.0,167.0,2025,4,18,2
284,2025-05-05,153,250.0,0.25,750,45.0,13.0,24.0,122.0,82.0,23.0,102.5,67.33250824576987,138.875,-32.0,37.0,2025,5,19,2
284,2025-05-12,22,250.0,0.0,750,45.0,205.0,28.0,153.0,122.0,183.0,135.0,43.22807729551095,125.0,160.0,233.0,2025,5,20,2
284,2025-05-26,35,250.0,0.0,750,45.0,79.0,33.0,22.0,153.0,82.0,94.75,56.541282853032875,119.125,34.0,112.0,2025,5,22,2
284,2025-06-02,130,250.0,0.0,750,45.0,79.0,33.0,35.0,22.0,122.0,83.0,64.41014412859724,116.875,34.0,112.0,2025,6,23,2
284,2025-06-09,136,250.0,0.5,750,45.0,79.0,33.0,130.0,35.0,153.0,85.0,66.12614208213472,93.75,34.0,112.0,2025,6,24,2
284,2025-06-30,46,250.0,1.0,750,45.0,231.0,37.0,136.0,130.0,22.0,80.75,60.61559205353027,107.875,186.0,268.0,2025,6,27,2
284,2025-07-07,196,250.0,0.0,750,45.0,231.0,37.0,46.0,136.0,35.0,86.75,53.64932432006952,90.75,186.0,268.0,2025,7,28,3
284,2025-07-28,47,250.0,0.2,750,45.0,101.0,89.0,196.0,46.0,130.0,127.0,61.67657578043712,105.0,56.0,190.0,2025,7,31,3
284,2025-08-04,72,250.0,0.0,750,45.0,87.0,87.0,47.0,196.0,136.0,106.25,73.213728220874,95.625,42.0,174.0,2025,8,32,3
284,2025-08-11,38,250.0,0.0,750,45.0,133.0,2.0,72.0,47.0,46.0,90.25,71.51864558747369,85.5,88.0,135.0,2025,8,33,3
284,2025-09-01,218,250.0,0.0,750,45.0,133.0,2.0,38.0,72.0,196.0,88.25,73.25924287533054,87.5,88.0,135.0,2025,9,36,3
284,2025-09-08,105,250.0,0.4,750,45.0,234.0,31.0,218.0,38.0,47.0,93.75,84.0728850462502,110.375,189.0,265.0,2025,9,37,3
284,2025-09-29,76,250.0,1.0,750,45.0,109.0,51.0,105.0,218.0,72.0,108.25,78.11263235439795,107.25,64.0,160.0,2025,9,40,3
284,2025-10-06,23,250.0,0.0,750,45.0,11.0,94.0,76.0,105.0,38.0,109.25,77.51720239189923,99.75,-34.0,105.0,2025,10,41,4
284,2025-11-03,133,250.0,0.0,750,45.0,11.0,94.0,23.0,76.0,218.0,105.5,82.32658541848234,96.875,-34.0,105.0,2025,11,45,4
284,2025-11-10,47,250.0,0.3333333333333333,750,45.0,11.0,94.0,133.0,23.0,105.0,84.25,46.999113466816254,89.0,-34.0,105.0,2025,11,46,4
284,2025-12-01,194,250.0,0.0,750,45.0,105.0,22.0,47.0,133.0,76.0,69.75,47.40868415526142,89.0,60.0,127.0,2025,12,49,4
284,2025-12-08,26,250.0,0.6666666666666666,750,45.0,218.0,76.0,194.0,47.0,23.0,99.25,78.86856154387503,104.25,173.0,294.0,2025,12,50,4
285,2024-12-30,97,0.0,0.0,250,0.0,0.0,0.0,0.0,0.0,0.0,0.0,0.0,0.0,0.0,0.0,2024,12,1,4
285,2025-01-06,154,850.0,1.0,250,82.0,160.0,12.0,97.0,0.0,0.0,97.0,0.0,97.0,78.0,172.0,2025,1,2,1
285,2025-01-27,64,850.0,1.0,250,82.0,160.0,12.0,154.0,97.0,0.0,125.5,40.30508652763321,125.5,78.0,172.0,2025,1,5,1
285,2025-02-03,108,850.0,1.0,250,82.0,141.0,79.0,64.0,154.0,0.0,105.0,45.53020975132884,105.0,59.0,220.0,2025,2,6,1
285,2025-02-10,81,850.0,0.3333333333333333,250,82.0,19.0,45.0,108.0,64.0,97.0,105.75,37.20551034457127,105.75,-63.0,64.0,2025,2,7,1
285,2025-03-03,70,850.0,0.0,250,82.0,126.0,64.0,81.0,108.0,154.0,101.75,39.26300209272507,100.8,44.0,190.0,2025,3,10,1
285,2025-03-10,24,850.0,0.5,250,82.0,126.0,64.0,70.0,81.0,64.0,80.75,19.482898483884096,95.66666666666667,44.0,190.0,2025,3,11,1
285,2025-03-31,102,850.0,0.0,250,82.0,158.0,85.0,24.0,70.0,108.0,70.75,35.01785258978625,85.42857142857143,76.0,243.0,2025,3,14,1
285,2025-04-07,158,850.0,0.0,250,82.0,146.0,41.0,102.0,24.0,81.0,69.25,32.95830699535399,87.5,64.0,187.0,2025,4,15,2
285,2025-04-28,106,850.0,0.6666666666666666,250,82.0,182.0,26.0,158.0,102.0,70.0,88.5,56.31755203013237,95.125,100.0,208.0,2025,4,18,2
285,2025-05-05,165,850.0,0.25,250,82.0,182.0,26.0,106.0,158.0,24.0,97.5,55.24189231612786,89.125,100.0,208.0,2025,5,19,2
285,2025-05-12,68,850.0,0.3333333333333333,250,82.0,193.0,41.0,165.0,106.0,102.0,132.75,33.360405672993046,101.75,111.0,234.0,2025,5,20,2
285,2025-05-26,44,850.0,1.0,250,82.0,152.0,50.0,68.0,165.0,158.0,124.25,45.813935289021686,96.75,70.0,202.0,2025,5,22,2
285,2025-06-02,224,850.0,0.0,250,82.0,152.0,50.0,44.0,68.0,106.0,95.75,52.75335692320126,92.125,70.0,202.0,2025,6,23,2
285,2025-06-30,70,850.0,0.6,250,82.0,95.0,78.0,224.0,44.0,165.0,125.25,84.08477864631624,111.375,13.0,173.0,2025,6,27,2
285,2025-07-07,108,850.0,0.0,250,82.0,83.0,90.0,70.0,224.0,68.0,101.5,82.516664983505,117.125,1.0,173.0,2025,7,28,3
285,2025-07-28,217,850.0,0.5,250,82.0,160.0,98.0,108.0,70.0,44.0,111.5,79.47116877627172,117.875,78.0,258.0,2025,7,31,3
285,2025-08-04,149,850.0,0.3333333333333333,250,82.0,160.0,98.0,217.0,108.0,224.0,154.75,77.54299882430823,125.25,78.0,258.0,2025,8,32,3
285,2025-08-11,45,850.0,0.25,250,82.0,12.0,3.0,149.0,217.0,70.0,136.0,62.90204024248074,130.625,-70.0,15.0,2025,8,33,3
285,2025-09-01,80,850.0,0.0,250,82.0,235.0,8.0,45.0,149.0,108.0,129.75,72.20053093064251,115.625,153.0,243.0,2025,9,36,3
285,2025-09-08,165,850.0,0.3333333333333333,250,82.0,235.0,44.0,80.0,45.0,217.0,122.75,76.25560088719168,117.125,153.0,279.0,2025,9,37,3
285,2025-09-29,24,850.0,0.3333333333333333,250,82.0,235.0,44.0,165.0,80.0,149.0,109.75,56.77660903341563,132.25,153.0,279.0,2025,9,40,3
285,2025-10-06,136,850.0,0.0,250,82.0,74.0,89.0,24.0,165.0,45.0,78.5,62.120849961989414,107.25,-8.0,163.0,2025,10,41,4
285,2025-10-27,56,850.0,1.0,250,82.0,110.0,12.0,136.0,24.0,80.0,101.25,62.42528867908155,115.5,28.0,122.0,2025,10,44,4
285,2025-11-03,127,850.0,1.0,250,82.0,110.0,12.0,56.0,136.0,165.0,95.25,66.18849346122532,109.0,28.0,122.0,2025,11,45,4
285,2025-11-10,52,850.0,0.3333333333333333,250,82.0,135.0,16.0,127.0,56.0,24.0,85.75,54.54279665241476,97.75,53.0,151.0,2025,11,46,4
285,2025-12-01,218,850.0,0.0,250,82.0,135.0,16.0,52.0,127.0,136.0,92.75,44.924937395615814,85.625,53.0,151.0,2025,12,49,4
285,2025-12-08,118,850.0,0.3333333333333333,250,82.0,200.0,60.0,218.0,52.0,56.0,113.25,77.869013948639,107.25,118.0,260.0,2025,12,50,4
286,2024-12-30,282,0.0,0.0,600,0.0,0.0,0.0,0.0,0.0,0.0,0.0,0.0,0.0,0.0,0.0,2024,12,1,4
286,2025-01-06,203,650.0,1.0,600,73.0,180.0,88.0,282.0,0.0,0.0,282.0,0.0,282.0,107.0,268.0,2025,1,2,1
286,2025-01-27,63,650.0,0.6666666666666666,600,73.0,55.0,41.0,203.0,282.0,0.0,242.5,55.86143571373726,242.5,-18.0,96.0,2025,1,5,1
286,2025-02-03,135,650.0,0.0,600,73.0,12.0,48.0,63.0,203.0,0.0,182.66666666666666,110.90686783663729,182.66666666666666,-61.0,60.0,2025,2,6,1
286,2025-02-10,24,650.0,0.0,600,73.0,38.0,29.0,135.0,63.0,282.0,170.75,93.63893421008164,170.75,-35.0,67.0,2025,2,7,1
286,2025-02-24,22,650.0,0.0,600,73.0,38.0,29.0,24.0,135.0,203.0,106.25,79.21016348928967,141.4,-35.0,67.0,2025,2,9,1
286,2025-03-03,187,650.0,0.0,600,73.0,122.0,2.0,22.0,24.0,63.0,61.0,52.820450584977,121.5,49.0,124.0,2025,3,10,1
286,2025-03-10,128,650.0,0.2,600,73.0,122.0,2.0,187.0,22.0,135.0,92.0,82.45807015285605,130.85714285714286,49.0,124.0,2025,3,11,1
286,2025-03-31,191,650.0,0.3333333333333333,600,73.0,122.0,2.0,128.0,187.0,24.0,90.25,81.30754372545431,130.5,49.0,124.0,2025,3,14,1
286,2025-04-07,81,650.0,0.0,600,73.0,122.0,2.0,191.0,128.0,22.0,132.0,78.78663169176184,119.125,49.0,124.0,2025,4,15,2
286,2025-04-28,67,650.0,0.6666666666666666,600,73.0,154.0,88.0,81.0,191.0,187.0,146.75,52.449181754024195,103.875,81.0,242.0,2025,4,18,2
286,2025-05-05,50,650.0,0.5,600,73.0,154.0,88.0,67.0,81.0,128.0,116.75,55.95459468771679,104.375,81.0,242.0,2025,5,19,2
286,2025-06-02,149,650.0,0.0,600,73.0,154.0,88.0,50.0,67.0,191.0,97.25,63.772381691972775,93.75,81.0,242.0,2025,6,23,2
286,2025-06-09,83,650.0,0.6666666666666666,600,73.0,106.0,29.0,149.0,50.0,81.0,86.75,43.39258769267701,109.375,33.0,135.0,2025,6,24,2
286,2025-06-30,228,650.0,0.5,600,73.0,160.0,8.0,83.0,149.0,67.0,87.25,43.31570154112706,117.0,87.0,168.0,2025,6,27,2
286,2025-07-07,109,650.0,0.4,600,73.0,20.0,3.0,228.0,83.0,50.0,127.5,78.63205453248692,122.125,-53.0,23.0,2025,7,28,3
286,2025-07-28,56,650.0,0.0,600,73.0,58.0,46.0,109.0,228.0,149.0,142.25,63.28441092928546,119.75,-15.0,104.0,2025,7,31,3
286,2025-08-04,179,650.0,0.5,600,73.0,218.0,23.0,56.0,109.0,83.0,119.0,75.81996219114505,102.875,145.0,241.0,2025,8,32,3
286,2025-08-11,24,650.0,0.0,600,73.0,125.0,18.0,179.0,56.0,228.0,143.0,75.81996219114505,115.125,52.0,143.0,2025,8,33,3
286,2025-09-01,109,650.0,0.0,600,73.0,125.0,18.0,24.0,179.0,109.0,92.0,67.76921621700124,109.75,52.0,143.0,2025,9,36,3
286,2025-09-08,76,650.0,0.0,600,73.0,125.0,18.0,109.0,24.0,56.0,92.0,67.76921621700124,117.125,52.0,143.0,2025,9,37,3
286,2025-10-06,256,650.0,0.0,600,73.0,55.0,18.0,76.0,109.0,179.0,97.0,64.90505886806255,108.0,-18.0,73.0,2025,10,41,4
286,2025-10-27,21,650.0,0.2,600,73.0,109.0,51.0,256.0,76.0,24.0,116.25,99.52009847262008,129.625,36.0,160.0,2025,10,44,4
286,2025-11-03,98,650.0,0.0,600,73.0,95.0,47.0,21.0,256.0,109.0,115.5,100.45396955820112,103.75,22.0,142.0,2025,11,45,4
286,2025-11-10,56,650.0,0.6666666666666666,600,73.0,93.0,52.0,98.0,21.0,76.0,112.75,100.84104653694678,102.375,20.0,145.0,2025,11,46,4
286,2025-12-01,87,650.0,0.0,600,73.0,93.0,52.0,56.0,98.0,256.0,107.75,103.72519783864799,102.375,20.0,145.0,2025,12,49,4
286,2025-12-08,112,650.0,1.0,600,73.0,139.0,42.0,87.0,56.0,21.0,65.5,34.58805188693534,90.875,66.0,181.0,2025,12,50,4
287,2024-12-30,63,0.0,0.0,700,0.0,0.0,0.0,0.0,0.0,0.0,0.0,0.0,0.0,0.0,0.0,2024,12,1,4
287,2025-01-06,116,250.0,0.0,700,50.0,0.0,0.0,63.0,0.0,0.0,63.0,0.0,63.0,0.0,0.0,2025,1,2,1
287,2025-02-03,180,250.0,0.3333333333333333,700,50.0,115.0,45.0,116.0,63.0,0.0,89.5,37.476659402887016,89.5,65.0,160.0,2025,2,6,1
287,2025-02-10,51,250.0,0.3333333333333333,700,50.0,80.0,94.0,180.0,116.0,0.0,119.66666666666667,58.58611894752317,119.66666666666667,30.0,174.0,2025,2,7,1
287,2025-02-24,37,250.0,0.0,700,50.0,80.0,94.0,51.0,180.0,63.0,102.5,58.881236400062114,102.5,30.0,174.0,2025,2,9,1
287,2025-03-03,122,250.0,1.0,700,50.0,53.0,15.0,37.0,51.0,116.0,96.0,65.7317782101372,89.4,3.0,68.0,2025,3,10,1
287,2025-03-10,71,250.0,0.25,700,50.0,53.0,15.0,122.0,37.0,180.0,97.5,66.4053210719342,94.83333333333333,3.0,68.0,2025,3,11,1
287,2025-03-31,225,250.0,0.3333333333333333,700,50.0,157.0,30.0,71.0,122.0,51.0,70.25,37.214468512484046,91.42857142857143,107.0,187.0,2025,3,14,1
287,2025-04-07,202,250.0,0.6,700,50.0,99.0,98.0,225.0,71.0,37.0,113.75,81.98119703118921,108.125,49.0,197.0,2025,4,15,2
287,2025-04-28,78,250.0,0.4,700,50.0,232.0,58.0,202.0,225.0,122.0,155.0,71.30684866593577,125.5,182.0,290.0,2025,4,18,2
287,2025-05-05,228,250.0,0.0,700,50.0,206.0,16.0,78.0,202.0,71.0,144.0,80.84965470963168,120.75,156.0,222.0,2025,5,19,2
287,2025-05-26,41,250.0,0.16666666666666666,700,50.0,100.0,4.0,228.0,78.0,225.0,183.25,71.12137512731317,126.75,50.0,104.0,2025,5,22,2
287,2025-06-02,92,250.0,0.0,700,50.0,100.0,4.0,41.0,228.0,202.0,137.25,91.6565145893442,125.5,50.0,104.0,2025,6,23,2
287,2025-06-09,53,250.0,0.0,700,50.0,139.0,26.0,92.0,41.0,78.0,109.75,81.71648140573194,132.375,89.0,165.0,2025,6,24,2
287,2025-06-30,55,250.0,0.0,700,50.0,139.0,26.0,53.0,92.0,228.0,103.5,85.8079250419214,123.75,89.0,165.0,2025,6,27,2
287,2025-07-07,41,250.0,0.0,700,50.0,92.0,7.0,55.0,53.0,41.0,60.25,22.051077071199945,121.75,42.0,99.0,2025,7,28,3
287,2025-07-28,25,250.0,0.0,700,50.0,97.0,78.0,41.0,55.0,92.0,60.25,22.051077071199945,98.75,47.0,175.0,2025,7,31,3
287,2025-08-04,107,250.0,1.0,700,50.0,191.0,16.0,25.0,41.0,53.0,43.5,13.796134724383249,76.625,141.0,207.0,2025,8,32,3
287,2025-08-11,51,250.0,0.25,700,50.0,41.0,27.0,107.0,25.0,55.0,57.0,35.51525493831254,80.25,-9.0,68.0,2025,8,33,3
287,2025-09-01,50,250.0,0.0,700,50.0,230.0,93.0,51.0,107.0,41.0,56.0,35.6464116941196,58.125,180.0,323.0,2025,9,36,3
287,2025-09-08,86,250.0,0.0,700,50.0,230.0,93.0,50.0,51.0,25.0,58.25,34.65424456926837,59.25,180.0,323.0,2025,9,37,3
287,2025-09-29,45,250.0,1.0,700,50.0,230.0,93.0,86.0,50.0,107.0,73.5,27.910571473905723,58.5,180.0,323.0,2025,9,40,3
287,2025-10-06,79,250.0,0.5,700,50.0,205.0,80.0,45.0,86.0,51.0,58.0,18.850287354131588,57.5,155.0,285.0,2025,10,41,4
287,2025-10-27,52,250.0,1.0,700,50.0,146.0,26.0,79.0,45.0,50.0,65.0,20.510160083886877,60.5,96.0,172.0,2025,10,44,4
287,2025-11-03,277,250.0,0.0,700,50.0,69.0,13.0,52.0,79.0,86.0,65.5,20.04162335407655,61.875,19.0,82.0,2025,11,45,4
287,2025-11-10,150,250.0,0.75,700,50.0,188.0,3.0,277.0,52.0,45.0,113.25,110.14649336224917,93.375,138.0,191.0,2025,11,46,4
287,2025-12-01,165,250.0,0.3333333333333333,700,50.0,188.0,3.0,150.0,277.0,79.0,139.5,100.55346836385108,98.75,138.0,191.0,2025,12,49,4
287,2025-12-08,50,250.0,0.5,700,50.0,188.0,3.0,165.0,150.0,52.0,161.0,92.14843098682329,113.0,138.0,191.0,2025,12,50,4
288,2024-12-30,122,0.0,0.0,1800,0.0,0.0,0.0,0.0,0.0,0.0,0.0,0.0,0.0,0.0,0.0,2024,12,1,4
288,2025-01-06,121,350.0,1.0,1800,27.0,89.0,48.0,122.0,0.0,0.0,122.0,0.0,122.0,62.0,137.0,2025,1,2,1
288,2025-01-27,97,350.0,0.0,1800,27.0,89.0,48.0,121.0,122.0,0.0,121.5,0.7071067811865476,121.5,62.0,137.0,2025,1,5,1
288,2025-02-03,249,350.0,0.5,1800,27.0,158.0,60.0,97.0,121.0,0.0,113.33333333333333,14.153915830374762,113.33333333333333,131.0,218.0,2025,2,6,1
288,2025-02-24,73,350.0,0.4,1800,27.0,42.0,20.0,249.0,97.0,122.0,147.25,68.8107307523083,147.25,15.0,62.0,2025,2,9,1
288,2025-03-03,149,350.0,0.0,1800,27.0,66.0,27.0,73.0,249.0,121.0,135.0,78.48566748139433,132.4,39.0,93.0,2025,3,10,1
288,2025-03-10,33,350.0,0.2,1800,27.0,176.0,1.0,149.0,73.0,97.0,142.0,78.06834612483262,135.16666666666666,149.0,177.0,2025,3,11,1
288,2025-03-31,55,350.0,0.0,1800,27.0,176.0,1.0,33.0,149.0,249.0,126.0,95.0719026141092,120.57142857142857,149.0,177.0,2025,3,14,1
288,2025-04-07,77,350.0,1.0,1800,27.0,25.0,42.0,55.0,33.0,73.0,77.5,50.3951055824538,112.375,-2.0,67.0,2025,4,15,2
288,2025-04-28,64,350.0,0.0,1800,27.0,129.0,41.0,77.0,55.0,149.0,78.5,50.315670189978256,106.75,102.0,170.0,2025,4,18,2
288,2025-05-05,54,350.0,0.5,1800,27.0,129.0,41.0,64.0,77.0,33.0,57.25,18.518009252256753,99.625,102.0,170.0,2025,5,19,2
288,2025-05-26,55,350.0,0.0,1800,27.0,73.0,44.0,54.0,64.0,55.0,62.5,10.661457061146317,94.25,46.0,117.0,2025,5,22,2
288,2025-06-02,148,350.0,1.0,1800,27.0,73.0,44.0,55.0,54.0,77.0,62.5,10.661457061146317,70.0,46.0,117.0,2025,6,23,2
288,2025-06-09,72,350.0,0.16666666666666666,1800,27.0,135.0,94.0,148.0,55.0,64.0,80.25,45.389976867145464,79.375,108.0,229.0,2025,6,24,2
288,2025-06-30,147,350.0,0.0,1800,27.0,209.0,90.0,72.0,148.0,54.0,82.25,44.60474563690879,69.75,182.0,299.0,2025,6,27,2
288,2025-07-07,121,350.0,0.0,1800,27.0,219.0,89.0,147.0,72.0,55.0,105.5,48.993196806631566,84.0,192.0,308.0,2025,7,28,3
288,2025-08-11,28,350.0,0.5,1800,27.0,68.0,57.0,121.0,147.0,148.0,122.0,35.59962546619464,92.25,41.0,125.0,2025,8,33,3
288,2025-09-01,253,350.0,1.0,1800,27.0,239.0,35.0,28.0,121.0,72.0,92.0,52.79520180218401,86.125,212.0,274.0,2025,9,36,3
288,2025-09-08,45,350.0,0.5,1800,27.0,169.0,87.0,253.0,28.0,147.0,137.25,92.54323313997625,109.75,142.0,256.0,2025,9,37,3
288,2025-09-29,84,350.0,0.0,1800,27.0,169.0,87.0,45.0,253.0,121.0,111.75,102.4804859473256,108.625,142.0,256.0,2025,9,40,3
288,2025-10-06,83,350.0,0.3333333333333333,1800,27.0,169.0,87.0,84.0,45.0,28.0,102.5,103.03559255584128,112.25,142.0,256.0,2025,10,41,4
288,2025-10-27,55,350.0,0.0,1800,27.0,98.0,43.0,83.0,84.0,253.0,116.25,92.95653105977367,104.125,71.0,141.0,2025,10,44,4
288,2025-11-03,130,350.0,0.0,1800,27.0,189.0,46.0,55.0,83.0,45.0,66.75,19.771612647092443,102.0,162.0,235.0,2025,11,45,4
288,2025-11-10,126,350.0,0.2,1800,27.0,82.0,53.0,130.0,55.0,84.0,88.0,31.059083480789734,99.875,55.0,135.0,2025,11,46,4
288,2025-12-01,105,350.0,0.5,1800,27.0,82.0,53.0,126.0,130.0,83.0,98.5,35.967577992779354,100.5,55.0,135.0,2025,12,49,4
288,2025-12-08,77,350.0,0.3333333333333333,1800,27.0,136.0,12.0,105.0,126.0,55.0,104.0,34.457703541201525,110.125,109.0,148.0,2025,12,50,4
289,2024-12-30,78,0.0,0.0,1200,0.0,0.0,0.0,0.0,0.0,0.0,0.0,0.0,0.0,0.0,0.0,2024,12,1,4
289,2025-01-06,122,999.0,0.0,1200,80.0,215.0,7.0,78.0,0.0,0.0,78.0,0.0,78.0,135.0,222.0,2025,1,2,1
289,2025-02-03,159,999.0,0.6666666666666666,1200,80.0,215.0,7.0,122.0,78.0,0.0,100.0,31.11269837220809,100.0,135.0,222.0,2025,2,6,1
289,2025-02-10,127,999.0,0.25,1200,80.0,65.0,56.0,159.0,122.0,0.0,119.66666666666667,40.55038018728472,119.66666666666667,-15.0,121.0,2025,2,7,1
289,2025-03-03,95,999.0,0.6666666666666666,1200,80.0,65.0,56.0,127.0,159.0,78.0,121.5,33.31165962041919,121.5,-15.0,121.0,2025,3,10,1
289,2025-03-10,71,999.0,0.0,1200,80.0,150.0,33.0,95.0,127.0,122.0,125.75,26.247222075234298,116.2,70.0,183.0,2025,3,11,1
289,2025-03-31,50,999.0,0.0,1200,80.0,166.0,64.0,71.0,95.0,159.0,113.0,38.297084310253524,108.66666666666667,86.0,230.0,2025,3,14,1
289,2025-04-07,99,999.0,0.0,1200,80.0,175.0,43.0,50.0,71.0,127.0,85.75,33.079449814046185,100.28571428571429,95.0,218.0,2025,4,15,2
289,2025-04-28,75,999.0,0.6666666666666666,1200,80.0,15.0,93.0,99.0,50.0,95.0,78.75,22.80898945591409,100.125,-65.0,108.0,2025,4,18,2
289,2025-05-05,66,999.0,0.5,1200,80.0,14.0,33.0,75.0,99.0,71.0,73.75,20.089383597645135,99.75,-66.0,47.0,2025,5,19,2
289,2025-05-12,63,999.0,0.0,1200,80.0,53.0,34.0,66.0,75.0,50.0,72.5,20.46948949045872,92.75,-27.0,87.0,2025,5,20,2
289,2025-06-02,164,999.0,0.0,1200,80.0,53.0,34.0,63.0,66.0,99.0,75.75,16.31716887208072,80.75,-27.0,87.0,2025,6,23,2
289,2025-06-09,76,999.0,0.5,1200,80.0,161.0,71.0,164.0,63.0,75.0,92.0,48.27007354458868,85.375,81.0,232.0,2025,6,24,2
289,2025-06-30,154,999.0,0.0,1200,80.0,161.0,71.0,76.0,164.0,66.0,92.25,48.155131259987925,83.0,81.0,232.0,2025,6,27,2
289,2025-07-07,113,999.0,0.5,1200,80.0,23.0,50.0,154.0,76.0,63.0,114.25,52.10486221713542,93.375,-57.0,73.0,2025,7,28,3
289,2025-08-04,90,999.0,0.5,1200,80.0,129.0,31.0,113.0,154.0,164.0,126.75,40.392862405793096,101.25,49.0,160.0,2025,8,32,3
289,2025-08-11,44,999.0,0.0,1200,80.0,117.0,4.0,90.0,113.0,76.0,108.25,34.10156399150435,100.125,37.0,121.0,2025,8,33,3
289,2025-09-01,88,999.0,1.0,1200,80.0,128.0,98.0,44.0,90.0,154.0,100.25,45.901161931553176,96.25,48.0,226.0,2025,9,36,3
289,2025-09-08,212,999.0,0.0,1200,80.0,39.0,58.0,88.0,44.0,113.0,83.75,28.82562517390848,99.0,-41.0,97.0,2025,9,37,3
289,2025-09-29,109,999.0,0.6666666666666666,1200,80.0,133.0,29.0,212.0,88.0,90.0,108.5,72.19187396561102,117.625,53.0,162.0,2025,9,40,3
289,2025-10-06,88,999.0,0.6666666666666666,1200,80.0,133.0,29.0,109.0,212.0,44.0,113.25,71.1869604164508,110.75,53.0,162.0,2025,10,41,4
289,2025-11-03,166,999.0,0.5,1200,80.0,189.0,57.0,88.0,109.0,88.0,124.25,59.33169473392783,112.25,109.0,246.0,2025,11,45,4
289,2025-11-10,34,999.0,0.3333333333333333,1200,80.0,210.0,84.0,166.0,88.0,212.0,143.75,56.18051263561058,113.75,130.0,294.0,2025,11,46,4
289,2025-12-01,132,999.0,1.0,1200,80.0,210.0,84.0,34.0,166.0,109.0,99.25,54.57334514211127,103.875,130.0,294.0,2025,12,49,4
289,2025-12-08,98,999.0,0.25,1200,80.0,62.0,59.0,132.0,34.0,88.0,105.0,57.09640969448079,109.125,-18.0,121.0,2025,12,50,4
290,2024-12-30,54,0.0,0.0,700,0.0,0.0,0.0,0.0,0.0,0.0,0.0,0.0,0.0,0.0,0.0,2024,12,1,4
290,2025-01-06,258,999.0,0.0,700,41.0,119.0,97.0,54.0,0.0,0.0,54.0,0.0,54.0,78.0,216.0,2025,1,2,1
290,2025-01-27,48,999.0,0.3333333333333333,700,41.0,204.0,58.0,258.0,54.0,0.0,156.0,144.2497833620557,156.0,163.0,262.0,2025,1,5,1
290,2025-02-03,120,999.0,1.0,700,41.0,43.0,36.0,48.0,258.0,0.0,120.0,119.54915307102765,120.0,2.0,79.0,2025,2,6,1
290,2025-02-10,46,999.0,0.0,700,41.0,43.0,36.0,120.0,48.0,54.0,120.0,97.61147473529944,120.0,2.0,79.0,2025,2,7,1
290,2025-02-24,37,999.0,0.0,700,41.0,43.0,36.0,46.0,120.0,258.0,118.0,99.4786409235671,105.2,2.0,79.0,2025,2,9,1
290,2025-03-03,116,999.0,0.0,700,41.0,13.0,47.0,37.0,46.0,48.0,62.75,38.4653523750054,93.83333333333333,-28.0,60.0,2025,3,10,1
290,2025-03-10,88,999.0,0.0,700,41.0,200.0,80.0,116.0,37.0,120.0,79.75,44.34993423520115,97.0,159.0,280.0,2025,3,11,1
290,2025-03-31,152,999.0,1.0,700,41.0,111.0,27.0,88.0,116.0,46.0,71.75,36.93575503492517,95.875,70.0,138.0,2025,3,14,1
290,2025-04-07,100,999.0,0.25,700,41.0,66.0,84.0,152.0,88.0,37.0,98.25,48.513743757138904,108.125,25.0,150.0,2025,4,15,2
290,2025-04-28,110,999.0,0.0,700,41.0,192.0,33.0,100.0,152.0,116.0,114.0,27.808871486152288,88.375,151.0,225.0,2025,4,18,2
290,2025-05-05,270,999.0,0.0,700,41.0,133.0,84.0,110.0,100.0,88.0,112.5,27.826845551253808,96.125,92.0,217.0,2025,5,19,2
290,2025-05-26,61,999.0,0.8,700,41.0,133.0,84.0,270.0,110.0,152.0,158.0,77.99145252312375,114.875,92.0,217.0,2025,5,22,2
290,2025-06-02,172,999.0,0.0,700,41.0,133.0,84.0,61.0,270.0,100.0,135.25,92.28714247752319,116.75,92.0,217.0,2025,6,23,2
290,2025-06-09,56,999.0,0.4,700,41.0,171.0,87.0,172.0,61.0,110.0,153.25,90.11612878207023,133.625,130.0,258.0,2025,6,24,2
290,2025-06-30,89,999.0,0.5,700,41.0,171.0,87.0,56.0,172.0,270.0,139.75,102.01429638372588,126.125,130.0,258.0,2025,6,27,2
290,2025-07-07,213,999.0,0.5,700,41.0,221.0,47.0,89.0,56.0,61.0,94.5,53.66873702010635,126.25,180.0,268.0,2025,7,28,3
290,2025-07-28,43,999.0,0.5,700,41.0,221.0,47.0,213.0,89.0,172.0,132.5,72.53734670269286,133.875,180.0,268.0,2025,7,31,3
290,2025-08-04,162,999.0,0.0,700,41.0,221.0,47.0,43.0,213.0,56.0,100.25,77.6203366822553,126.75,180.0,268.0,2025,8,32,3
290,2025-09-01,115,999.0,0.25,700,41.0,94.0,87.0,162.0,43.0,89.0,126.75,75.54413720909562,133.25,53.0,181.0,2025,9,36,3
290,2025-09-08,45,999.0,0.3333333333333333,700,41.0,94.0,87.0,115.0,162.0,213.0,133.25,72.26052403168228,113.875,53.0,181.0,2025,9,37,3
290,2025-09-29,47,999.0,0.0,700,41.0,143.0,16.0,45.0,115.0,43.0,91.25,57.84101774116128,111.875,102.0,159.0,2025,9,40,3
290,2025-10-06,211,999.0,0.0,700,41.0,72.0,64.0,47.0,45.0,162.0,92.25,56.753120325376536,96.25,31.0,136.0,2025,10,41,4
290,2025-10-27,24,999.0,0.5,700,41.0,25.0,86.0,211.0,47.0,115.0,104.5,78.10036278191457,115.625,-16.0,111.0,2025,10,44,4
290,2025-11-03,189,999.0,0.0,700,41.0,146.0,81.0,24.0,211.0,45.0,81.75,86.79237677737986,107.5,105.0,227.0,2025,11,45,4
290,2025-11-10,53,999.0,0.2,700,41.0,102.0,35.0,189.0,24.0,47.0,117.75,95.8588371860762,104.5,61.0,137.0,2025,11,46,4
290,2025-12-01,12,999.0,0.0,700,41.0,102.0,35.0,53.0,189.0,211.0,119.25,94.41883639754657,105.75,61.0,137.0,2025,12,49,4
290,2025-12-08,160,999.0,0.0,700,41.0,99.0,41.0,12.0,53.0,24.0,69.5,81.50460109711598,87.0,58.0,140.0,2025,12,50,4
291,2024-12-30,44,0.0,0.0,250,0.0,0.0,0.0,0.0,0.0,0.0,0.0,0.0,0.0,0.0,0.0,2024,12,1,4
291,2025-01-06,159,650.0,0.0,250,95.0,0.0,0.0,44.0,0.0,0.0,44.0,0.0,44.0,0.0,0.0,2025,1,2,1
291,2025-02-03,140,650.0,0.6666666666666666,250,95.0,224.0,32.0,159.0,44.0,0.0,101.5,81.31727983645297,101.5,129.0,256.0,2025,2,6,1
291,2025-02-10,22,650.0,0.4,250,95.0,48.0,90.0,140.0,159.0,0.0,114.33333333333333,61.64684366075309,114.33333333333333,-47.0,138.0,2025,2,7,1
291,2025-02-24,72,650.0,0.0,250,95.0,48.0,90.0,22.0,140.0,44.0,91.25,68.30019521690012,91.25,-47.0,138.0,2025,2,9,1
291,2025-03-03,170,650.0,0.0,250,95.0,48.0,90.0,72.0,22.0,159.0,98.25,63.07865460412632,87.4,-47.0,138.0,2025,3,10,1
291,2025-03-31,54,650.0,0.4,250,95.0,140.0,67.0,170.0,72.0,140.0,101.0,66.74328930062308,101.16666666666667,45.0,207.0,2025,3,14,1
291,2025-04-07,109,650.0,0.0,250,95.0,89.0,36.0,54.0,170.0,22.0,79.5,63.778261709352556,94.42857142857143,-6.0,125.0,2025,4,15,2
291,2025-04-28,101,650.0,0.0,250,95.0,26.0,27.0,109.0,54.0,72.0,101.25,51.23394057328273,96.25,-69.0,53.0,2025,4,18,2
291,2025-05-05,105,650.0,0.3333333333333333,250,95.0,128.0,86.0,101.0,109.0,170.0,108.5,47.64101874085677,103.375,33.0,214.0,2025,5,19,2
291,2025-05-12,64,650.0,0.0,250,95.0,128.0,86.0,105.0,101.0,54.0,92.25,25.708299567779008,96.625,33.0,214.0,2025,5,20,2
291,2025-05-26,17,650.0,1.0,250,95.0,179.0,100.0,64.0,105.0,109.0,94.75,20.758532382292017,87.125,84.0,279.0,2025,5,22,2
291,2025-06-02,84,650.0,0.0,250,95.0,179.0,100.0,17.0,64.0,101.0,71.75,40.90130397269342,86.5,84.0,279.0,2025,6,23,2
291,2025-06-09,40,650.0,0.0,250,95.0,217.0,62.0,84.0,17.0,105.0,67.5,37.598758844763296,88.0,122.0,279.0,2025,6,24,2
291,2025-06-30,43,650.0,1.0,250,95.0,217.0,62.0,40.0,84.0,64.0,51.25,29.0674502952472,71.75,122.0,279.0,2025,6,27,2
291,2025-07-07,56,650.0,0.0,250,95.0,29.0,45.0,43.0,40.0,17.0,46.0,27.868739954771304,70.375,-66.0,74.0,2025,7,28,3
291,2025-08-04,164,650.0,0.0,250,95.0,128.0,40.0,56.0,43.0,84.0,55.75,20.072784228070265,63.75,33.0,168.0,2025,8,32,3
291,2025-08-11,132,650.0,0.5,250,95.0,18.0,64.0,164.0,56.0,40.0,75.75,59.24173641389432,71.625,-77.0,82.0,2025,8,33,3
291,2025-09-01,93,650.0,0.5,250,95.0,18.0,64.0,132.0,164.0,43.0,98.75,58.59109716216847,75.0,-77.0,82.0,2025,9,36,3
291,2025-09-08,44,650.0,0.0,250,95.0,45.0,3.0,93.0,132.0,56.0,111.25,46.899715706316734,78.625,-50.0,48.0,2025,9,37,3
291,2025-09-29,107,650.0,0.0,250,95.0,107.0,29.0,44.0,93.0,164.0,108.25,51.745370163265164,82.0,12.0,136.0,2025,9,40,3
291,2025-10-06,211,650.0,0.0,250,95.0,70.0,5.0,107.0,44.0,132.0,94.0,37.031518107327614,84.875,-25.0,75.0,2025,10,41,4
291,2025-10-27,35,650.0,0.6,250,95.0,33.0,23.0,211.0,107.0,93.0,113.75,70.23472550431636,106.25,-62.0,56.0,2025,10,44,4
291,2025-11-03,121,650.0,0.0,250,95.0,32.0,52.0,35.0,211.0,44.0,99.25,81.09408116502708,105.25,-63.0,84.0,2025,11,45,4
291,2025-11-10,55,650.0,0.0,250,95.0,32.0,52.0,121.0,35.0,107.0,118.5,72.26571340084683,113.375,-63.0,84.0,2025,11,46,4
291,2025-12-01,31,650.0,0.5,250,95.0,118.0,96.0,55.0,121.0,211.0,105.5,79.3536388579629,99.75,23.0,214.0,2025,12,49,4
291,2025-12-08,44,650.0,0.0,250,95.0,55.0,4.0,31.0,55.0,35.0,60.5,41.67733196834942,87.125,-40.0,59.0,2025,12,50,4
292,2024-12-30,40,0.0,0.0,2200,0.0,0.0,0.0,0.0,0.0,0.0,0.0,0.0,0.0,0.0,0.0,2024,12,1,4
292,2025-01-06,79,999.0,0.0,2200,39.0,200.0,68.0,40.0,0.0,0.0,40.0,0.0,40.0,161.0,268.0,2025,1,2,1
292,2025-01-27,75,999.0,0.0,2200,39.0,200.0,68.0,79.0,40.0,0.0,59.5,27.577164466275352,59.5,161.0,268.0,2025,1,5,1
292,2025-02-03,61,999.0,1.0,2200,39.0,200.0,68.0,75.0,79.0,0.0,64.66666666666667,21.455380055672126,64.66666666666667,161.0,268.0,2025,2,6,1
292,2025-02-10,66,999.0,0.5,2200,39.0,190.0,79.0,61.0,75.0,40.0,63.75,17.613914953808536,63.75,151.0,269.0,2025,2,7,1
292,2025-02-24,28,999.0,0.5,2200,39.0,190.0,79.0,66.0,61.0,79.0,70.25,8.220908303425679,64.2,151.0,269.0,2025,2,9,1
292,2025-03-03,144,999.0,0.0,2200,39.0,190.0,79.0,28.0,66.0,75.0,57.5,20.502032419575706,58.166666666666664,151.0,269.0,2025,3,10,1
292,2025-03-10,85,999.0,0.5,2200,39.0,121.0,74.0,144.0,28.0,61.0,74.75,49.14858424546259,70.42857142857143,82.0,195.0,2025,3,11,1
292,2025-03-31,161,999.0,0.0,2200,39.0,121.0,74.0,85.0,144.0,66.0,80.75,48.36923953643817,72.25,82.0,195.0,2025,3,14,1
292,2025-04-28,118,999.0,0.3333333333333333,2200,39.0,121.0,74.0,161.0,85.0,28.0,104.5,60.511706856332076,87.375,82.0,195.0,2025,4,18,2
292,2025-05-05,120,999.0,0.3333333333333333,2200,39.0,180.0,29.0,118.0,161.0,144.0,127.0,33.115957885386116,92.25,141.0,209.0,2025,5,19,2
292,2025-05-12,23,999.0,0.3333333333333333,2200,39.0,146.0,81.0,120.0,118.0,85.0,121.0,31.123410267299864,97.875,107.0,227.0,2025,5,20,2
292,2025-06-02,120,999.0,0.0,2200,39.0,146.0,81.0,23.0,120.0,161.0,105.5,58.46081308591822,93.125,107.0,227.0,2025,6,23,2
292,2025-06-09,63,999.0,0.0,2200,39.0,162.0,34.0,120.0,23.0,118.0,95.25,48.17589300331304,99.875,123.0,196.0,2025,6,24,2
292,2025-06-30,104,999.0,0.0,2200,39.0,232.0,96.0,63.0,120.0,120.0,81.5,47.36032094485847,104.25,193.0,328.0,2025,6,27,2
292,2025-07-07,115,999.0,0.3333333333333333,2200,39.0,232.0,96.0,104.0,63.0,23.0,77.5,43.54690957270485,99.25,193.0,328.0,2025,7,28,3
292,2025-07-28,97,999.0,0.25,2200,39.0,232.0,96.0,115.0,104.0,120.0,100.5,25.877918514955304,103.0,193.0,328.0,2025,7,31,3
292,2025-08-04,151,999.0,0.5,2200,39.0,98.0,20.0,97.0,115.0,63.0,94.75,22.425803590209796,95.0,59.0,118.0,2025,8,32,3
292,2025-08-11,29,999.0,0.3333333333333333,2200,39.0,16.0,41.0,151.0,97.0,104.0,116.75,24.005207768315607,99.125,-23.0,57.0,2025,8,33,3
292,2025-09-01,178,999.0,0.0,2200,39.0,185.0,59.0,29.0,151.0,115.0,98.0,51.18593556827891,87.75,146.0,244.0,2025,9,36,3
292,2025-09-08,81,999.0,0.25,2200,39.0,77.0,43.0,178.0,29.0,97.0,113.75,65.77423507727019,107.125,38.0,120.0,2025,9,37,3
292,2025-10-06,140,999.0,0.0,2200,39.0,77.0,43.0,81.0,178.0,151.0,109.75,67.59376203960441,102.25,38.0,120.0,2025,10,41,4
292,2025-10-27,141,999.0,0.5,2200,39.0,215.0,9.0,140.0,81.0,29.0,107.0,65.54896388705673,111.875,176.0,224.0,2025,10,44,4
292,2025-11-03,167,999.0,0.5,2200,39.0,215.0,9.0,141.0,140.0,178.0,135.0,40.10818702792071,116.5,176.0,224.0,2025,11,45,4
292,2025-11-10,25,999.0,0.16666666666666666,2200,39.0,215.0,9.0,167.0,141.0,81.0,132.25,36.38108482897855,123.0,176.0,224.0,2025,11,46,4
292,2025-12-01,53,999.0,0.0,2200,39.0,48.0,34.0,25.0,167.0,140.0,118.25,63.41069836129126,114.0,9.0,82.0,2025,12,49,4
292,2025-12-08,128,999.0,0.5,2200,39.0,120.0,32.0,53.0,25.0,141.0,96.5,68.20312798300871,101.75,81.0,152.0,2025,12,50,4
293,2024-12-30,182,0.0,0.0,250,0.0,0.0,0.0,0.0,0.0,0.0,0.0,0.0,0.0,0.0,0.0,2024,12,1,4
293,2025-01-06,69,999.0,0.6666666666666666,250,29.0,0.0,0.0,182.0,0.0,0.0,182.0,0.0,182.0,0.0,0.0,2025,1,2,1
293,2025-01-27,23,999.0,0.3333333333333333,250,29.0,86.0,42.0,69.0,182.0,0.0,125.5,79.90306627407988,125.5,57.0,128.0,2025,1,5,1
293,2025-02-03,40,999.0,0.0,250,29.0,86.0,42.0,23.0,69.0,0.0,91.33333333333333,81.8189057207033,91.33333333333333,57.0,128.0,2025,2,6,1
293,2025-02-10,58,999.0,1.0,250,29.0,59.0,74.0,40.0,23.0,182.0,78.5,71.56582051976116,78.5,30.0,133.0,2025,2,7,1
293,2025-02-24,29,999.0,0.5,250,29.0,159.0,59.0,58.0,40.0,69.0,47.5,20.240223977680365,74.4,130.0,218.0,2025,2,9,1
293,2025-03-03,180,999.0,0.0,250,29.0,159.0,59.0,29.0,58.0,23.0,37.5,15.373136743466961,66.83333333333333,130.0,218.0,2025,3,10,1
293,2025-03-10,48,999.0,0.4,250,29.0,149.0,29.0,180.0,29.0,40.0,76.75,69.8635575007934,83.0,120.0,178.0,2025,3,11,1
293,2025-03-31,165,999.0,1.0,250,29.0,171.0,76.0,48.0,180.0,58.0,78.75,68.56323115684286,78.625,142.0,247.0,2025,3,14,1
293,2025-04-07,125,999.0,0.75,250,29.0,175.0,48.0,165.0,48.0,29.0,105.5,77.99358948016176,76.5,146.0,223.0,2025,4,15,2
293,2025-04-28,47,999.0,0.5,250,29.0,175.0,48.0,125.0,165.0,180.0,129.5,59.08468498688979,83.5,146.0,223.0,2025,4,18,2
293,2025-05-05,17,999.0,0.0,250,29.0,198.0,38.0,47.0,125.0,48.0,96.25,58.61384933045546,86.5,169.0,236.0,2025,5,19,2
293,2025-05-12,21,999.0,0.0,250,29.0,233.0,87.0,17.0,47.0,165.0,88.5,68.3593446428504,83.625,204.0,320.0,2025,5,20,2
293,2025-05-26,27,999.0,0.0,250,29.0,233.0,87.0,21.0,17.0,125.0,52.5,50.12983143797713,79.0,204.0,320.0,2025,5,22,2
293,2025-06-02,144,999.0,0.0,250,29.0,233.0,87.0,27.0,21.0,47.0,28.0,13.316656236958778,78.75,204.0,320.0,2025,6,23,2
293,2025-06-09,119,999.0,0.0,250,29.0,53.0,13.0,144.0,27.0,17.0,52.25,61.30456752967106,74.25,24.0,66.0,2025,6,24,2
293,2025-06-30,47,999.0,0.6666666666666666,250,29.0,130.0,17.0,119.0,144.0,21.0,77.75,62.94640577507186,83.125,101.0,147.0,2025,6,27,2
293,2025-07-07,126,999.0,0.5,250,29.0,109.0,44.0,47.0,119.0,27.0,84.25,56.103327292891755,68.375,80.0,153.0,2025,7,28,3
293,2025-07-28,23,999.0,0.6666666666666666,250,29.0,191.0,98.0,126.0,47.0,144.0,109.0,42.65364384590527,68.5,162.0,289.0,2025,7,31,3
293,2025-08-04,126,999.0,0.0,250,29.0,191.0,98.0,23.0,126.0,119.0,78.75,51.53882032022075,65.5,162.0,289.0,2025,8,32,3
293,2025-08-11,40,999.0,0.6666666666666666,250,29.0,146.0,52.0,126.0,23.0,47.0,80.5,53.44467544417622,79.125,117.0,198.0,2025,8,33,3
293,2025-09-01,253,999.0,1.0,250,29.0,146.0,52.0,40.0,126.0,126.0,78.75,54.99924241902488,81.5,117.0,198.0,2025,9,36,3
293,2025-09-08,113,999.0,0.3333333333333333,250,29.0,114.0,30.0,253.0,40.0,23.0,110.5,105.15544049960832,109.75,85.0,144.0,2025,9,37,3
293,2025-09-29,85,999.0,0.6666666666666666,250,29.0,45.0,43.0,113.0,253.0,126.0,133.0,88.50235401765688,105.875,16.0,88.0,2025,9,40,3
293,2025-10-06,280,999.0,0.5,250,29.0,133.0,75.0,85.0,113.0,40.0,122.75,91.89260035497962,101.625,104.0,208.0,2025,10,41,4
293,2025-10-27,26,999.0,0.3333333333333333,250,29.0,205.0,22.0,280.0,85.0,253.0,182.75,98.00127550190355,130.75,176.0,227.0,2025,10,44,4
293,2025-11-03,168,999.0,0.0,250,29.0,29.0,68.0,26.0,280.0,113.0,126.0,108.88219934100033,118.25,0.0,97.0,2025,11,45,4
293,2025-11-10,143,999.0,0.0,250,29.0,155.0,93.0,168.0,26.0,85.0,139.75,110.15859778821927,136.375,126.0,248.0,2025,11,46,4
293,2025-12-01,59,999.0,0.6666666666666666,250,29.0,155.0,93.0,143.0,168.0,280.0,154.25,104.20612585959938,138.5,126.0,248.0,2025,12,49,4
293,2025-12-08,140,999.0,0.0,250,29.0,165.0,7.0,59.0,143.0,26.0,99.0,67.394361781977,140.875,136.0,172.0,2025,12,50,4
294,2024-12-30,168,0.0,0.0,250,0.0,0.0,0.0,0.0,0.0,0.0,0.0,0.0,0.0,0.0,0.0,2024,12,1,4
294,2025-01-06,232,850.0,0.25,250,87.0,186.0,10.0,168.0,0.0,0.0,168.0,0.0,168.0,99.0,196.0,2025,1,2,1
294,2025-01-27,47,850.0,0.5,250,87.0,153.0,17.0,232.0,168.0,0.0,200.0,45.254833995939045,200.0,66.0,170.0,2025,1,5,1
294,2025-02-03,93,850.0,0.0,250,87.0,153.0,17.0,47.0,232.0,0.0,149.0,93.95211546314431,149.0,66.0,170.0,2025,2,6,1
294,2025-02-10,53,850.0,0.0,250,87.0,153.0,17.0,93.0,47.0,168.0,135.0,81.66190462306562,135.0,66.0,170.0,2025,2,7,1
294,2025-02-24,26,850.0,0.5,250,87.0,141.0,44.0,53.0,93.0,232.0,106.25,86.28393052397803,118.6,54.0,185.0,2025,2,9,1
294,2025-03-03,96,850.0,0.0,250,87.0,141.0,44.0,26.0,53.0,47.0,54.75,28.004463929880902,103.16666666666667,54.0,185.0,2025,3,10,1
294,2025-03-31,167,850.0,0.0,250,87.0,141.0,44.0,96.0,26.0,93.0,67.0,33.635298918447766,102.14285714285714,54.0,185.0,2025,3,14,1
294,2025-04-07,85,850.0,0.4,250,87.0,226.0,94.0,167.0,96.0,53.0,85.5,61.506097258727124,110.25,139.0,320.0,2025,4,15,2
294,2025-04-28,70,850.0,0.0,250,87.0,226.0,94.0,85.0,167.0,26.0,93.5,57.84173810205453,99.875,139.0,320.0,2025,4,18,2
294,2025-05-05,92,850.0,0.0,250,87.0,158.0,74.0,70.0,85.0,96.0,104.5,43.00775123935994,79.625,71.0,232.0,2025,5,19,2
294,2025-05-12,18,850.0,0.6666666666666666,250,87.0,23.0,2.0,92.0,70.0,167.0,103.5,43.31666346030513,85.25,-64.0,25.0,2025,5,20,2
294,2025-05-26,28,850.0,0.0,250,87.0,23.0,2.0,18.0,92.0,85.0,66.25,33.450211758173765,75.875,-64.0,25.0,2025,5,22,2
294,2025-06-02,209,850.0,0.0,250,87.0,23.0,2.0,28.0,18.0,70.0,52.0,34.90940656422945,72.75,-64.0,25.0,2025,6,23,2
294,2025-06-09,160,850.0,0.16666666666666666,250,87.0,88.0,6.0,209.0,28.0,92.0,86.75,87.84598264386749,95.625,1.0,94.0,2025,6,24,2
294,2025-06-30,110,850.0,0.3333333333333333,250,87.0,88.0,6.0,160.0,209.0,18.0,103.75,95.45112187222665,103.625,1.0,94.0,2025,6,27,2
294,2025-07-07,157,850.0,0.5,250,87.0,212.0,0.0,110.0,160.0,28.0,126.75,77.25013484346375,96.5,125.0,212.0,2025,7,28,3
294,2025-08-04,158,850.0,0.25,250,87.0,122.0,33.0,157.0,110.0,209.0,159.0,40.43925485630679,105.5,35.0,155.0,2025,8,32,3
294,2025-08-11,21,850.0,0.25,250,87.0,21.0,46.0,158.0,157.0,160.0,146.25,24.198829172778844,116.5,-66.0,67.0,2025,8,33,3
294,2025-09-01,47,850.0,0.0,250,87.0,21.0,46.0,21.0,158.0,110.0,111.5,64.35578192102606,107.625,-66.0,67.0,2025,9,36,3
294,2025-09-29,101,850.0,0.0,250,87.0,158.0,80.0,47.0,21.0,157.0,95.75,72.08964326910396,111.25,71.0,238.0,2025,9,40,3
294,2025-10-06,150,850.0,0.6666666666666666,250,87.0,120.0,65.0,101.0,47.0,158.0,81.75,60.78034221687139,120.375,33.0,185.0,2025,10,41,4
294,2025-11-03,163,850.0,0.0,250,87.0,120.0,65.0,150.0,101.0,21.0,79.75,57.47680691664536,113.0,33.0,185.0,2025,11,45,4
294,2025-11-10,119,850.0,0.6,250,87.0,88.0,40.0,163.0,150.0,47.0,115.25,52.75335692320125,113.375,1.0,128.0,2025,11,46,4
294,2025-12-01,172,850.0,0.0,250,87.0,162.0,75.0,119.0,163.0,101.0,133.25,28.335784207723375,114.5,75.0,237.0,2025,12,49,4
294,2025-12-08,118,850.0,0.0,250,87.0,12.0,13.0,172.0,119.0,150.0,151.0,23.16606713852538,116.375,-75.0,25.0,2025,12,50,4
295,2024-12-30,109,0.0,0.0,1800,0.0,0.0,0.0,0.0,0.0,0.0,0.0,0.0,0.0,0.0,0.0,2024,12,1,4
295,2025-01-06,137,450.0,0.6666666666666666,1800,32.0,106.0,62.0,109.0,0.0,0.0,109.0,0.0,109.0,74.0,168.0,2025,1,2,1
295,2025-02-03,91,450.0,0.6666666666666666,1800,32.0,58.0,84.0,137.0,109.0,0.0,123.0,19.79898987322333,123.0,26.0,142.0,2025,2,6,1
295,2025-02-10,21,450.0,0.0,1800,32.0,151.0,11.0,91.0,137.0,0.0,112.33333333333333,23.180451534284945,112.33333333333333,119.0,162.0,2025,2,7,1
295,2025-02-24,57,450.0,0.0,1800,32.0,151.0,11.0,21.0,91.0,109.0,89.5,49.43345695646489,89.5,119.0,162.0,2025,2,9,1
295,2025-03-03,73,450.0,0.5,1800,32.0,151.0,11.0,57.0,21.0,137.0,76.5,49.43345695646489,83.0,119.0,162.0,2025,3,10,1
295,2025-03-31,113,450.0,0.3333333333333333,1800,32.0,129.0,44.0,73.0,57.0,91.0,60.5,29.7713508819021,81.33333333333333,97.0,173.0,2025,3,14,1
295,2025-04-07,56,450.0,0.25,1800,32.0,148.0,23.0,113.0,73.0,21.0,66.0,38.14009264103414,85.85714285714286,116.0,171.0,2025,4,15,2
295,2025-04-28,73,450.0,0.0,1800,32.0,148.0,23.0,56.0,113.0,57.0,74.75,26.66302058407236,82.125,116.0,171.0,2025,4,18,2
295,2025-05-05,273,450.0,1.0,1800,32.0,107.0,76.0,73.0,56.0,73.0,78.75,24.198829172778854,77.625,75.0,183.0,2025,5,19,2
295,2025-06-02,28,450.0,0.8,1800,32.0,134.0,1.0,273.0,73.0,113.0,128.75,99.0904468991167,94.625,102.0,135.0,2025,6,23,2
295,2025-06-09,51,450.0,0.0,1800,32.0,245.0,82.0,28.0,273.0,56.0,107.5,111.88237871383798,86.75,213.0,327.0,2025,6,24,2
295,2025-06-30,93,450.0,1.0,1800,32.0,248.0,75.0,51.0,28.0,73.0,106.25,112.67467920226503,90.5,216.0,323.0,2025,6,27,2
295,2025-07-07,64,450.0,0.5,1800,32.0,248.0,75.0,93.0,51.0,273.0,111.25,111.14067662201809,95.0,216.0,323.0,2025,7,28,3
295,2025-07-28,17,450.0,0.0,1800,32.0,61.0,31.0,64.0,93.0,28.0,59.0,27.11703031921702,93.875,29.0,92.0,2025,7,31,3
295,2025-08-04,138,450.0,0.0,1800,32.0,157.0,91.0,17.0,64.0,51.0,56.25,31.510580233735276,81.875,125.0,248.0,2025,8,32,3
295,2025-08-11,33,450.0,0.6666666666666666,1800,32.0,204.0,50.0,138.0,17.0,93.0,78.0,50.80026246651358,92.125,172.0,254.0,2025,8,33,3
295,2025-09-01,153,450.0,0.0,1800,32.0,204.0,50.0,33.0,138.0,64.0,63.0,53.67184240052383,87.125,172.0,254.0,2025,9,36,3
295,2025-09-08,41,450.0,0.2,1800,32.0,198.0,21.0,153.0,33.0,17.0,85.25,70.14449372545218,72.125,166.0,219.0,2025,9,37,3
295,2025-09-29,74,450.0,0.0,1800,32.0,31.0,61.0,41.0,153.0,138.0,91.25,63.0257883726971,73.75,-1.0,92.0,2025,9,40,3
295,2025-10-27,40,450.0,0.5,1800,32.0,42.0,56.0,74.0,41.0,33.0,75.25,54.786707633634414,76.625,10.0,98.0,2025,10,44,4
295,2025-11-03,65,450.0,1.0,1800,32.0,202.0,14.0,40.0,74.0,153.0,77.0,53.07227776030221,70.0,170.0,216.0,2025,11,45,4
295,2025-11-10,35,450.0,1.0,1800,32.0,202.0,14.0,65.0,40.0,41.0,55.0,17.1464281994823,70.125,170.0,216.0,2025,11,46,4
295,2025-12-01,129,450.0,1.0,1800,32.0,161.0,86.0,35.0,65.0,74.0,53.5,18.947295321496465,72.375,129.0,247.0,2025,12,49,4
295,2025-12-08,83,450.0,0.5,1800,32.0,239.0,84.0,129.0,35.0,40.0,67.25,43.20783108033391,71.25,207.0,323.0,2025,12,50,4
296,2024-12-30,98,0.0,0.0,1200,0.0,0.0,0.0,0.0,0.0,0.0,0.0,0.0,0.0,0.0,0.0,2024,12,1,4
296,2025-01-06,215,650.0,0.25,1200,34.0,38.0,98.0,98.0,0.0,0.0,98.0,0.0,98.0,4.0,136.0,2025,1,2,1
296,2025-02-03,25,650.0,0.6666666666666666,1200,34.0,20.0,57.0,215.0,98.0,0.0,156.5,82.73149339882606,156.5,-14.0,77.0,2025,2,6,1
296,2025-02-10,25,650.0,0.0,1200,34.0,50.0,35.0,25.0,215.0,0.0,112.66666666666667,95.8453615639971,112.66666666666667,16.0,85.0,2025,2,7,1
296,2025-02-24,28,650.0,0.0,1200,34.0,93.0,66.0,25.0,25.0,98.0,90.75,89.6971757266266,90.75,59.0,159.0,2025,2,9,1
296,2025-03-03,122,650.0,0.0,1200,34.0,219.0,2.0,28.0,25.0,215.0,73.25,94.51058141816713,78.2,185.0,221.0,2025,3,10,1
296,2025-03-10,24,650.0,0.3333333333333333,1200,34.0,219.0,2.0,122.0,28.0,25.0,50.0,48.020828814171864,85.5,185.0,221.0,2025,3,11,1
296,2025-03-31,110,650.0,0.0,1200,34.0,183.0,19.0,24.0,122.0,25.0,49.75,48.19664580307084,76.71428571428571,149.0,202.0,2025,3,14,1
296,2025-04-07,229,650.0,0.3333333333333333,1200,34.0,230.0,84.0,110.0,24.0,28.0,71.0,52.21749387577563,80.875,196.0,314.0,2025,4,15,2
296,2025-04-28,125,650.0,0.6,1200,34.0,205.0,56.0,229.0,110.0,122.0,121.25,84.05305863956806,97.25,171.0,261.0,2025,4,18,2
296,2025-05-12,14,650.0,0.3333333333333333,1200,34.0,205.0,56.0,125.0,229.0,24.0,122.0,84.07536301834602,86.0,171.0,261.0,2025,5,20,2
296,2025-06-02,93,650.0,0.0,1200,34.0,246.0,8.0,14.0,125.0,110.0,119.5,88.01704380402695,84.625,212.0,254.0,2025,6,23,2
296,2025-06-09,117,650.0,1.0,1200,34.0,147.0,39.0,93.0,14.0,229.0,115.25,89.03323349551373,93.125,113.0,186.0,2025,6,24,2
296,2025-06-30,29,650.0,0.3333333333333333,1200,34.0,87.0,92.0,117.0,93.0,125.0,87.25,50.69105772553314,104.25,53.0,179.0,2025,6,27,2
296,2025-07-07,72,650.0,0.0,1200,34.0,70.0,37.0,29.0,117.0,14.0,63.25,49.574018732934434,92.625,36.0,107.0,2025,7,28,3
296,2025-07-28,28,650.0,0.0,1200,34.0,103.0,54.0,72.0,29.0,93.0,77.75,37.339657202497186,98.625,69.0,157.0,2025,7,31,3
296,2025-08-04,77,650.0,0.0,1200,34.0,195.0,4.0,28.0,72.0,117.0,61.5,42.30445209037303,88.375,161.0,199.0,2025,8,32,3
296,2025-08-11,22,650.0,0.5,1200,34.0,136.0,70.0,77.0,28.0,29.0,51.5,26.63956956609223,69.375,102.0,206.0,2025,8,33,3
296,2025-09-01,236,650.0,0.0,1200,34.0,155.0,84.0,22.0,77.0,72.0,49.75,28.75615876063191,56.5,121.0,239.0,2025,9,36,3
296,2025-09-08,109,650.0,0.4,1200,34.0,26.0,8.0,236.0,22.0,28.0,90.75,99.91788295061767,84.25,-8.0,34.0,2025,9,37,3
296,2025-09-29,94,650.0,0.5,1200,34.0,177.0,22.0,109.0,236.0,77.0,111.0,90.74873736495364,86.25,143.0,199.0,2025,9,40,3
296,2025-10-06,124,650.0,0.3333333333333333,1200,34.0,177.0,22.0,94.0,109.0,22.0,115.25,89.00702219488078,83.375,143.0,199.0,2025,10,41,4
296,2025-10-27,55,650.0,0.0,1200,34.0,249.0,39.0,124.0,94.0,236.0,140.75,64.6703177663447,95.25,215.0,288.0,2025,10,44,4
296,2025-11-03,299,650.0,0.5,1200,34.0,249.0,39.0,55.0,124.0,109.0,95.5,29.647934160747166,93.125,215.0,288.0,2025,11,45,4
296,2025-11-10,115,650.0,0.75,1200,34.0,106.0,68.0,299.0,55.0,94.0,143.0,107.76826991280875,127.0,72.0,174.0,2025,11,46,4
296,2025-12-01,114,650.0,1.0,1200,34.0,106.0,68.0,115.0,299.0,124.0,148.25,105.06307629229215,131.75,72.0,174.0,2025,12,49,4
296,2025-12-08,204,650.0,0.3333333333333333,1200,34.0,48.0,40.0,114.0,115.0,55.0,145.75,105.94770722704038,143.25,14.0,88.0,2025,12,50,4
297,2024-12-30,26,0.0,0.0,700,0.0,0.0,0.0,0.0,0.0,0.0,0.0,0.0,0.0,0.0,0.0,2024,12,1,4
297,2025-01-06,187,1200.0,0.0,700,68.0,129.0,50.0,26.0,0.0,0.0,26.0,0.0,26.0,61.0,179.0,2025,1,2,1
297,2025-01-27,53,1200.0,0.3333333333333333,700,68.0,245.0,60.0,187.0,26.0,0.0,106.5,113.84419177103415,106.5,177.0,305.0,2025,1,5,1
297,2025-02-03,95,1200.0,1.0,700,68.0,80.0,75.0,53.0,187.0,0.0,88.66666666666667,86.22258018253301,88.66666666666667,12.0,155.0,2025,2,6,1
297,2025-02-10,87,1200.0,0.3333333333333333,700,68.0,153.0,9.0,95.0,53.0,26.0,90.25,70.47162549565606,90.25,85.0,162.0,2025,2,7,1
297,2025-03-03,106,1200.0,1.0,700,68.0,153.0,9.0,87.0,95.0,187.0,105.5,57.30328670038628,89.6,85.0,162.0,2025,3,10,1
297,2025-03-10,32,1200.0,0.25,700,68.0,70.0,73.0,106.0,87.0,53.0,85.25,22.867371223353747,92.33333333333333,2.0,143.0,2025,3,11,1
297,2025-04-07,111,1200.0,1.0,700,68.0,241.0,24.0,32.0,106.0,95.0,80.0,32.934277989150864,83.71428571428571,173.0,265.0,2025,4,15,2
297,2025-04-28,26,1200.0,0.6666666666666666,700,68.0,156.0,33.0,111.0,32.0,87.0,84.0,36.17549815367671,87.125,88.0,189.0,2025,4,18,2
297,2025-05-05,123,1200.0,0.0,700,68.0,188.0,13.0,26.0,111.0,106.0,68.75,46.00996268925533,87.125,120.0,201.0,2025,5,19,2
297,2025-06-02,63,1200.0,0.5,700,68.0,125.0,85.0,123.0,26.0,32.0,73.0,51.10120676983406,79.125,57.0,210.0,2025,6,23,2
297,2025-06-09,100,1200.0,1.0,700,68.0,99.0,82.0,63.0,123.0,111.0,80.75,44.768850778191755,80.375,31.0,181.0,2025,6,24,2
297,2025-06-30,100,1200.0,0.5,700,68.0,99.0,82.0,100.0,63.0,26.0,78.0,42.57542327055207,81.0,31.0,181.0,2025,6,27,2
297,2025-07-07,74,1200.0,0.5,700,68.0,99.0,82.0,100.0,100.0,123.0,96.5,24.826061575153915,82.625,31.0,181.0,2025,7,28,3
297,2025-07-28,85,1200.0,0.5,700,68.0,99.0,82.0,74.0,100.0,63.0,84.25,18.73276986103943,78.625,31.0,181.0,2025,7,31,3
297,2025-08-04,51,1200.0,1.0,700,68.0,89.0,88.0,85.0,74.0,100.0,89.75,12.658988901172181,85.25,21.0,177.0,2025,8,32,3
297,2025-08-11,124,1200.0,0.0,700,68.0,69.0,36.0,51.0,85.0,100.0,77.5,20.631690833925056,77.75,1.0,105.0,2025,8,33,3
297,2025-09-01,84,1200.0,0.0,700,68.0,40.0,53.0,124.0,51.0,74.0,83.5,30.490435658853205,90.0,-28.0,93.0,2025,9,36,3
297,2025-09-08,147,1200.0,0.0,700,68.0,40.0,53.0,84.0,124.0,85.0,86.0,29.855206134497443,85.125,-28.0,93.0,2025,9,37,3
297,2025-09-29,113,1200.0,0.5,700,68.0,45.0,95.0,147.0,84.0,51.0,101.5,42.55584566190643,95.625,-23.0,140.0,2025,9,40,3
297,2025-10-06,66,1200.0,0.5,700,68.0,137.0,52.0,113.0,147.0,124.0,117.0,26.1661358757205,97.25,69.0,189.0,2025,10,41,4
297,2025-10-27,93,1200.0,0.5,700,68.0,15.0,5.0,66.0,113.0,84.0,102.5,35.425979167836715,93.0,-53.0,20.0,2025,10,44,4
297,2025-11-03,54,1200.0,0.0,700,68.0,15.0,5.0,93.0,66.0,147.0,104.75,34.12110783664565,95.375,-53.0,20.0,2025,11,45,4
297,2025-11-10,85,1200.0,0.0,700,68.0,15.0,5.0,54.0,93.0,113.0,81.5,26.589471600616683,91.5,-53.0,20.0,2025,11,46,4
297,2025-12-01,184,1200.0,0.0,700,68.0,167.0,19.0,85.0,54.0,66.0,74.5,17.748239349298878,95.75,99.0,186.0,2025,12,49,4
297,2025-12-08,44,1200.0,0.4,700,68.0,12.0,84.0,184.0,85.0,93.0,104.0,55.92256551101116,103.25,-56.0,96.0,2025,12,50,4
298,2024-12-30,30,0.0,0.0,1200,0.0,0.0,0.0,0.0,0.0,0.0,0.0,0.0,0.0,0.0,0.0,2024,12,1,4
298,2025-01-06,50,550.0,1.0,1200,90.0,35.0,45.0,30.0,0.0,0.0,30.0,0.0,30.0,-55.0,80.0,2025,1,2,1
298,2025-01-27,41,550.0,0.0,1200,90.0,142.0,54.0,50.0,30.0,0.0,40.0,14.142135623730951,40.0,52.0,196.0,2025,1,5,1
298,2025-02-03,196,550.0,0.0,1200,90.0,172.0,82.0,41.0,50.0,0.0,40.333333333333336,10.016652800877813,40.333333333333336,82.0,254.0,2025,2,6,1
298,2025-02-10,120,550.0,0.4,1200,90.0,244.0,42.0,196.0,41.0,30.0,79.25,78.26184681354425,79.25,154.0,286.0,2025,2,7,1
298,2025-02-24,56,550.0,0.0,1200,90.0,244.0,42.0,120.0,196.0,50.0,101.75,72.07577031615179,87.4,154.0,286.0,2025,2,9,1
298,2025-03-03,39,550.0,1.0,1200,90.0,244.0,42.0,56.0,120.0,41.0,103.25,70.68887229731895,82.16666666666667,154.0,286.0,2025,3,10,1
298,2025-03-10,140,550.0,0.0,1200,90.0,205.0,34.0,39.0,56.0,196.0,102.75,71.28054900649032,76.0,115.0,239.0,2025,3,11,1
298,2025-03-31,218,550.0,0.5,1200,90.0,61.0,99.0,140.0,39.0,120.0,88.75,48.821955443563844,84.0,-29.0,160.0,2025,3,14,1
298,2025-04-07,41,550.0,0.25,1200,90.0,117.0,85.0,218.0,140.0,56.0,113.25,82.62112320708307,107.5,27.0,202.0,2025,4,15,2
298,2025-05-05,145,550.0,1.0,1200,90.0,241.0,79.0,41.0,218.0,39.0,109.5,86.34234187233979,106.375,151.0,320.0,2025,5,19,2
298,2025-05-12,27,550.0,0.25,1200,90.0,175.0,9.0,145.0,41.0,140.0,136.0,72.6773692424265,119.375,85.0,184.0,2025,5,20,2
298,2025-05-26,25,550.0,1.0,1200,90.0,175.0,9.0,27.0,145.0,218.0,107.75,90.40418500637384,98.25,85.0,184.0,2025,5,22,2
298,2025-06-02,164,550.0,0.0,1200,90.0,175.0,9.0,25.0,27.0,41.0,59.5,57.44272509784565,86.375,85.0,184.0,2025,6,23,2
298,2025-06-09,142,550.0,1.0,1200,90.0,175.0,9.0,164.0,25.0,145.0,90.25,74.59836906170716,99.875,85.0,184.0,2025,6,24,2
298,2025-06-30,153,550.0,1.0,1200,90.0,250.0,92.0,142.0,164.0,27.0,89.5,73.87602227155078,112.75,160.0,342.0,2025,6,27,2
298,2025-07-07,79,550.0,0.3333333333333333,1200,90.0,96.0,40.0,153.0,142.0,25.0,121.0,64.62713568360172,114.375,6.0,136.0,2025,7,28,3
298,2025-07-28,57,550.0,0.0,1200,90.0,96.0,40.0,79.0,153.0,164.0,134.5,38.074488396650416,97.0,6.0,136.0,2025,7,31,3
298,2025-08-11,130,550.0,0.0,1200,90.0,111.0,48.0,57.0,79.0,142.0,107.75,46.984926660933866,99.0,21.0,159.0,2025,8,33,3
298,2025-09-01,196,550.0,0.0,1200,90.0,108.0,27.0,130.0,57.0,153.0,104.75,44.37998798257311,97.125,18.0,135.0,2025,9,36,3
298,2025-09-08,45,550.0,0.5,1200,90.0,43.0,82.0,196.0,130.0,79.0,115.5,61.765686266729034,118.25,-47.0,125.0,2025,9,37,3
298,2025-09-29,81,550.0,0.0,1200,90.0,70.0,26.0,45.0,196.0,57.0,107.0,70.22345287247938,120.75,-20.0,96.0,2025,9,40,3
298,2025-10-06,105,550.0,1.0,1200,90.0,70.0,26.0,81.0,45.0,130.0,113.0,65.38603316713235,110.375,-20.0,96.0,2025,10,41,4
298,2025-11-03,84,550.0,0.3333333333333333,1200,90.0,38.0,49.0,105.0,81.0,196.0,106.75,64.40690956721957,105.75,-52.0,87.0,2025,11,45,4
298,2025-12-01,55,550.0,0.6666666666666666,1200,90.0,227.0,88.0,84.0,105.0,45.0,78.75,24.904818810824544,97.125,137.0,315.0,2025,12,49,4
298,2025-12-08,148,550.0,0.0,1200,90.0,227.0,88.0,55.0,84.0,81.0,81.25,20.5,94.125,137.0,315.0,2025,12,50,4
299,2024-12-30,81,0.0,0.0,250,0.0,0.0,0.0,0.0,0.0,0.0,0.0,0.0,0.0,0.0,0.0,2024,12,1,4
299,2025-01-06,78,850.0,0.5,250,35.0,0.0,0.0,81.0,0.0,0.0,81.0,0.0,81.0,0.0,0.0,2025,1,2,1
299,2025-01-27,59,850.0,0.0,250,35.0,106.0,37.0,78.0,81.0,0.0,79.5,2.1213203435596424,79.5,71.0,143.0,2025,1,5,1
299,2025-02-03,126,850.0,0.0,250,35.0,106.0,37.0,59.0,78.0,0.0,72.66666666666667,11.930353445448855,72.66666666666667,71.0,143.0,2025,2,6,1
299,2025-02-10,23,850.0,0.25,250,35.0,103.0,78.0,126.0,59.0,81.0,86.0,28.39013913315678,86.0,68.0,181.0,2025,2,7,1
299,2025-02-24,70,850.0,0.0,250,35.0,103.0,78.0,23.0,126.0,78.0,71.5,42.899106439800505,73.4,68.0,181.0,2025,2,9,1
299,2025-03-03,137,850.0,1.0,250,35.0,103.0,78.0,70.0,23.0,59.0,69.5,42.680987180086014,72.83333333333333,68.0,181.0,2025,3,10,1
299,2025-03-10,26,850.0,0.25,250,35.0,21.0,33.0,137.0,70.0,126.0,89.0,52.88351980217151,82.0,-14.0,54.0,2025,3,11,1
299,2025-03-31,117,850.0,0.0,250,35.0,97.0,66.0,26.0,137.0,23.0,64.0,53.19774431308154,75.0,62.0,163.0,2025,3,14,1
299,2025-04-07,97,850.0,0.6666666666666666,250,35.0,61.0,71.0,117.0,26.0,70.0,87.5,49.695740930855095,79.5,26.0,132.0,2025,4,15,2
299,2025-04-28,150,850.0,0.5,250,35.0,61.0,71.0,97.0,117.0,137.0,94.25,48.341665948399694,81.875,26.0,132.0,2025,4,18,2
299,2025-05-05,127,850.0,1.0,250,35.0,61.0,71.0,150.0,97.0,26.0,97.5,52.43726410356157,93.25,26.0,132.0,2025,5,19,2
299,2025-05-12,68,850.0,0.0,250,35.0,157.0,38.0,127.0,150.0,117.0,122.75,22.035955466766886,93.375,122.0,195.0,2025,5,20,2
299,2025-06-02,146,850.0,1.0,250,35.0,19.0,26.0,68.0,127.0,97.0,110.5,35.68846685788935,99.0,-16.0,45.0,2025,6,23,2
299,2025-06-09,94,850.0,0.3333333333333333,250,35.0,242.0,92.0,146.0,68.0,150.0,122.75,37.85388575386504,108.5,207.0,334.0,2025,6,24,2
299,2025-06-30,176,850.0,0.5,250,35.0,242.0,92.0,94.0,146.0,127.0,108.75,34.635001563928554,103.125,207.0,334.0,2025,6,27,2
299,2025-07-07,111,850.0,0.2,250,35.0,163.0,96.0,176.0,94.0,68.0,121.0,48.948953002081666,121.875,128.0,259.0,2025,7,28,3
299,2025-07-28,151,850.0,0.25,250,35.0,63.0,93.0,111.0,176.0,146.0,131.75,36.59121023779709,121.125,28.0,156.0,2025,7,31,3
299,2025-08-04,64,850.0,0.3333333333333333,250,35.0,91.0,26.0,151.0,111.0,94.0,133.0,37.31844941401862,127.875,56.0,117.0,2025,8,32,3
299,2025-08-11,126,850.0,0.0,250,35.0,135.0,73.0,64.0,151.0,176.0,125.5,48.96597458099519,117.125,100.0,208.0,2025,8,33,3
299,2025-09-01,127,850.0,0.5,250,35.0,135.0,73.0,126.0,64.0,111.0,113.0,36.59690332983562,117.0,100.0,208.0,2025,9,36,3
299,2025-09-08,90,850.0,0.0,250,35.0,135.0,73.0,127.0,126.0,151.0,117.0,37.17526059088221,124.375,100.0,208.0,2025,9,37,3
299,2025-09-29,120,850.0,0.5,250,35.0,133.0,48.0,90.0,127.0,64.0,101.75,30.489069079480494,117.375,98.0,181.0,2025,9,40,3
299,2025-10-06,25,850.0,0.3333333333333333,250,35.0,160.0,65.0,120.0,90.0,126.0,115.75,17.442763542512413,120.625,125.0,225.0,2025,10,41,4
299,2025-10-27,25,850.0,0.0,250,35.0,160.0,65.0,25.0,120.0,127.0,90.5,46.52239604033023,101.75,125.0,225.0,2025,10,44,4
299,2025-11-03,33,850.0,0.0,250,35.0,204.0,50.0,25.0,25.0,90.0,65.0,47.78423728943817,91.0,169.0,254.0,2025,11,45,4
299,2025-11-10,62,850.0,1.0,250,35.0,180.0,86.0,33.0,25.0,120.0,50.75,46.32044185166343,76.25,145.0,266.0,2025,11,46,4
299,2025-12-01,182,850.0,0.0,250,35.0,11.0,73.0,62.0,33.0,25.0,36.25,17.57602533756328,76.0,-24.0,84.0,2025,12,49,4
299,2025-12-08,49,850.0,0.25,250,35.0,188.0,8.0,182.0,62.0,25.0,75.5,72.75758837857855,83.0,153.0,196.0,2025,12,50,4
300,2024-12-30,13,0.0,0.0,550,0.0,0.0,0.0,0.0,0.0,0.0,0.0,0.0,0.0,0.0,0.0,2024,12,1,4
300,2025-01-06,234,1200.0,0.0,550,45.0,0.0,0.0,13.0,0.0,0.0,13.0,0.0,13.0,0.0,0.0,2025,1,2,1
300,2025-01-27,93,1200.0,0.2,550,45.0,0.0,0.0,234.0,13.0,0.0,123.5,156.27059864222701,123.5,0.0,0.0,2025,1,5,1
300,2025-02-03,163,1200.0,0.5,550,45.0,132.0,83.0,93.0,234.0,0.0,113.33333333333333,111.89429535652536,113.33333333333333,87.0,215.0,2025,2,6,1
300,2025-02-10,64,1200.0,0.25,550,45.0,125.0,6.0,163.0,93.0,13.0,125.75,94.67620257136073,125.75,80.0,131.0,2025,2,7,1
300,2025-02-24,88,1200.0,0.0,550,45.0,176.0,1.0,64.0,163.0,234.0,138.5,76.02850342689466,113.4,131.0,177.0,2025,2,9,1
300,2025-03-03,38,1200.0,1.0,550,45.0,176.0,1.0,88.0,64.0,93.0,102.0,42.59107887809371,109.16666666666667,131.0,177.0,2025,3,10,1
300,2025-03-10,46,1200.0,1.0,550,45.0,176.0,1.0,38.0,88.0,163.0,88.25,53.85396921304873,99.0,131.0,177.0,2025,3,11,1
300,2025-03-31,95,1200.0,0.0,550,45.0,25.0,8.0,46.0,38.0,64.0,59.0,22.18107301281883,92.375,-20.0,33.0,2025,3,14,1
300,2025-04-07,104,1200.0,0.0,550,45.0,25.0,8.0,95.0,46.0,88.0,66.75,28.906458332582584,102.625,-20.0,33.0,2025,4,15,2
300,2025-04-28,52,1200.0,0.25,550,45.0,25.0,8.0,104.0,95.0,38.0,70.75,33.559648389099664,86.375,-20.0,33.0,2025,4,18,2
300,2025-05-05,174,1200.0,0.0,550,45.0,62.0,63.0,52.0,104.0,46.0,74.25,29.48869840012158,81.25,17.0,125.0,2025,5,19,2
300,2025-05-26,89,1200.0,0.0,550,45.0,171.0,34.0,174.0,52.0,95.0,106.25,50.54618350248282,82.625,126.0,205.0,2025,5,22,2
300,2025-06-02,90,1200.0,1.0,550,45.0,171.0,34.0,89.0,174.0,104.0,104.75,51.07755541004939,85.75,126.0,205.0,2025,6,23,2
300,2025-06-09,109,1200.0,0.0,550,45.0,53.0,3.0,90.0,89.0,52.0,101.25,51.62283086645545,86.0,8.0,56.0,2025,6,24,2
300,2025-06-30,190,1200.0,0.3333333333333333,550,45.0,188.0,42.0,109.0,90.0,174.0,115.5,40.07077072713558,94.875,143.0,230.0,2025,6,27,2
300,2025-07-07,130,1200.0,0.3333333333333333,550,45.0,49.0,97.0,190.0,109.0,89.0,119.5,47.89224015084976,112.875,4.0,146.0,2025,7,28,3
300,2025-07-28,52,1200.0,0.3333333333333333,550,45.0,49.0,97.0,130.0,190.0,90.0,129.75,43.361849591547625,117.25,4.0,146.0,2025,7,31,3
300,2025-08-04,74,1200.0,0.0,550,45.0,127.0,18.0,52.0,130.0,109.0,120.25,56.99342067291626,110.75,82.0,145.0,2025,8,32,3
300,2025-09-01,153,1200.0,0.0,550,45.0,16.0,57.0,74.0,52.0,190.0,111.5,61.78187436457394,113.5,-29.0,73.0,2025,9,36,3
300,2025-09-08,131,1200.0,0.25,550,45.0,108.0,97.0,153.0,74.0,130.0,102.25,47.14781719938544,110.875,63.0,205.0,2025,9,37,3
300,2025-09-29,95,1200.0,0.0,550,45.0,223.0,13.0,131.0,153.0,52.0,102.5,47.34624237113929,116.125,178.0,236.0,2025,9,40,3
300,2025-10-06,217,1200.0,0.0,550,45.0,17.0,93.0,95.0,131.0,74.0,113.25,35.44361719689455,116.75,-28.0,110.0,2025,10,41,4
300,2025-11-03,193,1200.0,0.6,550,45.0,106.0,54.0,217.0,95.0,153.0,149.0,51.25101625008684,130.25,61.0,160.0,2025,11,45,4
300,2025-11-10,26,1200.0,0.6,550,45.0,199.0,46.0,193.0,217.0,131.0,159.0,55.976185412488874,130.625,154.0,245.0,2025,11,46,4
300,2025-12-01,137,1200.0,0.0,550,45.0,199.0,46.0,26.0,193.0,95.0,132.75,88.59787431611062,117.625,154.0,245.0,2025,12,49,4
300,2025-12-08,185,1200.0,0.25,550,45.0,132.0,93.0,137.0,26.0,217.0,143.25,85.0504752093328,128.25,87.0,225.0,2025,12,50,4
